"p_val","avg_log2FC","pct.1","pct.2","p_val_adj","gene","stage","reference","specificity","n_donors","donors_positive","donor_support","median_donor_effect"
8.44139319591955e-56,4.28322092123812,0.672,0.079,2.8310744500475e-51,"DLX5","identity","migrating+mature",0.593,NA,NA,NA,NA
2.72149224675871e-54,5.18395150540624,0.613,0.038,9.12734069717938e-50,"DLX1","identity","migrating+mature",0.575,NA,NA,NA,NA
1.7502056349434e-49,2.32005036073522,0.85,0.522,5.86983965847319e-45,"SIX3","identity","migrating+mature",0.328,NA,NA,NA,NA
1.69520762084892e-47,3.27800220451783,1,1,5.68538731880312e-43,"GNRH1","identity","migrating+mature",0,NA,NA,NA,NA
2.53011198273413e-45,4.72420901173914,0.551,0.038,8.48548956769373e-41,"DLX6-AS1","identity","migrating+mature",0.513,NA,NA,NA,NA
6.76833820696946e-45,6.00632908845653,0.516,0.022,2.26996526785342e-40,"RASD1","identity","migrating+mature",0.494,NA,NA,NA,NA
2.42014398149525e-43,4.12156954354203,0.548,0.051,8.11667888513877e-39,"DLX2","identity","migrating+mature",0.497,NA,NA,NA,NA
6.57238013932968e-42,1.88955447841028,0.874,0.62,2.20424485112839e-37,"VCAN","identity","migrating+mature",0.254,NA,NA,NA,NA
1.40148499862062e-40,3.30944916857804,0.572,0.079,4.70030038837384e-36,"GAD2","identity","migrating+mature",0.493,NA,NA,NA,NA
1.91011235742909e-37,3.830008386434,0.496,0.044,6.40613482434569e-33,"DLX6","identity","migrating+mature",0.452,NA,NA,NA,NA
9.93124607387768e-37,3.15947495036401,0.534,0.073,3.3307413082571e-32,"ARX","identity","migrating+mature",0.461,NA,NA,NA,NA
1.73599380243477e-34,1.62107838970015,0.815,0.43,5.82217601460573e-30,"LINC01551","identity","migrating+mature",0.385,NA,NA,NA,NA
3.48359202697145e-31,2.69636911263266,0.528,0.108,1.16832709400568e-26,"RALYL","identity","migrating+mature",0.42,NA,NA,NA,NA
4.04014424518995e-31,1.26182289218448,0.933,0.908,1.35498357695181e-26,"TLE4","identity","migrating+mature",0.025,NA,NA,NA,NA
1.67064062235234e-30,3.47768420699549,0.481,0.082,5.60299451924527e-26,"MEF2C","identity","migrating+mature",0.399,NA,NA,NA,NA
8.96963804431686e-30,3.32375457774615,0.463,0.076,3.00823720730299e-25,"ECEL1","identity","migrating+mature",0.387,NA,NA,NA,NA
1.73804800896296e-29,1.19787931772744,0.933,0.839,5.82906541245997e-25,"MEST","identity","migrating+mature",0.0940000000000001,NA,NA,NA,NA
1.32077534799762e-27,3.12222385011681,0.431,0.06,4.42961636211441e-23,"ISL1","identity","migrating+mature",0.371,NA,NA,NA,NA
7.98574361075882e-27,3.48384168296848,0.425,0.07,2.67825869217629e-22,"LINC01833","identity","migrating+mature",0.355,NA,NA,NA,NA
1.31244910448644e-26,1.37269777595633,0.809,0.509,4.40169180662663e-22,"FOXG1","identity","migrating+mature",0.3,NA,NA,NA,NA
1.77556434254062e-26,4.79394296396285,0.37,0.035,5.95488769201273e-22,"SCGN","identity","migrating+mature",0.335,NA,NA,NA,NA
3.38848135270269e-25,0.409776491448577,1,1,1.13642887606943e-20,"MAP1B","identity","migrating+mature",0,NA,NA,NA,NA
5.45141528134454e-23,1.96839984024415,0.557,0.193,1.82829565705733e-18,"RND3","identity","migrating+mature",0.364,NA,NA,NA,NA
2.78750422624472e-21,4.01436117546621,0.293,0.019,9.34873167397954e-17,"C11orf96","identity","migrating+mature",0.274,NA,NA,NA,NA
3.90339358443726e-21,0.635736280074056,0.979,0.968,1.30912014034857e-16,"CKB","identity","migrating+mature",0.011,NA,NA,NA,NA
2.96388064191422e-19,1.36281229600899,0.727,0.443,9.94026289685192e-15,"GRIA2","identity","migrating+mature",0.284,NA,NA,NA,NA
8.51964932975034e-19,3.51982676321901,0.287,0.032,2.85731999221167e-14,"SLC32A1","identity","migrating+mature",0.255,NA,NA,NA,NA
3.14725265648478e-18,3.37066588081056,0.287,0.035,1.05552559593187e-13,"FGF19","identity","migrating+mature",0.252,NA,NA,NA,NA
1.32555543290129e-17,2.03629845629018,0.334,0.06,4.44564781086433e-13,"SEMA3C","identity","migrating+mature",0.274,NA,NA,NA,NA
4.12382500333967e-17,3.57284979337889,0.267,0.032,1.38304842962006e-12,"SOX1","identity","migrating+mature",0.235,NA,NA,NA,NA
4.17434824970051e-17,3.34429951773583,0.264,0.028,1.39999291598456e-12,"SP8","identity","migrating+mature",0.236,NA,NA,NA,NA
1.41966449615063e-16,3.36929146719387,0.273,0.038,4.76127078718997e-12,"UNC5D","identity","migrating+mature",0.235,NA,NA,NA,NA
4.60355887624924e-16,2.94876377864089,0.267,0.038,1.54394157591647e-11,"NTRK1","identity","migrating+mature",0.229,NA,NA,NA,NA
4.62339181110571e-16,4.1417742516606,0.243,0.025,1.55059314560863e-11,"FGF3","identity","migrating+mature",0.218,NA,NA,NA,NA
6.48283510104229e-16,4.7613694813896,0.214,0.013,2.17421323618756e-11,"SP9","identity","migrating+mature",0.201,NA,NA,NA,NA
2.43179647577634e-15,2.9794994708322,0.264,0.041,8.15575902045868e-11,"UTRN","identity","migrating+mature",0.223,NA,NA,NA,NA
3.91237762737895e-15,0.715292703659569,0.93,0.896,1.31213320867035e-10,"ZFHX3","identity","migrating+mature",0.034,NA,NA,NA,NA
6.53563299459801e-15,0.730733652485172,0.959,0.924,2.19192059372828e-10,"NEFL","identity","migrating+mature",0.0349999999999999,NA,NA,NA,NA
8.12988686202145e-15,2.38267499359404,0.273,0.047,2.72660145578475e-10,"RBFOX1","identity","migrating+mature",0.226,NA,NA,NA,NA
1.35156704913668e-14,3.08658049144901,0.249,0.038,4.5328855693946e-10,"AJAP1","identity","migrating+mature",0.211,NA,NA,NA,NA
3.77688282510469e-14,1.74815794222208,0.419,0.158,1.26669096188361e-09,"HCRT","identity","migrating+mature",0.261,NA,NA,NA,NA
4.9037415911684e-14,1.70340324278872,0.419,0.165,1.64461685484606e-09,"SYBU","identity","migrating+mature",0.254,NA,NA,NA,NA
6.85387632606e-14,2.59643772037815,0.273,0.06,2.298653042234e-09,"SPOCK1","identity","migrating+mature",0.213,NA,NA,NA,NA
9.88292796071629e-14,1.75545146034545,0.387,0.139,3.31453637946503e-09,"ALCAM","identity","migrating+mature",0.248,NA,NA,NA,NA
1.2181240985904e-13,3.66626451396386,0.191,0.013,4.08534460185247e-09,"NXPH1","identity","migrating+mature",0.178,NA,NA,NA,NA
2.45748543146007e-13,1.94061410222239,0.443,0.206,8.24191464003077e-09,"DLK1","identity","migrating+mature",0.237,NA,NA,NA,NA
2.09920105256768e-12,4.586618912755,0.167,0.009,7.04030049010149e-08,"SLITRK6","identity","migrating+mature",0.158,NA,NA,NA,NA
6.00872209095408e-12,2.09899070008091,0.331,0.114,2.01520521486418e-07,"RAB31","identity","migrating+mature",0.217,NA,NA,NA,NA
9.23053918898014e-12,0.30213270118761,0.994,0.997,3.09573823320016e-07,"PSMA7","identity","migrating+mature",-0.003,NA,NA,NA,NA
1.58571642538479e-11,0.514845943992007,0.956,0.946,5.31817574745549e-07,"PPP1R14B","identity","migrating+mature",0.01,NA,NA,NA,NA
2.45638273068464e-11,0.762958620981672,0.798,0.655,8.23821640217014e-07,"AES","identity","migrating+mature",0.143,NA,NA,NA,NA
2.9014281983442e-11,2.65133824878591,0.188,0.025,9.73080989160676e-07,"VWC2","identity","migrating+mature",0.163,NA,NA,NA,NA
3.50310043099693e-11,1.6514003078648,0.39,0.177,1.17486982254775e-06,"FUT8","identity","migrating+mature",0.213,NA,NA,NA,NA
3.70311117514013e-11,1.34123874376623,0.472,0.241,1.2419494259185e-06,"NOS1AP","identity","migrating+mature",0.231,NA,NA,NA,NA
3.88837519045587e-11,1.11419733195595,0.645,0.424,1.30408327137509e-06,"NES","identity","migrating+mature",0.221,NA,NA,NA,NA
4.39648937405827e-11,0.596702654010953,0.959,0.968,1.47449460627166e-06,"SYT1","identity","migrating+mature",-0.00900000000000001,NA,NA,NA,NA
4.43720651709512e-11,0.3520652860686,0.977,0.984,1.48815032170336e-06,"PAFAH1B3","identity","migrating+mature",-0.00700000000000001,NA,NA,NA,NA
7.96548394729785e-11,1.25816857769392,0.457,0.225,2.67146400624475e-06,"LINC00461","identity","migrating+mature",0.232,NA,NA,NA,NA
9.24503836655923e-11,1.2157883424361,0.581,0.392,3.10060096737663e-06,"GRID2","identity","migrating+mature",0.189,NA,NA,NA,NA
9.41599941663708e-11,2.67471607736127,0.194,0.032,3.15793788435174e-06,"SOX2","identity","migrating+mature",0.162,NA,NA,NA,NA
1.7582728465638e-10,1.26870191464058,0.413,0.19,5.89689547280568e-06,"NMU","identity","migrating+mature",0.223,NA,NA,NA,NA
2.21498362695465e-10,2.21878734715648,0.261,0.076,7.4286120880805e-06,"CMBL","identity","migrating+mature",0.185,NA,NA,NA,NA
2.33666729308624e-10,0.830579700357439,0.789,0.677,7.83671476755262e-06,"ID4","identity","migrating+mature",0.112,NA,NA,NA,NA
8.99043694610261e-10,1.06668326507417,0.575,0.367,3.0152127429839e-05,"POU3F2","identity","migrating+mature",0.208,NA,NA,NA,NA
9.34435614045525e-10,1.45898566684105,0.367,0.165,3.13391016238588e-05,"LHFPL6","identity","migrating+mature",0.202,NA,NA,NA,NA
9.35056082115135e-10,2.91490099624942,0.15,0.016,3.13599108819774e-05,"FAT4","identity","migrating+mature",0.134,NA,NA,NA,NA
1.20517286745526e-09,2.03918519362654,0.202,0.044,4.04190876287144e-05,"CPNE2","identity","migrating+mature",0.158,NA,NA,NA,NA
1.71005541178241e-09,0.701574608433374,0.686,0.475,5.73518384003584e-05,"COTL1","identity","migrating+mature",0.211,NA,NA,NA,NA
3.71268817969824e-09,0.994388125950073,0.569,0.37,0.00012451613617072,"LY6H","identity","migrating+mature",0.199,NA,NA,NA,NA
7.89585674313986e-09,0.609543891933007,0.792,0.677,0.000264811243451425,"PPP1R1A","identity","migrating+mature",0.115,NA,NA,NA,NA
1.65447293346458e-08,1.07033792452673,0.431,0.225,0.000554877132425352,"EFNB2","identity","migrating+mature",0.206,NA,NA,NA,NA
3.00104906228605e-08,3.3065165059326,0.123,0.013,0.0010064918345095,"GABRB2","identity","migrating+mature",0.11,NA,NA,NA,NA
4.74862831014957e-08,0.725997361031705,0.754,0.642,0.00159259496265796,"ETFB","identity","migrating+mature",0.112,NA,NA,NA,NA
6.51202758406626e-08,1.38372854948905,0.334,0.158,0.00218400381114414,"RGS2","identity","migrating+mature",0.176,NA,NA,NA,NA
7.72164387822604e-08,2.21700246888549,0.199,0.06,0.00258968492387945,"SHC3","identity","migrating+mature",0.139,NA,NA,NA,NA
1.14861543441282e-07,0.787645021459573,0.639,0.494,0.00385222644393372,"EEF1A2","identity","migrating+mature",0.145,NA,NA,NA,NA
1.2479984673086e-07,0.681817989477046,0.771,0.671,0.00418553725965958,"PRKACB","identity","migrating+mature",0.1,NA,NA,NA,NA
1.72109856422576e-07,2.70176158177406,0.126,0.019,0.00577222036470037,"SLC35F4","identity","migrating+mature",0.107,NA,NA,NA,NA
1.88252100693441e-07,1.34862934033583,0.349,0.184,0.00631359895305664,"TTYH1","identity","migrating+mature",0.165,NA,NA,NA,NA
1.984804022667e-07,1.18511875285438,0.396,0.222,0.0066566357312206,"VGF","identity","migrating+mature",0.174,NA,NA,NA,NA
2.00214005408076e-07,0.460869554240772,0.862,0.804,0.00671477731337604,"TMEM167A","identity","migrating+mature",0.0579999999999999,NA,NA,NA,NA
2.07933472943109e-07,0.369934660791883,0.956,0.889,0.006973672815566,"MGST3","identity","migrating+mature",0.067,NA,NA,NA,NA
2.42008998854459e-07,1.70170912253067,0.208,0.07,0.00811649780358084,"CDH4","identity","migrating+mature",0.138,NA,NA,NA,NA
3.49924240855208e-07,2.22475733250983,0.155,0.038,0.011735759189802,"CDK6","identity","migrating+mature",0.117,NA,NA,NA,NA
3.97349493368144e-07,0.784140404997198,0.513,0.329,0.0133263073085808,"SETBP1","identity","migrating+mature",0.184,NA,NA,NA,NA
4.33833860162561e-07,1.71242586016257,0.273,0.123,0.014549920002132,"PRKCB","identity","migrating+mature",0.15,NA,NA,NA,NA
5.16232874892893e-07,0.343400563523361,0.968,0.953,0.0173134181581578,"TXN","identity","migrating+mature",0.015,NA,NA,NA,NA
6.29932123532393e-07,0.819183113829516,0.704,0.636,0.0211266635590294,"PBX3","identity","migrating+mature",0.068,NA,NA,NA,NA
6.87794978257342e-07,3.1826840474551,0.117,0.019,0.0230672679807947,"GRIN2B","identity","migrating+mature",0.098,NA,NA,NA,NA
1.19311764978402e-06,0.742707704102223,0.833,0.756,0.0400147797384565,"VIM","identity","migrating+mature",0.077,NA,NA,NA,NA
1.30060539896228e-06,0.885220805515545,0.56,0.421,0.0436197038703971,"SLCO3A1","identity","migrating+mature",0.139,NA,NA,NA,NA
1.36126130935396e-06,1.91930692386047,0.235,0.101,0.045653981793113,"BTBD17","identity","migrating+mature",0.134,NA,NA,NA,NA
1.43274346386104e-06,1.2563729650778,0.311,0.165,0.0480513502909715,"AC007938.3","identity","migrating+mature",0.146,NA,NA,NA,NA
1.89454542980763e-06,1.70619361800112,0.167,0.051,0.0635392646248884,"RASGEF1B","identity","migrating+mature",0.116,NA,NA,NA,NA
2.14562032518467e-06,0.303338634890854,0.918,0.899,0.0719598144660436,"FEZ1","identity","migrating+mature",0.019,NA,NA,NA,NA
2.3782534645758e-06,1.63989014573235,0.161,0.047,0.0797618646949432,"SH3KBP1","identity","migrating+mature",0.114,NA,NA,NA,NA
2.83473324995661e-06,1.70028489173609,0.191,0.07,0.0950712837370449,"TIAM2","identity","migrating+mature",0.121,NA,NA,NA,NA
4.95049320487193e-06,0.254605472240846,0.991,0.997,0.166029641104995,"PPDPF","identity","migrating+mature",-0.006,NA,NA,NA,NA
6.08988908797358e-06,1.03488522228131,0.372,0.222,0.204242700232458,"FAT3","identity","migrating+mature",0.15,NA,NA,NA,NA
6.17372128286033e-06,1.13900209734016,0.32,0.177,0.20705426438457,"GADD45G","identity","migrating+mature",0.143,NA,NA,NA,NA
7.50527741981353e-06,0.767310685201177,0.516,0.373,0.251711994105706,"BCL11A","identity","migrating+mature",0.143,NA,NA,NA,NA
7.82825850694979e-06,1.47505262860408,0.229,0.101,0.262544133806082,"CRABP2","identity","migrating+mature",0.128,NA,NA,NA,NA
7.99749064330058e-06,2.58847635739947,0.114,0.025,0.268219841195015,"TMEM74B","identity","migrating+mature",0.089,NA,NA,NA,NA
9.0766448220608e-06,1.97475070192539,0.126,0.032,0.304412514042275,"SERTAD4","identity","migrating+mature",0.094,NA,NA,NA,NA
9.49686808885814e-06,0.798384030582274,0.24,0.104,0.318505961964124,"TMEFF2","identity","migrating+mature",0.136,NA,NA,NA,NA
1.36178631739919e-05,0.622200800558294,0.569,0.418,0.456715895129341,"FAAP20","identity","migrating+mature",0.151,NA,NA,NA,NA
1.43706768205526e-05,0.872940763590846,0.434,0.291,0.481963759207692,"NRXN3","identity","migrating+mature",0.143,NA,NA,NA,NA
1.50044938416772e-05,0.671455280183484,0.595,0.478,0.503220714462168,"GNAO1","identity","migrating+mature",0.117,NA,NA,NA,NA
1.52589871808363e-05,1.63967947848023,0.144,0.044,0.511755912070888,"TIMP1","identity","migrating+mature",0.1,NA,NA,NA,NA
1.79284730076934e-05,1.85666331542453,0.126,0.035,0.601285127732021,"RGS7BP","identity","migrating+mature",0.091,NA,NA,NA,NA
1.80411982145656e-05,0.631702008417861,0.513,0.358,0.6050657057201,"C18orf32","identity","migrating+mature",0.155,NA,NA,NA,NA
1.87511678136935e-05,1.60323315177998,0.182,0.073,0.628876666135653,"KIF26B","identity","migrating+mature",0.109,NA,NA,NA,NA
1.94857958825158e-05,0.576954410989881,0.645,0.506,0.653514622307814,"PLEKHA5","identity","migrating+mature",0.139,NA,NA,NA,NA
2.09312207811385e-05,0.282362383723457,0.971,0.959,0.701991282557822,"RAC1","identity","migrating+mature",0.012,NA,NA,NA,NA
2.13562417678593e-05,0.471511109156397,0.774,0.687,0.716245636410466,"ATP1B3","identity","migrating+mature",0.087,NA,NA,NA,NA
2.49275189615456e-05,0.251332146532527,0.971,0.953,0.836019130932316,"SUB1","identity","migrating+mature",0.018,NA,NA,NA,NA
2.67374961665866e-05,0.670164368935998,0.589,0.472,0.896722146434982,"ARG2","identity","migrating+mature",0.117,NA,NA,NA,NA
3.76311241231767e-05,0.862357851508333,0.334,0.193,1,"SPINT2","identity","migrating+mature",0.141,NA,NA,NA,NA
4.10752169404683e-05,0.589999431287022,0.584,0.453,1,"ACOT7","identity","migrating+mature",0.131,NA,NA,NA,NA
4.13614712741005e-05,0.266423175539034,0.991,0.987,1,"RPL27A","identity","migrating+mature",0.004,NA,NA,NA,NA
4.40761990357741e-05,2.82460775634833,0.109,0.028,1,"PTTG1","identity","migrating+mature",0.081,NA,NA,NA,NA
4.42671953309052e-05,0.896087107998479,0.375,0.237,1,"IGLON5","identity","migrating+mature",0.138,NA,NA,NA,NA
4.73359151105092e-05,1.74774866882484,0.12,0.035,1,"REPS2","identity","migrating+mature",0.085,NA,NA,NA,NA
5.35443452012065e-05,1.79091418048782,0.152,0.057,1,"SOX6","identity","migrating+mature",0.095,NA,NA,NA,NA
6.85820897201596e-05,0.492597669660377,0.648,0.522,1,"RBM3","identity","migrating+mature",0.126,NA,NA,NA,NA
7.29465270489383e-05,1.09249019254569,0.12,0.035,1,"COL4A6","identity","migrating+mature",0.085,NA,NA,NA,NA
7.38978555382932e-05,1.14610774823888,0.214,0.101,1,"GNAL","identity","migrating+mature",0.113,NA,NA,NA,NA
9.54790172362572e-05,0.90678223372007,0.29,0.161,1,"TCF20","identity","migrating+mature",0.129,NA,NA,NA,NA
0.00010202932633804,1.1853346844255,0.243,0.136,1,"GREB1L","identity","migrating+mature",0.107,NA,NA,NA,NA
0.000103124778007499,1.1408662771069,0.252,0.136,1,"INAFM1","identity","migrating+mature",0.116,NA,NA,NA,NA
0.00010486976541929,0.309087996625221,0.868,0.854,1,"FAM89B","identity","migrating+mature",0.014,NA,NA,NA,NA
0.000112373515162685,0.429364544451985,0.698,0.56,1,"SEPT3","identity","migrating+mature",0.138,NA,NA,NA,NA
0.000129627625962161,1.22820630271439,0.202,0.098,1,"SCRT2","identity","migrating+mature",0.104,NA,NA,NA,NA
0.000148758491911818,0.744607907682986,0.478,0.335,1,"FGF14","identity","migrating+mature",0.143,NA,NA,NA,NA
0.000159517202110584,1.40230508264843,0.117,0.038,1,"SERTAD4-AS1","identity","migrating+mature",0.079,NA,NA,NA,NA
0.000159578771495121,0.908450902798945,0.299,0.171,1,"BACH2","identity","migrating+mature",0.128,NA,NA,NA,NA
0.000193312446663848,1.56897671176125,0.135,0.051,1,"PHLDA3","identity","migrating+mature",0.084,NA,NA,NA,NA
0.000204775979758652,1.12206105511048,0.167,0.073,1,"IRS1","identity","migrating+mature",0.094,NA,NA,NA,NA
0.000243129753850143,0.707592966310326,0.452,0.348,1,"RAPGEF2","identity","migrating+mature",0.104,NA,NA,NA,NA
0.000269649138239492,0.797244625653435,0.413,0.297,1,"NETO2","identity","migrating+mature",0.116,NA,NA,NA,NA
0.00030062367159708,0.376902867836001,0.63,0.516,1,"DCBLD2","identity","migrating+mature",0.114,NA,NA,NA,NA
0.00030947241342282,1.07183289864132,0.352,0.231,1,"TAC1","identity","migrating+mature",0.121,NA,NA,NA,NA
0.000339424568902554,1.18194274706591,0.185,0.089,1,"LINC01201","identity","migrating+mature",0.096,NA,NA,NA,NA
0.000357100454215821,0.730153850354459,0.428,0.316,1,"COPG2","identity","migrating+mature",0.112,NA,NA,NA,NA
0.000370547579037717,0.594441386984068,0.387,0.259,1,"NCOA7","identity","migrating+mature",0.128,NA,NA,NA,NA
0.000412977755522189,1.12121624775469,0.22,0.12,1,"AKR1C2","identity","migrating+mature",0.1,NA,NA,NA,NA
0.000440191373321511,1.17269924687621,0.173,0.085,1,"CAMKV","identity","migrating+mature",0.088,NA,NA,NA,NA
0.000454279243130404,0.791386497243329,0.331,0.212,1,"ARL6IP6","identity","migrating+mature",0.119,NA,NA,NA,NA
0.000470821926631425,1.44613512746676,0.161,0.076,1,"SDK2","identity","migrating+mature",0.085,NA,NA,NA,NA
0.000480749077612359,1.05073890970384,0.252,0.146,1,"TBL1X","identity","migrating+mature",0.106,NA,NA,NA,NA
0.000511892206173451,1.24254768886433,0.138,0.057,1,"SLC10A4","identity","migrating+mature",0.081,NA,NA,NA,NA
0.000527740887415348,1.14764951601289,0.185,0.092,1,"DUSP6","identity","migrating+mature",0.093,NA,NA,NA,NA
0.000550015899959526,1.76842557153768,0.109,0.038,1,"POU3F4","identity","migrating+mature",0.071,NA,NA,NA,NA
0.000593861810481178,0.73080488695801,0.466,0.345,1,"MIR7-3HG","identity","migrating+mature",0.121,NA,NA,NA,NA
0.000595365855331901,0.904232205041416,0.264,0.155,1,"WNK2","identity","migrating+mature",0.109,NA,NA,NA,NA
0.000598620642655856,1.12665970414548,0.196,0.104,1,"CNTN1","identity","migrating+mature",0.092,NA,NA,NA,NA
0.000612413290214896,0.900844391424759,0.202,0.104,1,"SIX3-AS1","identity","migrating+mature",0.098,NA,NA,NA,NA
0.00061731937641041,0.261902371941102,0.915,0.902,1,"SSR2","identity","migrating+mature",0.013,NA,NA,NA,NA
0.000648922814719959,0.868915156076963,0.249,0.142,1,"TWF2","identity","migrating+mature",0.107,NA,NA,NA,NA
0.000691749559851439,0.529207489887371,0.554,0.449,1,"SRRM4","identity","migrating+mature",0.105,NA,NA,NA,NA
0.000694384485299124,1.28441732247184,0.132,0.054,1,"SNTG1","identity","migrating+mature",0.078,NA,NA,NA,NA
0.00070593631414347,0.907115145799771,0.308,0.203,1,"FAM19A5","identity","migrating+mature",0.105,NA,NA,NA,NA
0.000706534561739313,0.68466422222475,0.449,0.335,1,"SEMA6A","identity","migrating+mature",0.114,NA,NA,NA,NA
0.000888043115720716,0.624962545504928,0.548,0.481,1,"HES4","identity","migrating+mature",0.0670000000000001,NA,NA,NA,NA
0.000888080662250679,0.614899710253758,0.455,0.351,1,"NTM","identity","migrating+mature",0.104,NA,NA,NA,NA
0.000891912461325686,0.614532012639062,0.326,0.218,1,"DGKZ","identity","migrating+mature",0.108,NA,NA,NA,NA
0.00090416595534923,0.353096005826886,0.801,0.725,1,"CNN3","identity","migrating+mature",0.0760000000000001,NA,NA,NA,NA
0.00097617275907146,1.02530068051465,0.196,0.104,1,"SPRED3","identity","migrating+mature",0.092,NA,NA,NA,NA
0.000995416463309552,0.268415430699148,0.833,0.775,1,"CAMTA1","identity","migrating+mature",0.0579999999999999,NA,NA,NA,NA
0.00100868661606596,0.462858415188531,0.633,0.566,1,"SSBP2","identity","migrating+mature",0.0670000000000001,NA,NA,NA,NA
0.00100876955386898,1.31761568734384,0.152,0.073,1,"CDH10","identity","migrating+mature",0.079,NA,NA,NA,NA
0.00108106162284259,0.399900666514692,0.792,0.756,1,"PPA1","identity","migrating+mature",0.036,NA,NA,NA,NA
0.00108552322814652,0.739344828483394,0.613,0.554,1,"RBP1","identity","migrating+mature",0.0589999999999999,NA,NA,NA,NA
0.00110862458027527,1.24053149370178,0.144,0.066,1,"SNX18","identity","migrating+mature",0.078,NA,NA,NA,NA
0.0011438543207462,0.792876735487497,0.15,0.07,1,"CDH6","identity","migrating+mature",0.08,NA,NA,NA,NA
0.00119841541446248,0.534759797562558,0.37,0.263,1,"MPST","identity","migrating+mature",0.107,NA,NA,NA,NA
0.00120129310887126,0.597185459310957,0.422,0.307,1,"RUSC1","identity","migrating+mature",0.115,NA,NA,NA,NA
0.00121059084564551,0.413696645473183,0.677,0.623,1,"CXXC4","identity","migrating+mature",0.054,NA,NA,NA,NA
0.00129517386373188,0.302603685232468,0.88,0.867,1,"MARCH6","identity","migrating+mature",0.013,NA,NA,NA,NA
0.00132035398225391,0.250927491059986,0.938,0.937,1,"SCG3","identity","migrating+mature",0.00099999999999989,NA,NA,NA,NA
0.00150197467811719,1.18084362826134,0.173,0.092,1,"KLHL5","identity","migrating+mature",0.081,NA,NA,NA,NA
0.00152171834292801,1.27400674306398,0.12,0.051,1,"KCTD9","identity","migrating+mature",0.069,NA,NA,NA,NA
0.00153649974425688,1.62266049190492,0.132,0.06,1,"LMO3","identity","migrating+mature",0.072,NA,NA,NA,NA
0.00173419226901457,0.720411236103782,0.246,0.146,1,"HECTD2","identity","migrating+mature",0.1,NA,NA,NA,NA
0.0017555045230908,0.765517458653194,0.205,0.114,1,"COL4A2","identity","migrating+mature",0.091,NA,NA,NA,NA
0.00182200456927431,0.613456845697123,0.358,0.247,1,"NQO2","identity","migrating+mature",0.111,NA,NA,NA,NA
0.00186591849522906,0.385776247246218,0.801,0.763,1,"CSRNP3","identity","migrating+mature",0.038,NA,NA,NA,NA
0.00193249915851302,1.28087055509182,0.155,0.079,1,"PDE9A","identity","migrating+mature",0.076,NA,NA,NA,NA
0.00214273327462594,0.493063445596014,0.507,0.402,1,"AKR1C1","identity","migrating+mature",0.105,NA,NA,NA,NA
0.00220950400858502,0.336641640202619,0.824,0.788,1,"LBH","identity","migrating+mature",0.0359999999999999,NA,NA,NA,NA
0.00222315348452285,1.34376869968635,0.138,0.066,1,"TMEM44","identity","migrating+mature",0.072,NA,NA,NA,NA
0.00255310994192145,0.919748293963578,0.205,0.12,1,"ZIC3","identity","migrating+mature",0.085,NA,NA,NA,NA
0.00259756291234654,0.452529707972304,0.504,0.402,1,"DUSP4","identity","migrating+mature",0.102,NA,NA,NA,NA
0.00264469395055151,0.784474849708066,0.296,0.203,1,"GPCPD1","identity","migrating+mature",0.093,NA,NA,NA,NA
0.00266502226433416,0.656278448183734,0.258,0.165,1,"MGAT5","identity","migrating+mature",0.093,NA,NA,NA,NA
0.00268453686851591,1.17284190053634,0.12,0.054,1,"DOCK5","identity","migrating+mature",0.066,NA,NA,NA,NA
0.00279571813768322,0.800762225318215,0.214,0.13,1,"SEMA4D","identity","migrating+mature",0.084,NA,NA,NA,NA
0.00280548006242935,0.295336792640795,0.777,0.699,1,"UPF3A","identity","migrating+mature",0.0780000000000001,NA,NA,NA,NA
0.00315542552280988,0.623423168189787,0.437,0.345,1,"ITGB1BP1","identity","migrating+mature",0.092,NA,NA,NA,NA
0.0035692491891684,0.9072441389397,0.123,0.057,1,"JPH3","identity","migrating+mature",0.066,NA,NA,NA,NA
0.00366966676190179,0.759764675386398,0.282,0.196,1,"NCAN","identity","migrating+mature",0.086,NA,NA,NA,NA
0.00383719513089055,0.908071581672213,0.147,0.076,1,"NUDT14","identity","migrating+mature",0.071,NA,NA,NA,NA
0.00404811952816172,1.52930016860373,0.103,0.044,1,"GAL3ST4","identity","migrating+mature",0.059,NA,NA,NA,NA
0.00410462026529338,0.629152377681315,0.284,0.19,1,"LRFN4","identity","migrating+mature",0.094,NA,NA,NA,NA
0.00415768064189336,0.844352289731327,0.252,0.168,1,"TLE3","identity","migrating+mature",0.084,NA,NA,NA,NA
0.00417693725008785,0.574900380277103,0.455,0.354,1,"SLC12A5","identity","migrating+mature",0.101,NA,NA,NA,NA
0.00422368242920427,1.62415578670692,0.155,0.089,1,"CLSTN2","identity","migrating+mature",0.066,NA,NA,NA,NA
0.00428431710442477,0.587660778047803,0.777,0.851,1,"PPP2R2B","identity","migrating+mature",-0.074,NA,NA,NA,NA
0.00442373366569673,0.784382728106147,0.232,0.149,1,"FAM20C","identity","migrating+mature",0.083,NA,NA,NA,NA
0.0045170045047082,0.583773523715611,0.355,0.259,1,"GPR153","identity","migrating+mature",0.096,NA,NA,NA,NA
0.0047165291040483,1.15331978901032,0.152,0.082,1,"CARMIL1","identity","migrating+mature",0.07,NA,NA,NA,NA
0.00488748037269327,0.859530200900673,0.109,0.047,1,"CAMKMT","identity","migrating+mature",0.062,NA,NA,NA,NA
0.0050409551527077,0.87524670192107,0.158,0.085,1,"ATF5","identity","migrating+mature",0.073,NA,NA,NA,NA
0.00507169232105965,0.318274034084804,0.698,0.636,1,"FAM107B","identity","migrating+mature",0.062,NA,NA,NA,NA
0.00514515877518532,0.705032014223244,0.246,0.158,1,"CD320","identity","migrating+mature",0.088,NA,NA,NA,NA
0.00514939628652824,0.766901703021507,0.191,0.114,1,"RRAGD","identity","migrating+mature",0.077,NA,NA,NA,NA
0.00515537338416436,0.538342209728167,0.279,0.18,1,"ZDHHC2","identity","migrating+mature",0.099,NA,NA,NA,NA
0.00520306168224853,0.845380629644017,0.276,0.193,1,"AFF3","identity","migrating+mature",0.083,NA,NA,NA,NA
0.00552650373464403,0.840424065831334,0.226,0.142,1,"PIP5K1C","identity","migrating+mature",0.084,NA,NA,NA,NA
0.0056982462610328,0.778486327852935,0.279,0.196,1,"ST20","identity","migrating+mature",0.083,NA,NA,NA,NA
0.00572209011479983,0.829716641171421,0.103,0.044,1,"PAG1","identity","migrating+mature",0.059,NA,NA,NA,NA
0.00585063458466145,0.336490918763064,0.745,0.696,1,"AP1S1","identity","migrating+mature",0.049,NA,NA,NA,NA
0.00601623402986602,0.445726795826149,0.525,0.44,1,"PPM1K","identity","migrating+mature",0.085,NA,NA,NA,NA
0.00630723888500048,0.383344912989711,0.569,0.491,1,"NDRG4","identity","migrating+mature",0.078,NA,NA,NA,NA
0.00638601583310444,0.538179739042305,0.355,0.259,1,"SDHB","identity","migrating+mature",0.096,NA,NA,NA,NA
0.00651870653018771,0.566190908328033,0.422,0.316,1,"NRXN2","identity","migrating+mature",0.106,NA,NA,NA,NA
0.00679432130932239,0.809211229922488,0.138,0.073,1,"MYH9","identity","migrating+mature",0.065,NA,NA,NA,NA
0.00695912726472222,0.284232089732608,0.809,0.766,1,"CCDC167","identity","migrating+mature",0.043,NA,NA,NA,NA
0.00709105578975748,0.845702554974127,0.261,0.18,1,"FOXN3","identity","migrating+mature",0.081,NA,NA,NA,NA
0.00741017533228113,1.14877546340752,0.147,0.082,1,"KCNK10","identity","migrating+mature",0.065,NA,NA,NA,NA
0.00752050291219397,0.974405745389561,0.179,0.111,1,"ITPK1","identity","migrating+mature",0.068,NA,NA,NA,NA
0.00752597728470026,1.00118232686158,0.147,0.079,1,"FRAT1","identity","migrating+mature",0.068,NA,NA,NA,NA
0.00754113421942732,0.458285220546621,0.396,0.301,1,"DNM3","identity","migrating+mature",0.095,NA,NA,NA,NA
0.00754952910813695,0.590804152729775,0.252,0.171,1,"PATZ1","identity","migrating+mature",0.081,NA,NA,NA,NA
0.00758442608635249,0.87536959997134,0.188,0.114,1,"LZTS1","identity","migrating+mature",0.074,NA,NA,NA,NA
0.00773473454174968,0.607265621708321,0.252,0.168,1,"SLC25A22","identity","migrating+mature",0.084,NA,NA,NA,NA
0.00796881307892827,0.712637922092814,0.141,0.076,1,"BRI3BP","identity","migrating+mature",0.065,NA,NA,NA,NA
0.00806049569402554,0.887433862583118,0.155,0.089,1,"PTCHD1","identity","migrating+mature",0.066,NA,NA,NA,NA
0.00834401466811912,0.294975591952069,0.754,0.709,1,"CARHSP1","identity","migrating+mature",0.045,NA,NA,NA,NA
0.00842754558453069,0.512254223453379,0.343,0.256,1,"SCRN1","identity","migrating+mature",0.087,NA,NA,NA,NA
0.0086494019461797,0.789334333461326,0.302,0.222,1,"AFF2","identity","migrating+mature",0.08,NA,NA,NA,NA
0.00901999051254457,0.796558142140369,0.249,0.171,1,"FNDC4","identity","migrating+mature",0.078,NA,NA,NA,NA
0.00946206283553692,0.737232411357362,0.238,0.158,1,"TIAM1","identity","migrating+mature",0.08,NA,NA,NA,NA
0.00950669003391926,0.34192774777861,0.642,0.566,1,"EMC7","identity","migrating+mature",0.0760000000000001,NA,NA,NA,NA
0.00956578481259075,0.807319715263459,0.223,0.149,1,"PIGH","identity","migrating+mature",0.074,NA,NA,NA,NA
0.00960874972384742,0.427860018873925,0.598,0.528,1,"CADPS","identity","migrating+mature",0.07,NA,NA,NA,NA
0.00962308060377867,0.485925685154807,0.214,0.136,1,"TSPAN4","identity","migrating+mature",0.078,NA,NA,NA,NA
0.00969170677732155,1.05060668568528,0.111,0.054,1,"ZNF865","identity","migrating+mature",0.057,NA,NA,NA,NA
0.00972648590802534,0.331826211062208,0.692,0.674,1,"PAPSS1","identity","migrating+mature",0.0179999999999999,NA,NA,NA,NA
0.00988078406388601,0.774919307274788,0.235,0.158,1,"BAIAP2","identity","migrating+mature",0.077,NA,NA,NA,NA
0.0099084242810446,0.555635700459431,0.419,0.335,1,"KCNQ2","identity","migrating+mature",0.084,NA,NA,NA,NA
0.0100721021452318,0.746700715701351,0.29,0.212,1,"GPN3","identity","migrating+mature",0.078,NA,NA,NA,NA
0.0100824917956017,0.256125014601763,0.754,0.747,1,"MIAT","identity","migrating+mature",0.00700000000000001,NA,NA,NA,NA
0.0103599277761629,0.389414550374074,0.604,0.528,1,"TMEM219","identity","migrating+mature",0.076,NA,NA,NA,NA
0.0107198850162383,0.785811704012426,0.214,0.139,1,"LRRC26","identity","migrating+mature",0.075,NA,NA,NA,NA
0.010810487358178,1.40829541710893,0.103,0.051,1,"WDR89","identity","migrating+mature",0.052,NA,NA,NA,NA
0.0110614235245737,1.07949805888295,0.123,0.066,1,"SEZ6L","identity","migrating+mature",0.057,NA,NA,NA,NA
0.0110668244056673,0.270350268510063,0.716,0.671,1,"HRAS","identity","migrating+mature",0.0449999999999999,NA,NA,NA,NA
0.0111041594662083,1.43841429750342,0.106,0.054,1,"ASCL1","identity","migrating+mature",0.052,NA,NA,NA,NA
0.0113271094139524,0.258830222961578,0.733,0.652,1,"RAB1A","identity","migrating+mature",0.081,NA,NA,NA,NA
0.0117177385858605,0.453357443057635,0.543,0.481,1,"SELENOS","identity","migrating+mature",0.062,NA,NA,NA,NA
0.011896184260805,0.912633041280324,0.126,0.066,1,"LRRCC1","identity","migrating+mature",0.06,NA,NA,NA,NA
0.0120170628197107,0.716437909624711,0.226,0.146,1,"CKAP2","identity","migrating+mature",0.08,NA,NA,NA,NA
0.0122830227873421,0.728871481168816,0.191,0.12,1,"OTUD3","identity","migrating+mature",0.071,NA,NA,NA,NA
0.0124313811187853,0.426397004595608,0.364,0.278,1,"FBXW5","identity","migrating+mature",0.086,NA,NA,NA,NA
0.0129046362305093,0.743493653134905,0.185,0.117,1,"AC004943.2","identity","migrating+mature",0.068,NA,NA,NA,NA
0.0129926213038744,0.597521010983753,0.249,0.171,1,"DRAXIN","identity","migrating+mature",0.078,NA,NA,NA,NA
0.0132995709351932,0.345717783855375,0.657,0.601,1,"MRPS34","identity","migrating+mature",0.056,NA,NA,NA,NA
0.0134893360637369,0.417717600497987,0.39,0.297,1,"PTPRF","identity","migrating+mature",0.093,NA,NA,NA,NA
0.0135865252633209,1.5264224863116,0.109,0.057,1,"NR2F2","identity","migrating+mature",0.052,NA,NA,NA,NA
0.013639239435859,0.660872125157152,0.167,0.101,1,"SYT13","identity","migrating+mature",0.066,NA,NA,NA,NA
0.0136653811878973,0.305642559261151,0.537,0.443,1,"HCFC1R1","identity","migrating+mature",0.094,NA,NA,NA,NA
0.0138376969685039,0.85321002712095,0.138,0.079,1,"PRICKLE1","identity","migrating+mature",0.059,NA,NA,NA,NA
0.0139122306351189,0.282722235660842,0.777,0.737,1,"CDKN2D","identity","migrating+mature",0.04,NA,NA,NA,NA
0.0139266529657773,1.00327991581023,0.114,0.06,1,"VASP","identity","migrating+mature",0.054,NA,NA,NA,NA
0.0139806300102155,0.526601461247742,0.428,0.358,1,"BOLA3","identity","migrating+mature",0.07,NA,NA,NA,NA
0.0140585168502645,0.385958200773697,0.449,0.361,1,"LRRFIP1","identity","migrating+mature",0.088,NA,NA,NA,NA
0.0142933200241714,0.715107267028849,0.191,0.123,1,"DDX39A","identity","migrating+mature",0.068,NA,NA,NA,NA
0.0144878797006828,0.430157008009125,0.504,0.421,1,"L1CAM","identity","migrating+mature",0.083,NA,NA,NA,NA
0.014535876520527,0.774005033938135,0.147,0.085,1,"SELENON","identity","migrating+mature",0.062,NA,NA,NA,NA
0.0147728330090128,0.358174429406368,0.328,0.25,1,"SKIDA1","identity","migrating+mature",0.078,NA,NA,NA,NA
0.0149754641900538,0.931684482317882,0.191,0.127,1,"PLXNC1","identity","migrating+mature",0.064,NA,NA,NA,NA
0.015106156114078,0.425351179068238,0.513,0.44,1,"LIMD2","identity","migrating+mature",0.073,NA,NA,NA,NA
0.0151758147808294,0.840408679253459,0.176,0.111,1,"DACT1","identity","migrating+mature",0.065,NA,NA,NA,NA
0.0156765869139906,0.276263419241191,0.727,0.68,1,"TDG","identity","migrating+mature",0.0469999999999999,NA,NA,NA,NA
0.0163245875598755,0.482498779594275,0.103,0.051,1,"KBTBD11","identity","migrating+mature",0.052,NA,NA,NA,NA
0.016402691309609,0.795715155618394,0.179,0.114,1,"SLITRK5","identity","migrating+mature",0.065,NA,NA,NA,NA
0.0164935494905133,0.592775587879979,0.208,0.142,1,"TOB1","identity","migrating+mature",0.066,NA,NA,NA,NA
0.0165912235827214,0.350491440246963,0.724,0.671,1,"NUCB2","identity","migrating+mature",0.0529999999999999,NA,NA,NA,NA
0.0169478498350096,0.411481050896835,0.261,0.177,1,"PTPRN","identity","migrating+mature",0.084,NA,NA,NA,NA
0.0170304994127853,0.311033190992139,0.798,0.747,1,"CSRP2","identity","migrating+mature",0.051,NA,NA,NA,NA
0.017336342883326,0.275698829868716,0.742,0.69,1,"ZNHIT3","identity","migrating+mature",0.052,NA,NA,NA,NA
0.0178578684089003,0.34932567301787,0.428,0.342,1,"PRPSAP1","identity","migrating+mature",0.086,NA,NA,NA,NA
0.0179489358344743,0.652205989454859,0.229,0.155,1,"NANOS1","identity","migrating+mature",0.074,NA,NA,NA,NA
0.018144136824907,0.813734323161685,0.109,0.057,1,"SLC48A1","identity","migrating+mature",0.052,NA,NA,NA,NA
0.0185108568943307,0.738518702182551,0.138,0.079,1,"FAM222A","identity","migrating+mature",0.059,NA,NA,NA,NA
0.018661140598333,0.393557532983665,0.46,0.399,1,"TPGS1","identity","migrating+mature",0.061,NA,NA,NA,NA
0.0187629654673218,0.911682606723174,0.1,0.051,1,"RNF166","identity","migrating+mature",0.049,NA,NA,NA,NA
0.0190361561126196,0.761558795334947,0.287,0.218,1,"NT5DC2","identity","migrating+mature",0.069,NA,NA,NA,NA
0.0190782744602037,0.771053936913981,0.258,0.19,1,"RNF114","identity","migrating+mature",0.068,NA,NA,NA,NA
0.0192019169202168,0.484703858458027,0.24,0.168,1,"ZMYND19","identity","migrating+mature",0.072,NA,NA,NA,NA
0.0199950231983782,0.341542095319383,0.607,0.547,1,"ATAT1","identity","migrating+mature",0.0599999999999999,NA,NA,NA,NA
0.020389616279289,0.262033687719825,0.853,0.82,1,"VAPA","identity","migrating+mature",0.033,NA,NA,NA,NA
0.0207706062389503,0.398560465266735,0.469,0.411,1,"PXMP2","identity","migrating+mature",0.058,NA,NA,NA,NA
0.0209864578918553,0.495102861386916,0.167,0.104,1,"PMEPA1","identity","migrating+mature",0.063,NA,NA,NA,NA
0.0212180481101439,0.296895068749908,0.463,0.38,1,"NKIRAS2","identity","migrating+mature",0.083,NA,NA,NA,NA
0.0213211013999407,0.997288115351032,0.106,0.057,1,"IFT80","identity","migrating+mature",0.049,NA,NA,NA,NA
0.0213544470177881,0.260558203985712,0.771,0.744,1,"TMEM132A","identity","migrating+mature",0.027,NA,NA,NA,NA
0.0219287216289282,0.56113107058517,0.299,0.225,1,"NRM","identity","migrating+mature",0.074,NA,NA,NA,NA
0.0221374306331901,0.637469853392975,0.17,0.108,1,"NPRL2","identity","migrating+mature",0.062,NA,NA,NA,NA
0.0227226825925789,0.968340551024974,0.106,0.057,1,"SAMD10","identity","migrating+mature",0.049,NA,NA,NA,NA
0.0230897022719719,0.688945649305727,0.326,0.263,1,"TLE1","identity","migrating+mature",0.063,NA,NA,NA,NA
0.0234037825706449,0.39039155699689,0.37,0.304,1,"ZNF622","identity","migrating+mature",0.066,NA,NA,NA,NA
0.0234309230676213,0.381932167554697,0.331,0.256,1,"RAPGEF5","identity","migrating+mature",0.075,NA,NA,NA,NA
0.0236064017827847,0.699657446076134,0.185,0.123,1,"PTCH1","identity","migrating+mature",0.062,NA,NA,NA,NA
0.023616257423052,0.363730078732003,0.481,0.408,1,"ASF1A","identity","migrating+mature",0.073,NA,NA,NA,NA
0.0239321427658794,0.426527102015836,0.346,0.272,1,"ARHGAP33","identity","migrating+mature",0.074,NA,NA,NA,NA
0.0246297755738065,0.628993489746139,0.202,0.136,1,"SH3GL1","identity","migrating+mature",0.066,NA,NA,NA,NA
0.024774462946156,0.255202227354569,0.446,0.37,1,"IGFBPL1","identity","migrating+mature",0.076,NA,NA,NA,NA
0.0249597957629456,0.493200115510143,0.405,0.342,1,"PLXNA1","identity","migrating+mature",0.063,NA,NA,NA,NA
0.0251588056711446,0.461607461752405,0.246,0.177,1,"RCAN3","identity","migrating+mature",0.069,NA,NA,NA,NA
0.0252199215723271,0.768493544006148,0.185,0.123,1,"PTDSS1","identity","migrating+mature",0.062,NA,NA,NA,NA
0.0252784812343206,0.734390417776396,0.109,0.06,1,"LYPD1","identity","migrating+mature",0.049,NA,NA,NA,NA
0.0252955139442632,0.55760132059857,0.208,0.142,1,"THY1","identity","migrating+mature",0.066,NA,NA,NA,NA
0.0253540035226369,1.12163364666653,0.141,0.089,1,"CACNA2D2","identity","migrating+mature",0.052,NA,NA,NA,NA
0.0256858618152855,0.407763243203814,0.437,0.354,1,"HIP1R","identity","migrating+mature",0.083,NA,NA,NA,NA
0.026010658152673,0.317947383297449,0.613,0.557,1,"MAP1A","identity","migrating+mature",0.0559999999999999,NA,NA,NA,NA
0.0261629537428321,0.255049916772224,0.883,0.848,1,"CDH2","identity","migrating+mature",0.035,NA,NA,NA,NA
0.0265403569271027,0.364703022094995,0.434,0.351,1,"CTNNA1","identity","migrating+mature",0.083,NA,NA,NA,NA
0.0265936144846676,0.489871267042578,0.44,0.377,1,"C1orf35","identity","migrating+mature",0.063,NA,NA,NA,NA
0.0267100234740014,0.433889075219807,0.352,0.272,1,"BTBD7","identity","migrating+mature",0.08,NA,NA,NA,NA
0.0268811865365934,0.741268507472133,0.147,0.092,1,"MFSD1","identity","migrating+mature",0.055,NA,NA,NA,NA
0.0277400275732454,0.907374575116164,0.138,0.085,1,"C2orf80","identity","migrating+mature",0.053,NA,NA,NA,NA
0.0280916732667751,0.554748104053392,0.208,0.142,1,"AC009414.2","identity","migrating+mature",0.066,NA,NA,NA,NA
0.0281668655069491,0.318689015594804,0.713,0.75,1,"DNER","identity","migrating+mature",-0.037,NA,NA,NA,NA
0.0281948803595452,0.591973350608424,0.311,0.244,1,"ECI1","identity","migrating+mature",0.067,NA,NA,NA,NA
0.0290120599475199,0.531083405050731,0.408,0.339,1,"EFNA5","identity","migrating+mature",0.069,NA,NA,NA,NA
0.0292934120472361,0.736988195369332,0.164,0.108,1,"CANT1","identity","migrating+mature",0.056,NA,NA,NA,NA
0.0296904213401244,0.369675697732751,0.522,0.468,1,"MAGEH1","identity","migrating+mature",0.054,NA,NA,NA,NA
0.0299694177247465,0.325074959497956,0.677,0.671,1,"PHYHIPL","identity","migrating+mature",0.006,NA,NA,NA,NA
0.0302384723352257,1.02421648224705,0.106,0.06,1,"GINS2","identity","migrating+mature",0.046,NA,NA,NA,NA
0.0304374438538561,0.512622444252065,0.246,0.18,1,"TENM2","identity","migrating+mature",0.066,NA,NA,NA,NA
0.0313658329134843,0.257930536861491,0.757,0.715,1,"MIDN","identity","migrating+mature",0.042,NA,NA,NA,NA
0.0317805951137984,0.341639669148895,0.24,0.174,1,"NUP93","identity","migrating+mature",0.066,NA,NA,NA,NA
0.0321653217103067,0.252725988380568,0.572,0.487,1,"MESD","identity","migrating+mature",0.085,NA,NA,NA,NA
0.0326063706812249,0.571936464248038,0.22,0.158,1,"BRMS1","identity","migrating+mature",0.062,NA,NA,NA,NA
0.032915090744064,0.544130552640235,0.425,0.364,1,"POLE3","identity","migrating+mature",0.061,NA,NA,NA,NA
0.0333958140674539,0.416112699697842,0.196,0.133,1,"SH2B2","identity","migrating+mature",0.063,NA,NA,NA,NA
0.033518981696974,1.05516982269111,0.173,0.12,1,"KLHL13","identity","migrating+mature",0.053,NA,NA,NA,NA
0.0351607388623663,0.614280520369423,0.214,0.152,1,"PPP2R5B","identity","migrating+mature",0.062,NA,NA,NA,NA
0.0352670580790485,0.941004522808007,0.176,0.123,1,"RPP21","identity","migrating+mature",0.053,NA,NA,NA,NA
0.035576341241869,0.640115435910831,0.164,0.108,1,"LIMK2","identity","migrating+mature",0.056,NA,NA,NA,NA
0.0364324367824839,0.620974571236213,0.103,0.057,1,"RNPEPL1","identity","migrating+mature",0.046,NA,NA,NA,NA
0.0364760773871619,0.750321943770226,0.106,0.06,1,"ZDHHC14","identity","migrating+mature",0.046,NA,NA,NA,NA
0.0365634189940243,0.418250377535418,0.501,0.437,1,"MAP1LC3A","identity","migrating+mature",0.064,NA,NA,NA,NA
0.0366889887855893,0.471241192368457,0.299,0.234,1,"TBC1D24","identity","migrating+mature",0.065,NA,NA,NA,NA
0.0380516671641444,0.283841447327458,0.578,0.522,1,"VTI1B","identity","migrating+mature",0.0559999999999999,NA,NA,NA,NA
0.0383206054959408,0.390994075434342,0.279,0.209,1,"PDP1","identity","migrating+mature",0.07,NA,NA,NA,NA
0.0384247342479755,0.628687588520641,0.182,0.123,1,"GPSM1","identity","migrating+mature",0.059,NA,NA,NA,NA
0.0384862660123926,0.525620693511327,0.161,0.104,1,"AACS","identity","migrating+mature",0.057,NA,NA,NA,NA
0.0385902269685361,0.691738658600224,0.144,0.092,1,"BLOC1S5","identity","migrating+mature",0.052,NA,NA,NA,NA
0.0388490842871775,0.751297175803348,0.109,0.063,1,"KIAA1549L","identity","migrating+mature",0.046,NA,NA,NA,NA
0.0389773525467753,0.413874575853625,0.446,0.389,1,"KLF7","identity","migrating+mature",0.057,NA,NA,NA,NA
0.0390684664170621,0.444730981511218,0.352,0.285,1,"NME4","identity","migrating+mature",0.067,NA,NA,NA,NA
0.039409708870231,0.719016157491577,0.258,0.196,1,"NKAIN3","identity","migrating+mature",0.062,NA,NA,NA,NA
0.0408615040784517,0.452045193700811,0.331,0.263,1,"GSKIP","identity","migrating+mature",0.068,NA,NA,NA,NA
0.0410403367787407,0.276161886528225,0.587,0.528,1,"TTLL7","identity","migrating+mature",0.0589999999999999,NA,NA,NA,NA
0.0420494749867801,0.267444700364306,0.762,0.709,1,"SEPT2","identity","migrating+mature",0.053,NA,NA,NA,NA
0.0422487307314534,0.301301647534704,0.704,0.693,1,"TMCO1","identity","migrating+mature",0.011,NA,NA,NA,NA
0.0434184078729214,0.6586261382994,0.194,0.139,1,"JPT2","identity","migrating+mature",0.055,NA,NA,NA,NA
0.0437694727307556,0.402170795709393,0.352,0.278,1,"NAPG","identity","migrating+mature",0.074,NA,NA,NA,NA
0.0437882568016184,0.448405110191988,0.44,0.392,1,"ST8SIA2","identity","migrating+mature",0.048,NA,NA,NA,NA
0.0443041461139633,0.650240927988981,0.161,0.108,1,"TMEM198","identity","migrating+mature",0.053,NA,NA,NA,NA
0.0449553435403831,0.576483851136004,0.246,0.187,1,"CRELD2","identity","migrating+mature",0.059,NA,NA,NA,NA
0.0453124948537647,0.350446376718616,0.501,0.424,1,"FAM215B","identity","migrating+mature",0.077,NA,NA,NA,NA
0.0456926908923228,0.567264639264137,0.264,0.199,1,"RNF157","identity","migrating+mature",0.065,NA,NA,NA,NA
0.0459929554557223,0.441675932319766,0.282,0.215,1,"SLF2","identity","migrating+mature",0.067,NA,NA,NA,NA
0.0460200396142875,0.446904308829351,0.194,0.136,1,"OSBPL1A","identity","migrating+mature",0.058,NA,NA,NA,NA
0.046478923435153,0.306359933419843,0.496,0.415,1,"TRNAU1AP","identity","migrating+mature",0.081,NA,NA,NA,NA
0.0467563334826374,0.433625866134985,0.261,0.203,1,"CCM2","identity","migrating+mature",0.058,NA,NA,NA,NA
0.0470195881549405,0.631965359467423,0.135,0.085,1,"SEMA4C","identity","migrating+mature",0.05,NA,NA,NA,NA
0.0470630966768221,0.844450329865891,0.167,0.117,1,"CITED1","identity","migrating+mature",0.05,NA,NA,NA,NA
0.0480971512813554,0.665480579419577,0.196,0.142,1,"CCZ1B","identity","migrating+mature",0.054,NA,NA,NA,NA
0.048213225585612,0.38636723095815,0.331,0.256,1,"DCAF10","identity","migrating+mature",0.075,NA,NA,NA,NA
0.0483385155929191,0.542642487863062,0.188,0.133,1,"CHRAC1","identity","migrating+mature",0.055,NA,NA,NA,NA
0.0487441336478057,0.753911545204542,0.129,0.082,1,"DVL1","identity","migrating+mature",0.047,NA,NA,NA,NA
0.0491843945670006,0.452397656260948,0.226,0.168,1,"FGFBP3","identity","migrating+mature",0.058,NA,NA,NA,NA
0.0504824822936451,0.265481976955849,0.513,0.44,1,"NMNAT2","identity","migrating+mature",0.073,NA,NA,NA,NA
0.0507036619439014,0.34066430038269,0.387,0.326,1,"CDS2","identity","migrating+mature",0.061,NA,NA,NA,NA
0.0507091173157209,0.297069849536221,0.367,0.294,1,"CCDC174","identity","migrating+mature",0.073,NA,NA,NA,NA
0.0508217057282742,0.271906367206452,0.68,0.639,1,"IGFBP2","identity","migrating+mature",0.041,NA,NA,NA,NA
0.0509297865040868,0.710838758779403,0.117,0.073,1,"MMRN1","identity","migrating+mature",0.044,NA,NA,NA,NA
0.0518809142811457,1.00460883093172,0.111,0.07,1,"CBWD5","identity","migrating+mature",0.041,NA,NA,NA,NA
0.0519994346966687,0.444331547446693,0.194,0.136,1,"HDAC8","identity","migrating+mature",0.058,NA,NA,NA,NA
0.0522743188900948,0.255230732219194,0.698,0.658,1,"CSTB","identity","migrating+mature",0.0399999999999999,NA,NA,NA,NA
0.0531485611073296,0.836954932176322,0.109,0.066,1,"SHROOM3","identity","migrating+mature",0.043,NA,NA,NA,NA
0.0531554537875267,0.634281451172928,0.191,0.136,1,"ARL4D","identity","migrating+mature",0.055,NA,NA,NA,NA
0.0534404118758523,0.426190710245692,0.413,0.348,1,"SNN","identity","migrating+mature",0.065,NA,NA,NA,NA
0.0534610879522096,0.501770258820057,0.24,0.18,1,"CCDC137","identity","migrating+mature",0.06,NA,NA,NA,NA
0.0535492973359824,0.447246061212633,0.173,0.12,1,"ALG9","identity","migrating+mature",0.053,NA,NA,NA,NA
0.0539344915778861,0.392889480188355,0.501,0.456,1,"TMOD3","identity","migrating+mature",0.045,NA,NA,NA,NA
0.0557134704996288,0.357761339515112,0.601,0.557,1,"METTL26","identity","migrating+mature",0.0439999999999999,NA,NA,NA,NA
0.0562916578897387,0.315756123539674,0.246,0.184,1,"FAR1","identity","migrating+mature",0.062,NA,NA,NA,NA
0.0564260664164011,0.516139296794677,0.255,0.196,1,"EIF4EBP1","identity","migrating+mature",0.059,NA,NA,NA,NA
0.0570178010249839,0.508924438481688,0.229,0.171,1,"BTG3","identity","migrating+mature",0.058,NA,NA,NA,NA
0.0571780512161051,0.332817222373455,0.399,0.332,1,"TUBB3","identity","migrating+mature",0.067,NA,NA,NA,NA
0.0579112875219912,0.370509057108765,0.375,0.32,1,"CAMK1D","identity","migrating+mature",0.055,NA,NA,NA,NA
0.0579178672722489,0.612550776779523,0.15,0.101,1,"AC006333.2","identity","migrating+mature",0.049,NA,NA,NA,NA
0.058544817693566,0.654500574066382,0.199,0.149,1,"GALE","identity","migrating+mature",0.05,NA,NA,NA,NA
0.0587658337364266,0.333388093587256,0.235,0.171,1,"HAUS6","identity","migrating+mature",0.064,NA,NA,NA,NA
0.0611110741414428,0.383020635306753,0.106,0.063,1,"RNF185","identity","migrating+mature",0.043,NA,NA,NA,NA
0.0612838039908817,0.354223605782134,0.402,0.342,1,"CEP78","identity","migrating+mature",0.06,NA,NA,NA,NA
0.0614876814815705,0.680991618245558,0.17,0.12,1,"FAM161B","identity","migrating+mature",0.05,NA,NA,NA,NA
0.0617459934924259,0.369859237202371,0.264,0.196,1,"TMEM179B","identity","migrating+mature",0.068,NA,NA,NA,NA
0.061988894428276,0.306954835986332,0.642,0.614,1,"TNRC6C","identity","migrating+mature",0.028,NA,NA,NA,NA
0.0625012216790588,0.40888012452483,0.302,0.237,1,"HILPDA","identity","migrating+mature",0.065,NA,NA,NA,NA
0.0627287390000818,0.477111694551625,0.202,0.149,1,"CDK2AP2","identity","migrating+mature",0.053,NA,NA,NA,NA
0.0642742418736539,0.421869467460603,0.182,0.127,1,"YIPF2","identity","migrating+mature",0.055,NA,NA,NA,NA
0.0649586819485023,0.32452474408799,0.56,0.491,1,"SYNC","identity","migrating+mature",0.0690000000000001,NA,NA,NA,NA
0.0652773287193198,0.490352719294614,0.117,0.073,1,"AGPAT3","identity","migrating+mature",0.044,NA,NA,NA,NA
0.0654044815695577,0.602178887505975,0.1,0.06,1,"MDGA2","identity","migrating+mature",0.04,NA,NA,NA,NA
0.06708069584881,0.780248922407599,0.117,0.076,1,"TMEM159","identity","migrating+mature",0.041,NA,NA,NA,NA
0.0674563541071161,0.406459686247031,0.34,0.272,1,"AKIP1","identity","migrating+mature",0.068,NA,NA,NA,NA
0.0684777746980586,0.284755188908447,0.563,0.5,1,"PRPSAP2","identity","migrating+mature",0.063,NA,NA,NA,NA
0.0686933586836524,0.436606265749258,0.109,0.066,1,"KCNIP1","identity","migrating+mature",0.043,NA,NA,NA,NA
0.0689531033195836,0.478857045401691,0.238,0.18,1,"ZFP30","identity","migrating+mature",0.058,NA,NA,NA,NA
0.0696927414338327,0.60708931914181,0.147,0.101,1,"PPP2R5D","identity","migrating+mature",0.046,NA,NA,NA,NA
0.0708433570454333,0.373290623980266,0.449,0.392,1,"PCDH7","identity","migrating+mature",0.057,NA,NA,NA,NA
0.0710519603800713,0.773806033990383,0.117,0.076,1,"RABGGTA","identity","migrating+mature",0.041,NA,NA,NA,NA
0.071601912772763,0.400586017945453,0.282,0.225,1,"RRAS2","identity","migrating+mature",0.057,NA,NA,NA,NA
0.0716331817894078,0.380941944615438,0.279,0.222,1,"CORO1A","identity","migrating+mature",0.057,NA,NA,NA,NA
0.0718920539491342,0.288753780967411,0.548,0.5,1,"TIMP2","identity","migrating+mature",0.048,NA,NA,NA,NA
0.0719280847929928,0.337119047230094,0.616,0.589,1,"THRA","identity","migrating+mature",0.027,NA,NA,NA,NA
0.0721390887823121,0.483433466894012,0.167,0.117,1,"SLC25A12","identity","migrating+mature",0.05,NA,NA,NA,NA
0.0731994126391261,0.664132761035642,0.152,0.108,1,"AMPD2","identity","migrating+mature",0.044,NA,NA,NA,NA
0.0735711758817551,0.479510487488439,0.364,0.301,1,"TMEM165","identity","migrating+mature",0.063,NA,NA,NA,NA
0.0740256313259038,0.297324462511897,0.528,0.465,1,"CTNNBIP1","identity","migrating+mature",0.063,NA,NA,NA,NA
0.0740291415606048,0.372498313468087,0.317,0.256,1,"TTC28","identity","migrating+mature",0.061,NA,NA,NA,NA
0.0741902910582846,0.345731160632607,0.416,0.364,1,"BLOC1S4","identity","migrating+mature",0.052,NA,NA,NA,NA
0.0744661583994869,0.687284131960884,0.135,0.092,1,"LMF2","identity","migrating+mature",0.043,NA,NA,NA,NA
0.074842960052842,1.16908601005982,0.1,0.063,1,"PARP16","identity","migrating+mature",0.037,NA,NA,NA,NA
0.0753909850829173,0.494322534457553,0.211,0.158,1,"POLDIP3","identity","migrating+mature",0.053,NA,NA,NA,NA
0.0760968312398219,0.337906134580547,0.264,0.206,1,"EBLN3P","identity","migrating+mature",0.058,NA,NA,NA,NA
0.0774464089793703,0.366134839923476,0.531,0.522,1,"LPGAT1","identity","migrating+mature",0.00900000000000001,NA,NA,NA,NA
0.077968112011592,0.583667477132315,0.167,0.12,1,"SLC35F6","identity","migrating+mature",0.047,NA,NA,NA,NA
0.0783211631130206,0.319279824644422,0.443,0.396,1,"HYAL2","identity","migrating+mature",0.047,NA,NA,NA,NA
0.0785180267038902,0.459996565379263,0.267,0.206,1,"NKAIN4","identity","migrating+mature",0.061,NA,NA,NA,NA
0.0794999159558822,0.317558831131963,0.29,0.231,1,"TUT7","identity","migrating+mature",0.059,NA,NA,NA,NA
0.079714017080559,0.332368369859901,0.475,0.421,1,"APPL1","identity","migrating+mature",0.054,NA,NA,NA,NA
0.0804148608836738,0.710047758051709,0.109,0.07,1,"CACNA1B","identity","migrating+mature",0.039,NA,NA,NA,NA
0.0804284376461188,0.88338615736314,0.123,0.082,1,"AC004556.1","identity","migrating+mature",0.041,NA,NA,NA,NA
0.0808900580578633,0.355825300834954,0.537,0.5,1,"PNMA2","identity","migrating+mature",0.037,NA,NA,NA,NA
0.0811042445568905,0.689956092003146,0.123,0.082,1,"MSL2","identity","migrating+mature",0.041,NA,NA,NA,NA
0.0814708906955265,0.875115706754081,0.138,0.095,1,"ALG2","identity","migrating+mature",0.043,NA,NA,NA,NA
0.0815047790691637,0.51402739047277,0.129,0.085,1,"JMJD6","identity","migrating+mature",0.044,NA,NA,NA,NA
0.082378669503381,0.251386265478211,0.522,0.481,1,"CTDNEP1","identity","migrating+mature",0.041,NA,NA,NA,NA
0.0826072494841699,0.542164143524807,0.123,0.082,1,"AL928970.1","identity","migrating+mature",0.041,NA,NA,NA,NA
0.0828282859715116,0.309209111374659,0.455,0.405,1,"KLHDC10","identity","migrating+mature",0.05,NA,NA,NA,NA
0.0833312051396179,0.788678884711737,0.103,0.066,1,"IBA57","identity","migrating+mature",0.037,NA,NA,NA,NA
0.0847638973927879,0.259107887226292,0.522,0.475,1,"RABL6","identity","migrating+mature",0.047,NA,NA,NA,NA
0.0850733524557383,0.321281692181839,0.173,0.123,1,"FLOT2","identity","migrating+mature",0.05,NA,NA,NA,NA
0.0854347426240019,0.530525730883726,0.173,0.123,1,"RNF144A","identity","migrating+mature",0.05,NA,NA,NA,NA
0.0860501100179749,0.656023401010197,0.173,0.127,1,"PDE4D","identity","migrating+mature",0.046,NA,NA,NA,NA
0.0863448978547683,0.399816165666903,0.361,0.301,1,"FEZ2","identity","migrating+mature",0.06,NA,NA,NA,NA
0.0864734166803756,0.381562461421562,0.372,0.316,1,"YBEY","identity","migrating+mature",0.056,NA,NA,NA,NA
0.0870971683624116,0.453996711014509,0.138,0.095,1,"RTN4R","identity","migrating+mature",0.043,NA,NA,NA,NA
0.0872477802136842,0.404656081748331,0.24,0.184,1,"ERC2","identity","migrating+mature",0.056,NA,NA,NA,NA
0.0875123029384463,1.1443883843636,0.111,0.076,1,"RBM14","identity","migrating+mature",0.035,NA,NA,NA,NA
0.0883017633364964,0.429868623002838,0.305,0.25,1,"FGFR1","identity","migrating+mature",0.055,NA,NA,NA,NA
0.08976247545658,0.308060237756961,0.249,0.193,1,"LRRC42","identity","migrating+mature",0.056,NA,NA,NA,NA
0.090390154980315,0.506402245549955,0.188,0.139,1,"SPRY1","identity","migrating+mature",0.049,NA,NA,NA,NA
0.0903986854951817,0.486936798004943,0.194,0.146,1,"CBARP","identity","migrating+mature",0.048,NA,NA,NA,NA
0.0905687836290154,0.657009171383354,0.226,0.177,1,"PGBD1","identity","migrating+mature",0.049,NA,NA,NA,NA
0.0907247577949403,0.41149635283384,0.217,0.168,1,"DDHD1","identity","migrating+mature",0.049,NA,NA,NA,NA
0.0908966105000387,0.727272320488459,0.161,0.117,1,"C21orf91","identity","migrating+mature",0.044,NA,NA,NA,NA
0.0910427945139293,0.510211856666615,0.138,0.095,1,"IQSEC1","identity","migrating+mature",0.043,NA,NA,NA,NA
0.091854340795388,0.603012502520423,0.147,0.104,1,"MTERF3","identity","migrating+mature",0.043,NA,NA,NA,NA
0.0918596296071115,0.473124496770241,0.226,0.174,1,"POLK","identity","migrating+mature",0.052,NA,NA,NA,NA
0.091955989862389,0.359394840317561,0.326,0.269,1,"EPB41L1","identity","migrating+mature",0.057,NA,NA,NA,NA
0.0932188983972904,0.584242048382715,0.293,0.244,1,"MFAP2","identity","migrating+mature",0.049,NA,NA,NA,NA
0.0940818661897334,0.525824871229857,0.191,0.142,1,"CSPP1","identity","migrating+mature",0.049,NA,NA,NA,NA
0.0944569603616318,0.661364567165121,0.144,0.101,1,"STXBP4","identity","migrating+mature",0.043,NA,NA,NA,NA
0.0948517229725189,0.761220576933134,0.17,0.13,1,"IQSEC3","identity","migrating+mature",0.04,NA,NA,NA,NA
0.0949360938761412,0.558470956123551,0.229,0.177,1,"SLC6A8","identity","migrating+mature",0.052,NA,NA,NA,NA
0.0953870064254453,0.430842246385097,0.164,0.117,1,"ZNF414","identity","migrating+mature",0.047,NA,NA,NA,NA
0.0954065358538332,0.533263001891777,0.264,0.222,1,"GIPC1","identity","migrating+mature",0.042,NA,NA,NA,NA
0.0965659880762698,0.369994888638843,0.311,0.256,1,"RAP2A","identity","migrating+mature",0.055,NA,NA,NA,NA
0.0975057312405116,0.551046221014898,0.24,0.19,1,"DIP2B","identity","migrating+mature",0.05,NA,NA,NA,NA
0.0980241473745731,0.62163341035245,0.114,0.076,1,"SERTAD3","identity","migrating+mature",0.038,NA,NA,NA,NA
0.0981122662468909,0.527498060387372,0.211,0.161,1,"TMEM115","identity","migrating+mature",0.05,NA,NA,NA,NA
0.0983269641809203,0.45123068842314,0.261,0.209,1,"MRPL39","identity","migrating+mature",0.052,NA,NA,NA,NA
0.0992826707173588,0.253155163193557,0.413,0.361,1,"NME3","identity","migrating+mature",0.052,NA,NA,NA,NA
0.0995213607590193,0.480743629685551,0.258,0.206,1,"RHOB","identity","migrating+mature",0.052,NA,NA,NA,NA
0.0998653754966005,0.354045018955307,0.317,0.266,1,"CHCHD10","identity","migrating+mature",0.051,NA,NA,NA,NA
0.100219437356612,0.734878999537419,0.217,0.177,1,"PLEKHA6","identity","migrating+mature",0.04,NA,NA,NA,NA
0.100425748956124,0.420249963588278,0.261,0.209,1,"FUBP3","identity","migrating+mature",0.052,NA,NA,NA,NA
0.101476810828077,0.342706947017716,0.255,0.209,1,"WIPF2","identity","migrating+mature",0.046,NA,NA,NA,NA
0.101589333994728,0.477590788823558,0.182,0.133,1,"TCAIM","identity","migrating+mature",0.049,NA,NA,NA,NA
0.102050960506056,0.523523149572661,0.117,0.079,1,"RRBP1","identity","migrating+mature",0.038,NA,NA,NA,NA
0.102438385702537,0.523688609824109,0.22,0.174,1,"SLC35E2B","identity","migrating+mature",0.046,NA,NA,NA,NA
0.10255852099265,0.430955887378593,0.176,0.133,1,"AGRN","identity","migrating+mature",0.043,NA,NA,NA,NA
0.104259590439436,0.299165242743135,0.487,0.465,1,"PDZD11","identity","migrating+mature",0.022,NA,NA,NA,NA
0.104656137260583,0.740734880688855,0.111,0.076,1,"CXorf40B","identity","migrating+mature",0.035,NA,NA,NA,NA
0.105464940314952,0.597057227274246,0.135,0.095,1,"MN1","identity","migrating+mature",0.04,NA,NA,NA,NA
0.106664942491329,0.492275192275721,0.311,0.266,1,"RGMA","identity","migrating+mature",0.045,NA,NA,NA,NA
0.10685565872023,0.624152826950292,0.155,0.114,1,"TIGD5","identity","migrating+mature",0.041,NA,NA,NA,NA
0.107526112581686,0.440028958966689,0.191,0.146,1,"CHKA","identity","migrating+mature",0.045,NA,NA,NA,NA
0.107539740057672,0.501650821049029,0.103,0.066,1,"RNF121","identity","migrating+mature",0.037,NA,NA,NA,NA
0.108462290131246,0.28976030612505,0.24,0.187,1,"DCAF15","identity","migrating+mature",0.053,NA,NA,NA,NA
0.108632378149976,0.477274620474913,0.191,0.146,1,"AC004816.1","identity","migrating+mature",0.045,NA,NA,NA,NA
0.109944732344403,0.500281973106909,0.182,0.136,1,"TACO1","identity","migrating+mature",0.046,NA,NA,NA,NA
0.110140198492415,0.291071667780016,0.525,0.487,1,"PLEKHA8","identity","migrating+mature",0.038,NA,NA,NA,NA
0.110416272434557,0.649223387231363,0.135,0.095,1,"ASPHD2","identity","migrating+mature",0.04,NA,NA,NA,NA
0.110936048416167,0.530076912477484,0.147,0.108,1,"HSPA1A","identity","migrating+mature",0.039,NA,NA,NA,NA
0.111589682228444,0.343241615185135,0.416,0.367,1,"C11orf49","identity","migrating+mature",0.049,NA,NA,NA,NA
0.111759922955376,0.29929084640763,0.522,0.472,1,"CENPX","identity","migrating+mature",0.05,NA,NA,NA,NA
0.113112408383337,0.579563814910279,0.109,0.073,1,"HYI","identity","migrating+mature",0.036,NA,NA,NA,NA
0.114975898437468,0.407481302498461,0.158,0.114,1,"KATNA1","identity","migrating+mature",0.044,NA,NA,NA,NA
0.115819240796175,0.524564089049692,0.182,0.139,1,"PDE4B","identity","migrating+mature",0.043,NA,NA,NA,NA
0.115909545276892,0.774364082701582,0.117,0.082,1,"DCPS","identity","migrating+mature",0.035,NA,NA,NA,NA
0.116801642561598,0.418118368426452,0.267,0.222,1,"TRPT1","identity","migrating+mature",0.045,NA,NA,NA,NA
0.11751671626903,0.677111489057942,0.147,0.108,1,"TCP11L2","identity","migrating+mature",0.039,NA,NA,NA,NA
0.117605267733851,0.503840793635554,0.284,0.241,1,"GABBR1","identity","migrating+mature",0.043,NA,NA,NA,NA
0.118024838298704,0.956774708273203,0.1,0.066,1,"ZBTB39","identity","migrating+mature",0.034,NA,NA,NA,NA
0.118819146144543,0.447530319265294,0.141,0.101,1,"LRRC7","identity","migrating+mature",0.04,NA,NA,NA,NA
0.11886031230394,0.318796621482182,0.299,0.247,1,"ETFA","identity","migrating+mature",0.052,NA,NA,NA,NA
0.119487608036468,0.489129412622695,0.12,0.082,1,"KLHL22","identity","migrating+mature",0.038,NA,NA,NA,NA
0.119545383671386,0.305207808641492,0.51,0.475,1,"RAB5IF","identity","migrating+mature",0.035,NA,NA,NA,NA
0.119759696476922,0.28799950559345,0.399,0.345,1,"MTERF4","identity","migrating+mature",0.054,NA,NA,NA,NA
0.120004041038402,0.300484404043258,0.387,0.348,1,"C12orf75","identity","migrating+mature",0.039,NA,NA,NA,NA
0.122110955763734,0.536129019440649,0.152,0.114,1,"LRRC8A","identity","migrating+mature",0.038,NA,NA,NA,NA
0.122583666627597,0.412685838654287,0.155,0.114,1,"RALGAPA2","identity","migrating+mature",0.041,NA,NA,NA,NA
0.123689788944835,0.461212047122382,0.141,0.101,1,"GABPB1","identity","migrating+mature",0.04,NA,NA,NA,NA
0.12466101314151,0.642882940689786,0.214,0.171,1,"DHX8","identity","migrating+mature",0.043,NA,NA,NA,NA
0.124672022300038,0.410730896078341,0.123,0.085,1,"TDP1","identity","migrating+mature",0.038,NA,NA,NA,NA
0.125099577069875,0.736549278985154,0.123,0.089,1,"CCDC85C","identity","migrating+mature",0.034,NA,NA,NA,NA
0.125354891882038,0.339257771160984,0.396,0.342,1,"CDC34","identity","migrating+mature",0.054,NA,NA,NA,NA
0.126057177777627,0.539154391890429,0.232,0.184,1,"POLDIP2","identity","migrating+mature",0.048,NA,NA,NA,NA
0.127029415913728,0.478416060193444,0.22,0.177,1,"BCL7B","identity","migrating+mature",0.043,NA,NA,NA,NA
0.128170508379119,0.337001973997878,0.15,0.111,1,"CACNB1","identity","migrating+mature",0.039,NA,NA,NA,NA
0.128238402842171,0.428107138567442,0.364,0.32,1,"TP53I3","identity","migrating+mature",0.044,NA,NA,NA,NA
0.128816234406312,0.563452980600968,0.196,0.155,1,"CEP57L1","identity","migrating+mature",0.041,NA,NA,NA,NA
0.128985411233959,0.41586609366811,0.132,0.095,1,"MMP24","identity","migrating+mature",0.037,NA,NA,NA,NA
0.129072422850245,0.506212286557873,0.167,0.127,1,"TMEM39B","identity","migrating+mature",0.04,NA,NA,NA,NA
0.1306031316473,0.465012301336112,0.1,0.066,1,"DLL1","identity","migrating+mature",0.034,NA,NA,NA,NA
0.130874583909892,0.774981932940115,0.117,0.082,1,"UBP1","identity","migrating+mature",0.035,NA,NA,NA,NA
0.131164020841273,0.32059796100753,0.176,0.133,1,"GJC1","identity","migrating+mature",0.043,NA,NA,NA,NA
0.131385806274455,0.468953650315205,0.144,0.104,1,"LUZP1","identity","migrating+mature",0.04,NA,NA,NA,NA
0.131909053588581,0.614661930505395,0.15,0.111,1,"CYTH1","identity","migrating+mature",0.039,NA,NA,NA,NA
0.131937975975431,0.269351849372022,0.358,0.297,1,"ZC3H7A","identity","migrating+mature",0.061,NA,NA,NA,NA
0.132307188877585,0.392854116936201,0.141,0.101,1,"ADK","identity","migrating+mature",0.04,NA,NA,NA,NA
0.132946740670655,0.439302504127979,0.17,0.127,1,"ZNF789","identity","migrating+mature",0.043,NA,NA,NA,NA
0.133173788782848,0.250465911667934,0.182,0.136,1,"SLC52A2","identity","migrating+mature",0.046,NA,NA,NA,NA
0.133489303789714,0.419254506579259,0.208,0.168,1,"HNRNPA1P48","identity","migrating+mature",0.04,NA,NA,NA,NA
0.134295283412352,0.301754963021651,0.152,0.111,1,"PACSIN2","identity","migrating+mature",0.041,NA,NA,NA,NA
0.134575982703088,0.531626432790559,0.155,0.114,1,"DAXX","identity","migrating+mature",0.041,NA,NA,NA,NA
0.135294165241465,0.314666775159642,0.161,0.12,1,"HPCAL4","identity","migrating+mature",0.041,NA,NA,NA,NA
0.135674565457577,0.491400648849637,0.205,0.165,1,"GNPTG","identity","migrating+mature",0.04,NA,NA,NA,NA
0.136154161872402,0.314514296058232,0.217,0.171,1,"IRS2","identity","migrating+mature",0.046,NA,NA,NA,NA
0.136275387073154,0.486807690279603,0.261,0.218,1,"FAM84A","identity","migrating+mature",0.043,NA,NA,NA,NA
0.13649116491001,0.443823336093862,0.152,0.114,1,"ATG13","identity","migrating+mature",0.038,NA,NA,NA,NA
0.136593616894995,0.462625694460384,0.144,0.104,1,"DNAJB2","identity","migrating+mature",0.04,NA,NA,NA,NA
0.136769537636059,0.470178855981675,0.226,0.184,1,"ODR4","identity","migrating+mature",0.042,NA,NA,NA,NA
0.137188040207601,0.558106450461377,0.12,0.085,1,"PROSER1","identity","migrating+mature",0.035,NA,NA,NA,NA
0.137395699625154,0.544966571923471,0.15,0.111,1,"CPEB3","identity","migrating+mature",0.039,NA,NA,NA,NA
0.138484437103774,0.289274531464955,0.176,0.133,1,"FLII","identity","migrating+mature",0.043,NA,NA,NA,NA
0.139419042709135,0.354209577420835,0.284,0.237,1,"MCPH1","identity","migrating+mature",0.047,NA,NA,NA,NA
0.140450189221669,0.590069082832833,0.106,0.073,1,"TMEM161B","identity","migrating+mature",0.033,NA,NA,NA,NA
0.140453073712235,0.728091042311172,0.34,0.323,1,"DSEL","identity","migrating+mature",0.017,NA,NA,NA,NA
0.14136597690062,0.508213005743223,0.123,0.089,1,"ACTR3B","identity","migrating+mature",0.034,NA,NA,NA,NA
0.142036975794671,0.304190569617232,0.305,0.256,1,"EXOC6","identity","migrating+mature",0.049,NA,NA,NA,NA
0.142899967141967,0.291690193634582,0.358,0.313,1,"NUBP2","identity","migrating+mature",0.045,NA,NA,NA,NA
0.144117499852711,0.412063662821251,0.161,0.12,1,"YARS2","identity","migrating+mature",0.041,NA,NA,NA,NA
0.146557729473976,0.431578751588812,0.284,0.241,1,"BCL2L1","identity","migrating+mature",0.043,NA,NA,NA,NA
0.146834545835733,0.538615320555528,0.167,0.13,1,"PGM3","identity","migrating+mature",0.037,NA,NA,NA,NA
0.147228639112068,0.369548967051671,0.252,0.209,1,"SLC25A13","identity","migrating+mature",0.043,NA,NA,NA,NA
0.147372634573044,0.466526477267289,0.223,0.18,1,"RPF1","identity","migrating+mature",0.043,NA,NA,NA,NA
0.147884449137925,0.303177317360209,0.243,0.199,1,"MRGBP","identity","migrating+mature",0.044,NA,NA,NA,NA
0.148559479128318,0.521376903874164,0.232,0.19,1,"PRKCZ","identity","migrating+mature",0.042,NA,NA,NA,NA
0.149430297482476,0.27899820087212,0.472,0.434,1,"ATMIN","identity","migrating+mature",0.038,NA,NA,NA,NA
0.149656532953863,0.769642589724299,0.12,0.089,1,"SLC35A4","identity","migrating+mature",0.031,NA,NA,NA,NA
0.151008002298695,0.403016911934727,0.223,0.18,1,"TMEM134","identity","migrating+mature",0.043,NA,NA,NA,NA
0.151227020595312,0.61542825899055,0.132,0.098,1,"CRIM1","identity","migrating+mature",0.034,NA,NA,NA,NA
0.151359808551857,0.279050191109794,0.155,0.114,1,"VSTM2L","identity","migrating+mature",0.041,NA,NA,NA,NA
0.152469002946368,0.284883836216774,0.328,0.272,1,"SF3A2","identity","migrating+mature",0.056,NA,NA,NA,NA
0.153162112414457,0.466540545176736,0.24,0.199,1,"DKC1","identity","migrating+mature",0.041,NA,NA,NA,NA
0.154124911590507,0.432822353171998,0.17,0.13,1,"AP1B1","identity","migrating+mature",0.04,NA,NA,NA,NA
0.154396334600509,0.252899629443981,0.214,0.168,1,"PIP4K2A","identity","migrating+mature",0.046,NA,NA,NA,NA
0.15577181806029,0.254432418915852,0.572,0.56,1,"C7orf50","identity","migrating+mature",0.0119999999999999,NA,NA,NA,NA
0.156745496440819,0.328148259919682,0.22,0.174,1,"TMEM63B","identity","migrating+mature",0.046,NA,NA,NA,NA
0.157339224515404,0.741869395906984,0.141,0.108,1,"GNB4","identity","migrating+mature",0.033,NA,NA,NA,NA
0.157761086323754,0.312767941213032,0.196,0.158,1,"ZWILCH","identity","migrating+mature",0.038,NA,NA,NA,NA
0.158073693650677,0.353250916036725,0.273,0.231,1,"MOCS2","identity","migrating+mature",0.042,NA,NA,NA,NA
0.158283525133279,0.297941095361994,0.246,0.199,1,"FAM114A2","identity","migrating+mature",0.047,NA,NA,NA,NA
0.160053260611755,0.390752703538025,0.176,0.136,1,"ZNF268","identity","migrating+mature",0.04,NA,NA,NA,NA
0.161712948055102,0.320864727776006,0.152,0.114,1,"MCM3AP","identity","migrating+mature",0.038,NA,NA,NA,NA
0.16362656845625,0.366821178176205,0.296,0.253,1,"CLOCK","identity","migrating+mature",0.043,NA,NA,NA,NA
0.164689058608816,0.303899586946652,0.126,0.092,1,"TBC1D13","identity","migrating+mature",0.034,NA,NA,NA,NA
0.167224593397982,0.550393636512532,0.308,0.285,1,"DNAJC1","identity","migrating+mature",0.023,NA,NA,NA,NA
0.169223243057872,0.468159585925372,0.196,0.158,1,"CSTF1","identity","migrating+mature",0.038,NA,NA,NA,NA
0.169651703092862,0.397292505118489,0.337,0.301,1,"IFI27L2","identity","migrating+mature",0.036,NA,NA,NA,NA
0.170025550551327,0.543400325689066,0.196,0.161,1,"TMEM69","identity","migrating+mature",0.035,NA,NA,NA,NA
0.172750453176494,0.315408932613557,0.484,0.456,1,"BAG5","identity","migrating+mature",0.028,NA,NA,NA,NA
0.172973631776718,0.552643263750462,0.103,0.073,1,"LRRTM2","identity","migrating+mature",0.03,NA,NA,NA,NA
0.173491930678376,0.621113334438518,0.144,0.111,1,"SLC44A2","identity","migrating+mature",0.033,NA,NA,NA,NA
0.174244462424275,0.525648421953491,0.161,0.127,1,"MLST8","identity","migrating+mature",0.034,NA,NA,NA,NA
0.174483163234807,0.353485973084144,0.238,0.193,1,"TFDP1","identity","migrating+mature",0.045,NA,NA,NA,NA
0.174634737991453,0.369845188466416,0.158,0.123,1,"UTP14C","identity","migrating+mature",0.035,NA,NA,NA,NA
0.175933962775654,0.552568829632928,0.12,0.089,1,"TMEM19","identity","migrating+mature",0.031,NA,NA,NA,NA
0.175950700302372,0.263569871113358,0.372,0.335,1,"ENDOG","identity","migrating+mature",0.037,NA,NA,NA,NA
0.176626726375392,0.31847782960498,0.273,0.231,1,"CAMK4","identity","migrating+mature",0.042,NA,NA,NA,NA
0.176866518586758,0.425283100164924,0.205,0.165,1,"EPB41L5","identity","migrating+mature",0.04,NA,NA,NA,NA
0.177435238175946,0.447680188863003,0.179,0.142,1,"CHMP6","identity","migrating+mature",0.037,NA,NA,NA,NA
0.177759391797665,0.380741943948015,0.17,0.133,1,"PARD6G","identity","migrating+mature",0.037,NA,NA,NA,NA
0.178395625310634,0.478492383642321,0.17,0.133,1,"SLC35B2","identity","migrating+mature",0.037,NA,NA,NA,NA
0.178540309348433,0.619982216867673,0.12,0.089,1,"RIOX1","identity","migrating+mature",0.031,NA,NA,NA,NA
0.178598157174062,0.251833698481585,0.484,0.446,1,"IGDCC3","identity","migrating+mature",0.038,NA,NA,NA,NA
0.178657909553061,0.418940367874598,0.296,0.253,1,"APMAP","identity","migrating+mature",0.043,NA,NA,NA,NA
0.178726607799211,0.268022847791305,0.287,0.241,1,"MKNK2","identity","migrating+mature",0.046,NA,NA,NA,NA
0.17892150464849,0.832782463156631,0.15,0.117,1,"MIR762HG","identity","migrating+mature",0.033,NA,NA,NA,NA
0.178984649032266,0.437371912895993,0.214,0.174,1,"JOSD1","identity","migrating+mature",0.04,NA,NA,NA,NA
0.179550012496014,0.581249638580031,0.208,0.174,1,"PARP11","identity","migrating+mature",0.034,NA,NA,NA,NA
0.179591916070016,0.634470612088366,0.123,0.092,1,"METRNL","identity","migrating+mature",0.031,NA,NA,NA,NA
0.179873609321889,0.428140587790309,0.191,0.152,1,"ABCA3","identity","migrating+mature",0.039,NA,NA,NA,NA
0.181651690198399,0.258076309991184,0.44,0.399,1,"HDDC2","identity","migrating+mature",0.041,NA,NA,NA,NA
0.182220104626751,0.313647188686415,0.452,0.415,1,"ANAPC15","identity","migrating+mature",0.037,NA,NA,NA,NA
0.183480812329624,0.259426587008787,0.484,0.446,1,"RNF10","identity","migrating+mature",0.038,NA,NA,NA,NA
0.183561217454381,0.517886388775585,0.1,0.07,1,"MROH1","identity","migrating+mature",0.03,NA,NA,NA,NA
0.184068949772962,0.255741366773797,0.607,0.566,1,"SSNA1","identity","migrating+mature",0.041,NA,NA,NA,NA
0.184723386543771,0.276640317218936,0.384,0.345,1,"TP53I11","identity","migrating+mature",0.039,NA,NA,NA,NA
0.185003461397347,0.367444802431068,0.27,0.225,1,"GLTP","identity","migrating+mature",0.045,NA,NA,NA,NA
0.185154538519079,0.266675014826236,0.355,0.307,1,"PGRMC2","identity","migrating+mature",0.048,NA,NA,NA,NA
0.185502650872018,0.583906124528592,0.182,0.149,1,"FAM120B","identity","migrating+mature",0.033,NA,NA,NA,NA
0.185707359866396,0.621948198495561,0.106,0.076,1,"CCDC88C","identity","migrating+mature",0.03,NA,NA,NA,NA
0.185826038705172,0.280396454699018,0.54,0.525,1,"ARPC4","identity","migrating+mature",0.015,NA,NA,NA,NA
0.18613550669086,0.288228229508357,0.499,0.475,1,"MSI1","identity","migrating+mature",0.024,NA,NA,NA,NA
0.188647869881545,0.252875819794525,0.592,0.579,1,"EI24","identity","migrating+mature",0.013,NA,NA,NA,NA
0.189031945708711,0.507946387149197,0.176,0.139,1,"PXK","identity","migrating+mature",0.037,NA,NA,NA,NA
0.189636560036801,0.298523105684956,0.235,0.196,1,"TARDBP","identity","migrating+mature",0.039,NA,NA,NA,NA
0.189644532732757,0.531428940717234,0.12,0.089,1,"CENPBD1","identity","migrating+mature",0.031,NA,NA,NA,NA
0.190406058858557,0.467288974487083,0.126,0.095,1,"PTPN23","identity","migrating+mature",0.031,NA,NA,NA,NA
0.19117073635167,0.544772718744442,0.167,0.133,1,"ZNF778","identity","migrating+mature",0.034,NA,NA,NA,NA
0.191217264890619,0.330639533633276,0.361,0.313,1,"PGAP1","identity","migrating+mature",0.048,NA,NA,NA,NA
0.192353549042472,0.464417299026925,0.188,0.152,1,"RMDN3","identity","migrating+mature",0.036,NA,NA,NA,NA
0.192826429089661,0.420990693826915,0.185,0.149,1,"PIM3","identity","migrating+mature",0.036,NA,NA,NA,NA
0.194007150410214,0.291696731535814,0.443,0.415,1,"MYL12A","identity","migrating+mature",0.028,NA,NA,NA,NA
0.194359612044725,0.314679247723696,0.37,0.332,1,"MAPK8IP2","identity","migrating+mature",0.038,NA,NA,NA,NA
0.19508666986171,0.311264857305327,0.117,0.085,1,"USP31","identity","migrating+mature",0.032,NA,NA,NA,NA
0.19956575762647,0.311361470253061,0.196,0.158,1,"BCAR1","identity","migrating+mature",0.038,NA,NA,NA,NA
0.200036006703561,0.280610921383922,0.1,0.07,1,"NOM1","identity","migrating+mature",0.03,NA,NA,NA,NA
0.200242259221531,0.59654518879945,0.15,0.12,1,"MID1","identity","migrating+mature",0.03,NA,NA,NA,NA
0.201269636311604,0.259442566186141,0.258,0.218,1,"FAM69B","identity","migrating+mature",0.04,NA,NA,NA,NA
0.202055098695009,0.324777726370452,0.402,0.361,1,"HES6","identity","migrating+mature",0.041,NA,NA,NA,NA
0.203439598355781,0.266652238538295,0.273,0.228,1,"UVRAG","identity","migrating+mature",0.045,NA,NA,NA,NA
0.203821132469487,0.321574731430471,0.229,0.19,1,"ASCC1","identity","migrating+mature",0.039,NA,NA,NA,NA
0.204172755505388,0.335006269498312,0.155,0.12,1,"TIMM29","identity","migrating+mature",0.035,NA,NA,NA,NA
0.204884618887461,0.532999595725276,0.114,0.085,1,"FASTKD1","identity","migrating+mature",0.029,NA,NA,NA,NA
0.20565477688282,0.315206239374458,0.419,0.389,1,"CALCOCO1","identity","migrating+mature",0.03,NA,NA,NA,NA
0.206365857042936,0.254463741499325,0.496,0.453,1,"MPC1","identity","migrating+mature",0.043,NA,NA,NA,NA
0.206915571431673,0.296985406825893,0.34,0.304,1,"KLHL35","identity","migrating+mature",0.036,NA,NA,NA,NA
0.208182362901481,0.327293537766067,0.194,0.155,1,"NSDHL","identity","migrating+mature",0.039,NA,NA,NA,NA
0.208719650423238,0.257288571989034,0.416,0.377,1,"MSL1","identity","migrating+mature",0.039,NA,NA,NA,NA
0.210469410975306,0.289835864700551,0.211,0.174,1,"ABHD12","identity","migrating+mature",0.037,NA,NA,NA,NA
0.210627928408372,0.294970255458691,0.428,0.377,1,"MNAT1","identity","migrating+mature",0.051,NA,NA,NA,NA
0.21120853116193,0.428290035069419,0.12,0.092,1,"VIPAS39","identity","migrating+mature",0.028,NA,NA,NA,NA
0.212627850972455,0.384920564251777,0.22,0.184,1,"HMGXB3","identity","migrating+mature",0.036,NA,NA,NA,NA
0.212687330926303,0.471749923282442,0.111,0.082,1,"ATP6V0A2","identity","migrating+mature",0.029,NA,NA,NA,NA
0.213229820315245,0.465232323777748,0.17,0.136,1,"NTHL1","identity","migrating+mature",0.034,NA,NA,NA,NA
0.213762923059119,0.290537496920459,0.258,0.218,1,"TDP2","identity","migrating+mature",0.04,NA,NA,NA,NA
0.213914423011776,0.39086623787562,0.255,0.215,1,"USE1","identity","migrating+mature",0.04,NA,NA,NA,NA
0.214489356293956,0.373957944323825,0.129,0.098,1,"ESRRA","identity","migrating+mature",0.031,NA,NA,NA,NA
0.21457099128075,0.541686580874674,0.15,0.12,1,"CD99L2","identity","migrating+mature",0.03,NA,NA,NA,NA
0.215114102293637,0.254734865294754,0.481,0.465,1,"UQCC2","identity","migrating+mature",0.016,NA,NA,NA,NA
0.215945874794806,0.32539858911485,0.328,0.294,1,"EMD","identity","migrating+mature",0.034,NA,NA,NA,NA
0.2169516121996,0.259256932825044,0.293,0.253,1,"FBXO45","identity","migrating+mature",0.04,NA,NA,NA,NA
0.217565718356802,0.261235946517937,0.296,0.259,1,"PARP2","identity","migrating+mature",0.037,NA,NA,NA,NA
0.218366413113586,0.264980904742861,0.554,0.532,1,"R3HCC1","identity","migrating+mature",0.022,NA,NA,NA,NA
0.219494780272712,0.47938214505201,0.138,0.108,1,"FBXO33","identity","migrating+mature",0.03,NA,NA,NA,NA
0.221394048189889,0.621893348997185,0.126,0.098,1,"C17orf49","identity","migrating+mature",0.028,NA,NA,NA,NA
0.221463990064365,0.584109949797776,0.194,0.161,1,"PRR14","identity","migrating+mature",0.033,NA,NA,NA,NA
0.221874547745405,0.4035511925825,0.217,0.184,1,"MCMBP","identity","migrating+mature",0.033,NA,NA,NA,NA
0.222836995308484,0.358829939812658,0.308,0.282,1,"LMBR1L","identity","migrating+mature",0.026,NA,NA,NA,NA
0.223012769444354,0.345485332924975,0.132,0.101,1,"NUDT10","identity","migrating+mature",0.031,NA,NA,NA,NA
0.223227625435595,0.436686985761294,0.246,0.212,1,"KIAA1143","identity","migrating+mature",0.034,NA,NA,NA,NA
0.223312173452874,0.251338815041868,0.323,0.278,1,"SERPINE2","identity","migrating+mature",0.045,NA,NA,NA,NA
0.223482624775896,0.361923597067082,0.194,0.158,1,"SNUPN","identity","migrating+mature",0.036,NA,NA,NA,NA
0.225635832604049,0.480196101304586,0.191,0.158,1,"ARNT2","identity","migrating+mature",0.033,NA,NA,NA,NA
0.226277047279256,0.362426350570706,0.211,0.177,1,"EZH1","identity","migrating+mature",0.034,NA,NA,NA,NA
0.22679725655261,0.302966927234216,0.361,0.323,1,"ARHGEF7","identity","migrating+mature",0.038,NA,NA,NA,NA
0.227008192793545,0.304300257099039,0.358,0.313,1,"ZNF138","identity","migrating+mature",0.045,NA,NA,NA,NA
0.227790011313058,0.649810741256241,0.106,0.079,1,"KLHL3","identity","migrating+mature",0.027,NA,NA,NA,NA
0.228587834854706,0.3564186084156,0.299,0.263,1,"POLR2C","identity","migrating+mature",0.036,NA,NA,NA,NA
0.228770208195692,0.40689571917255,0.191,0.155,1,"SH3BGRL2","identity","migrating+mature",0.036,NA,NA,NA,NA
0.230097407538888,0.269428864538551,0.273,0.234,1,"CAMK2B","identity","migrating+mature",0.039,NA,NA,NA,NA
0.230481448028688,0.57077572648708,0.103,0.076,1,"AL121929.2","identity","migrating+mature",0.027,NA,NA,NA,NA
0.233498830822416,0.2659966763909,0.129,0.098,1,"TMEM184B","identity","migrating+mature",0.031,NA,NA,NA,NA
0.234034454014431,0.375929514036482,0.173,0.139,1,"SIGMAR1","identity","migrating+mature",0.034,NA,NA,NA,NA
0.234664165455516,0.504478949356403,0.123,0.095,1,"GGT7","identity","migrating+mature",0.028,NA,NA,NA,NA
0.235329369381341,0.753739074373934,0.135,0.108,1,"CEP128","identity","migrating+mature",0.027,NA,NA,NA,NA
0.236964896790065,0.411685647422512,0.296,0.269,1,"NT5C","identity","migrating+mature",0.027,NA,NA,NA,NA
0.240238554174679,0.260184042107176,0.229,0.187,1,"NSUN5","identity","migrating+mature",0.042,NA,NA,NA,NA
0.242223870565167,0.28539592969391,0.111,0.082,1,"AC027288.3","identity","migrating+mature",0.029,NA,NA,NA,NA
0.242334144080747,0.633753960840216,0.1,0.076,1,"ELFN1","identity","migrating+mature",0.024,NA,NA,NA,NA
0.242847151880642,0.319712428981473,0.208,0.174,1,"PPP1R35","identity","migrating+mature",0.034,NA,NA,NA,NA
0.244189766657272,0.307764283381116,0.287,0.25,1,"ZNF7","identity","migrating+mature",0.037,NA,NA,NA,NA
0.245262307179573,0.449164804619234,0.173,0.142,1,"TMEM222","identity","migrating+mature",0.031,NA,NA,NA,NA
0.245891610963643,0.575576426221427,0.141,0.111,1,"EIF1AD","identity","migrating+mature",0.03,NA,NA,NA,NA
0.246411001031543,0.419521670656258,0.194,0.165,1,"DKK3","identity","migrating+mature",0.029,NA,NA,NA,NA
0.246829932169228,0.547348109213169,0.123,0.095,1,"AARS","identity","migrating+mature",0.028,NA,NA,NA,NA
0.247312973150361,0.439901309505027,0.17,0.136,1,"SDHAF1","identity","migrating+mature",0.034,NA,NA,NA,NA
0.248884190316021,0.484986996849035,0.147,0.117,1,"USP51","identity","migrating+mature",0.03,NA,NA,NA,NA
0.249731663214992,0.494457074208565,0.167,0.139,1,"BLVRA","identity","migrating+mature",0.028,NA,NA,NA,NA
0.25096280451754,0.539720087107999,0.114,0.089,1,"SCUBE1","identity","migrating+mature",0.025,NA,NA,NA,NA
0.251383876272072,0.490051985511079,0.24,0.212,1,"ZCCHC7","identity","migrating+mature",0.028,NA,NA,NA,NA
0.2513938884591,0.361643109630465,0.346,0.313,1,"MANF","identity","migrating+mature",0.033,NA,NA,NA,NA
0.251708087759203,0.285258464321086,0.261,0.228,1,"CLK4","identity","migrating+mature",0.033,NA,NA,NA,NA
0.251711948805405,0.374743960903088,0.196,0.161,1,"ZMIZ2","identity","migrating+mature",0.035,NA,NA,NA,NA
0.252509898723172,0.262472352183591,0.194,0.158,1,"RIMKLA","identity","migrating+mature",0.036,NA,NA,NA,NA
0.252842039070912,0.549513587093033,0.117,0.092,1,"KAT5","identity","migrating+mature",0.025,NA,NA,NA,NA
0.2538914575837,0.371251116604129,0.29,0.256,1,"RPS6KL1","identity","migrating+mature",0.034,NA,NA,NA,NA
0.255000980638022,0.259346734237725,0.399,0.364,1,"LRP3","identity","migrating+mature",0.035,NA,NA,NA,NA
0.255400778671438,0.422615794165607,0.173,0.142,1,"MMP16","identity","migrating+mature",0.031,NA,NA,NA,NA
0.255805653297952,0.426316005914803,0.22,0.187,1,"RNPEP","identity","migrating+mature",0.033,NA,NA,NA,NA
0.256243727872098,0.521778244190534,0.144,0.117,1,"BIVM","identity","migrating+mature",0.027,NA,NA,NA,NA
0.256340067659139,0.555735217755928,0.109,0.082,1,"ABCG1","identity","migrating+mature",0.027,NA,NA,NA,NA
0.257114129509294,0.35040222116675,0.217,0.18,1,"PDHX","identity","migrating+mature",0.037,NA,NA,NA,NA
0.258659617555232,0.331822262231464,0.302,0.278,1,"GLUD1","identity","migrating+mature",0.024,NA,NA,NA,NA
0.260252170193151,0.37001262291521,0.194,0.161,1,"ANKRD54","identity","migrating+mature",0.033,NA,NA,NA,NA
0.260478988508794,0.371820158502413,0.132,0.104,1,"WRAP53","identity","migrating+mature",0.028,NA,NA,NA,NA
0.260528441383457,0.293387556727308,0.176,0.146,1,"DPP6","identity","migrating+mature",0.03,NA,NA,NA,NA
0.262120244306779,0.390721959665655,0.109,0.082,1,"ORC2","identity","migrating+mature",0.027,NA,NA,NA,NA
0.263484183223448,0.313156792075005,0.302,0.272,1,"BBS7","identity","migrating+mature",0.03,NA,NA,NA,NA
0.265423373774136,0.50838996987234,0.229,0.203,1,"CCDC106","identity","migrating+mature",0.026,NA,NA,NA,NA
0.266491647259621,0.265411295757915,0.405,0.386,1,"IDH3G","identity","migrating+mature",0.019,NA,NA,NA,NA
0.267284257331208,0.592300604433294,0.103,0.079,1,"CCDC28A","identity","migrating+mature",0.024,NA,NA,NA,NA
0.267639434749155,0.541295480755516,0.103,0.079,1,"TAOK2","identity","migrating+mature",0.024,NA,NA,NA,NA
0.268175098781818,0.584250244708332,0.12,0.095,1,"RCC1L","identity","migrating+mature",0.025,NA,NA,NA,NA
0.268251972186496,0.34938993819588,0.214,0.18,1,"MBOAT7","identity","migrating+mature",0.034,NA,NA,NA,NA
0.268403593597274,0.324949790853794,0.337,0.307,1,"KCNB1","identity","migrating+mature",0.03,NA,NA,NA,NA
0.271232359634706,0.34555352050657,0.114,0.089,1,"RCBTB1","identity","migrating+mature",0.025,NA,NA,NA,NA
0.272521258367741,0.389367736413122,0.1,0.076,1,"FTSJ3","identity","migrating+mature",0.024,NA,NA,NA,NA
0.273599294480044,0.386948030972064,0.141,0.114,1,"ATG4A","identity","migrating+mature",0.027,NA,NA,NA,NA
0.274107429443164,0.27046839849367,0.208,0.174,1,"TAF6","identity","migrating+mature",0.034,NA,NA,NA,NA
0.274200596367349,0.268220118296466,0.223,0.187,1,"ANKZF1","identity","migrating+mature",0.036,NA,NA,NA,NA
0.27513417407876,0.401313941700171,0.188,0.158,1,"EPS15L1","identity","migrating+mature",0.03,NA,NA,NA,NA
0.275311869800268,0.436233068906745,0.141,0.114,1,"TCTA","identity","migrating+mature",0.027,NA,NA,NA,NA
0.275316872367567,0.468109188891764,0.117,0.092,1,"AC010336.3","identity","migrating+mature",0.025,NA,NA,NA,NA
0.275622243801881,0.278271734098736,0.334,0.301,1,"PARL","identity","migrating+mature",0.033,NA,NA,NA,NA
0.275894653894339,0.448680201876038,0.17,0.142,1,"DUSP14","identity","migrating+mature",0.028,NA,NA,NA,NA
0.277592556637865,0.299617632788725,0.211,0.174,1,"ACOX1","identity","migrating+mature",0.037,NA,NA,NA,NA
0.279202850147266,0.375472080305,0.17,0.142,1,"PET117","identity","migrating+mature",0.028,NA,NA,NA,NA
0.280471636021931,0.31516847583265,0.229,0.196,1,"HNRNPLL","identity","migrating+mature",0.033,NA,NA,NA,NA
0.281335011409338,0.416149740898931,0.199,0.174,1,"MLXIP","identity","migrating+mature",0.025,NA,NA,NA,NA
0.282599767130279,0.475985639651665,0.123,0.098,1,"SESN1","identity","migrating+mature",0.025,NA,NA,NA,NA
0.283674440481247,0.411067237189789,0.185,0.152,1,"HAUS2","identity","migrating+mature",0.033,NA,NA,NA,NA
0.2852345511513,0.368385954074884,0.144,0.117,1,"CAVIN4","identity","migrating+mature",0.027,NA,NA,NA,NA
0.285933857908309,0.281969701714198,0.419,0.396,1,"ZSCAN9","identity","migrating+mature",0.023,NA,NA,NA,NA
0.288107080916445,0.387064854239604,0.17,0.142,1,"SH2B1","identity","migrating+mature",0.028,NA,NA,NA,NA
0.289219221328743,0.492673745753742,0.179,0.152,1,"METTL16","identity","migrating+mature",0.027,NA,NA,NA,NA
0.290280605667325,0.400763045953052,0.199,0.171,1,"TADA2A","identity","migrating+mature",0.028,NA,NA,NA,NA
0.291745239381896,0.457731494280014,0.109,0.085,1,"ALKBH3","identity","migrating+mature",0.024,NA,NA,NA,NA
0.292870304954923,0.346008148488231,0.147,0.12,1,"RIPOR1","identity","migrating+mature",0.027,NA,NA,NA,NA
0.295844631531784,0.300135467585308,0.214,0.184,1,"EIF2B2","identity","migrating+mature",0.03,NA,NA,NA,NA
0.296453997145379,0.279468749512587,0.144,0.117,1,"TMED1","identity","migrating+mature",0.027,NA,NA,NA,NA
0.300170075713752,0.470878404150183,0.173,0.146,1,"ICMT","identity","migrating+mature",0.027,NA,NA,NA,NA
0.300198821305654,0.348417527554024,0.117,0.092,1,"ABRAXAS1","identity","migrating+mature",0.025,NA,NA,NA,NA
0.301302900319469,0.251468751841997,0.114,0.089,1,"TMEM131L","identity","migrating+mature",0.025,NA,NA,NA,NA
0.302182500448692,0.29077536755241,0.279,0.247,1,"SAC3D1","identity","migrating+mature",0.032,NA,NA,NA,NA
0.303645442294423,0.402753734295212,0.12,0.095,1,"HUS1","identity","migrating+mature",0.025,NA,NA,NA,NA
0.304336999550763,0.354521074203235,0.17,0.142,1,"NYAP2","identity","migrating+mature",0.028,NA,NA,NA,NA
0.304555217457552,0.469632254240357,0.109,0.085,1,"KLHL36","identity","migrating+mature",0.024,NA,NA,NA,NA
0.304743592893642,0.438984656747369,0.109,0.085,1,"C3orf62","identity","migrating+mature",0.024,NA,NA,NA,NA
0.304953377423439,0.492272129160566,0.164,0.136,1,"NCOA5","identity","migrating+mature",0.028,NA,NA,NA,NA
0.306133710253782,0.306249749389003,0.293,0.266,1,"AGPAT5","identity","migrating+mature",0.027,NA,NA,NA,NA
0.306914154505972,0.51587253489259,0.173,0.149,1,"AKTIP","identity","migrating+mature",0.024,NA,NA,NA,NA
0.308855162479955,0.324927150502476,0.255,0.228,1,"COQ5","identity","migrating+mature",0.027,NA,NA,NA,NA
0.310405436646225,0.595799190904768,0.114,0.092,1,"EPG5","identity","migrating+mature",0.022,NA,NA,NA,NA
0.312055999718755,0.299415007900473,0.334,0.307,1,"FAM155A","identity","migrating+mature",0.027,NA,NA,NA,NA
0.31275159008782,0.302029361724833,0.106,0.082,1,"TMEM145","identity","migrating+mature",0.024,NA,NA,NA,NA
0.313150574791681,0.289642326196347,0.34,0.304,1,"KIAA0930","identity","migrating+mature",0.036,NA,NA,NA,NA
0.314479244448847,0.440995407474484,0.126,0.101,1,"ACO1","identity","migrating+mature",0.025,NA,NA,NA,NA
0.315013241248728,0.562667515840358,0.164,0.139,1,"CKS2","identity","migrating+mature",0.025,NA,NA,NA,NA
0.316580095523669,0.322545189106341,0.182,0.155,1,"GLI4","identity","migrating+mature",0.027,NA,NA,NA,NA
0.316924070824516,0.463509111782989,0.111,0.089,1,"AIMP2","identity","migrating+mature",0.022,NA,NA,NA,NA
0.31704329352248,0.303474271349207,0.211,0.177,1,"COMMD5","identity","migrating+mature",0.034,NA,NA,NA,NA
0.318280743747132,0.299011114809511,0.299,0.272,1,"VOPP1","identity","migrating+mature",0.027,NA,NA,NA,NA
0.320374237263635,0.305466238139634,0.167,0.139,1,"ZNF511","identity","migrating+mature",0.028,NA,NA,NA,NA
0.320862727044425,0.281044162862074,0.182,0.155,1,"NEU1","identity","migrating+mature",0.027,NA,NA,NA,NA
0.321968241017418,0.594495030107669,0.12,0.098,1,"BHLHB9","identity","migrating+mature",0.022,NA,NA,NA,NA
0.322175195636911,0.327032125512192,0.106,0.082,1,"BBS2","identity","migrating+mature",0.024,NA,NA,NA,NA
0.32328107943853,0.311343859514411,0.566,0.684,1,"MEIS2","identity","migrating+mature",-0.118,NA,NA,NA,NA
0.324161530307347,0.313747404501526,0.106,0.082,1,"TSPOAP1","identity","migrating+mature",0.024,NA,NA,NA,NA
0.324537058190007,0.258018035132805,0.226,0.196,1,"GPR19","identity","migrating+mature",0.03,NA,NA,NA,NA
0.325623607919469,0.360091640176787,0.323,0.31,1,"SAMD14","identity","migrating+mature",0.013,NA,NA,NA,NA
0.326008782049934,0.325796328892627,0.449,0.443,1,"ITFG1","identity","migrating+mature",0.006,NA,NA,NA,NA
0.327989121950049,0.376270705644895,0.208,0.187,1,"SLIT2","identity","migrating+mature",0.021,NA,NA,NA,NA
0.329331076584542,0.292710439488971,0.114,0.092,1,"AP003469.4","identity","migrating+mature",0.022,NA,NA,NA,NA
0.329475925538104,0.420816465087559,0.147,0.123,1,"RCOR1","identity","migrating+mature",0.024,NA,NA,NA,NA
0.330063376428895,0.330755610564394,0.22,0.19,1,"TBC1D23","identity","migrating+mature",0.03,NA,NA,NA,NA
0.331193854890358,0.325263276469148,0.147,0.123,1,"PYGB","identity","migrating+mature",0.024,NA,NA,NA,NA
0.332132741738117,0.599241788512962,0.135,0.114,1,"MAGEE1","identity","migrating+mature",0.021,NA,NA,NA,NA
0.337870214819774,0.259252721618396,0.179,0.149,1,"PPM1D","identity","migrating+mature",0.03,NA,NA,NA,NA
0.338912044632599,0.329048949969913,0.152,0.127,1,"BAP1","identity","migrating+mature",0.025,NA,NA,NA,NA
0.343416547587464,0.27148766445683,0.276,0.247,1,"HEXDC","identity","migrating+mature",0.029,NA,NA,NA,NA
0.345485497231839,0.50927528464821,0.132,0.111,1,"SBF1","identity","migrating+mature",0.021,NA,NA,NA,NA
0.348346898486065,0.282580396666884,0.155,0.13,1,"DENND5A","identity","migrating+mature",0.025,NA,NA,NA,NA
0.348407933532652,0.592419266743976,0.111,0.092,1,"EFCAB14","identity","migrating+mature",0.019,NA,NA,NA,NA
0.35118656403522,0.432816058784058,0.147,0.123,1,"TUNAR","identity","migrating+mature",0.024,NA,NA,NA,NA
0.351243520855075,0.337123197327371,0.226,0.199,1,"DHCR7","identity","migrating+mature",0.027,NA,NA,NA,NA
0.352777040269303,0.356437372456242,0.167,0.142,1,"PPP2R3B","identity","migrating+mature",0.025,NA,NA,NA,NA
0.355819611099568,0.712810921991874,0.147,0.127,1,"VASH1","identity","migrating+mature",0.02,NA,NA,NA,NA
0.356786716819583,0.26857415222114,0.284,0.256,1,"HTRA2","identity","migrating+mature",0.028,NA,NA,NA,NA
0.358462323292058,0.328934989385054,0.267,0.241,1,"ZNF570","identity","migrating+mature",0.026,NA,NA,NA,NA
0.359426220938849,0.413445019755687,0.229,0.209,1,"PAPOLG","identity","migrating+mature",0.02,NA,NA,NA,NA
0.359429518193127,0.341106799843665,0.12,0.098,1,"MAGEL2","identity","migrating+mature",0.022,NA,NA,NA,NA
0.362811860383294,0.411604388500357,0.1,0.079,1,"GUCD1","identity","migrating+mature",0.021,NA,NA,NA,NA
0.363448563893768,0.483910518191744,0.109,0.089,1,"NCDN","identity","migrating+mature",0.02,NA,NA,NA,NA
0.364193588725324,0.328801514093055,0.185,0.161,1,"ADSL","identity","migrating+mature",0.024,NA,NA,NA,NA
0.366328635564545,0.291206918983256,0.331,0.307,1,"SOS1","identity","migrating+mature",0.024,NA,NA,NA,NA
0.366812047652371,0.439776177539255,0.109,0.089,1,"ATP2B1-AS1","identity","migrating+mature",0.02,NA,NA,NA,NA
0.367055321499985,0.364528131673931,0.199,0.174,1,"DPM1","identity","migrating+mature",0.025,NA,NA,NA,NA
0.369568564085887,0.296847566079975,0.152,0.13,1,"RNF138","identity","migrating+mature",0.022,NA,NA,NA,NA
0.369888251371037,0.251011770206147,0.126,0.104,1,"MFN2","identity","migrating+mature",0.022,NA,NA,NA,NA
0.371316762891662,0.406961605459671,0.235,0.215,1,"RAB39B","identity","migrating+mature",0.02,NA,NA,NA,NA
0.371809755755597,0.314551052951512,0.106,0.085,1,"PTX3","identity","migrating+mature",0.021,NA,NA,NA,NA
0.372442611225422,0.342404646822318,0.311,0.288,1,"MMGT1","identity","migrating+mature",0.023,NA,NA,NA,NA
0.373524986187199,0.268784567779381,0.39,0.361,1,"PSMG3","identity","migrating+mature",0.029,NA,NA,NA,NA
0.37463615737131,0.372118590273024,0.235,0.215,1,"MAPK1","identity","migrating+mature",0.02,NA,NA,NA,NA
0.374814616329678,0.428951154208108,0.15,0.127,1,"EFTUD2","identity","migrating+mature",0.023,NA,NA,NA,NA
0.377402386544775,0.327832871151104,0.12,0.098,1,"MMP15","identity","migrating+mature",0.022,NA,NA,NA,NA
0.378249154092495,0.289799283696498,0.126,0.104,1,"METTL3","identity","migrating+mature",0.022,NA,NA,NA,NA
0.378665108975958,0.397615894317038,0.22,0.196,1,"RAPH1","identity","migrating+mature",0.024,NA,NA,NA,NA
0.379734781911261,0.301800859363107,0.17,0.149,1,"CTBP1-DT","identity","migrating+mature",0.021,NA,NA,NA,NA
0.380167692980004,0.362145361764977,0.176,0.155,1,"TTC13","identity","migrating+mature",0.021,NA,NA,NA,NA
0.380501708699949,0.484355797548677,0.173,0.152,1,"ANXA7","identity","migrating+mature",0.021,NA,NA,NA,NA
0.381855886771214,0.260419214825318,0.405,0.399,1,"HM13","identity","migrating+mature",0.006,NA,NA,NA,NA
0.381884652288973,0.489663764976492,0.129,0.108,1,"GNA11","identity","migrating+mature",0.021,NA,NA,NA,NA
0.385960732501074,0.392597710628572,0.103,0.082,1,"ZXDC","identity","migrating+mature",0.021,NA,NA,NA,NA
0.388375865841578,0.351170010262824,0.22,0.199,1,"ATG4D","identity","migrating+mature",0.021,NA,NA,NA,NA
0.388847401647338,0.369490629347093,0.196,0.171,1,"SOCS6","identity","migrating+mature",0.025,NA,NA,NA,NA
0.389061435294883,0.692924552391468,0.123,0.104,1,"MGME1","identity","migrating+mature",0.019,NA,NA,NA,NA
0.392785694765317,0.298043859062642,0.22,0.196,1,"TMED3","identity","migrating+mature",0.024,NA,NA,NA,NA
0.39562412641985,0.334918290266608,0.217,0.196,1,"RPL39L","identity","migrating+mature",0.021,NA,NA,NA,NA
0.396553294132091,0.27725675712944,0.126,0.104,1,"ASXL2","identity","migrating+mature",0.022,NA,NA,NA,NA
0.3970214467033,0.277522979502213,0.24,0.215,1,"ZNF143","identity","migrating+mature",0.025,NA,NA,NA,NA
0.398101494717351,0.276715373048038,0.22,0.196,1,"WDR44","identity","migrating+mature",0.024,NA,NA,NA,NA
0.399027700426745,0.272070234599662,0.135,0.114,1,"CNPPD1","identity","migrating+mature",0.021,NA,NA,NA,NA
0.400431356698157,0.351813764956943,0.135,0.114,1,"CLCC1","identity","migrating+mature",0.021,NA,NA,NA,NA
0.403017359483968,0.297059535942805,0.411,0.405,1,"DPF1","identity","migrating+mature",0.00599999999999995,NA,NA,NA,NA
0.403185043962403,0.48198769280318,0.223,0.206,1,"ZIC4","identity","migrating+mature",0.017,NA,NA,NA,NA
0.403249416972687,0.27218310303592,0.161,0.139,1,"ZNF121","identity","migrating+mature",0.022,NA,NA,NA,NA
0.404064434276334,0.318503006779171,0.155,0.133,1,"ZNF441","identity","migrating+mature",0.022,NA,NA,NA,NA
0.40451554853635,0.44355010261292,0.12,0.101,1,"GRK5","identity","migrating+mature",0.019,NA,NA,NA,NA
0.407078553109347,0.326777319845011,0.238,0.218,1,"BID","identity","migrating+mature",0.02,NA,NA,NA,NA
0.407090335825204,0.444568784995574,0.117,0.098,1,"BIN3","identity","migrating+mature",0.019,NA,NA,NA,NA
0.408171665999001,0.25862151983061,0.276,0.256,1,"PDRG1","identity","migrating+mature",0.02,NA,NA,NA,NA
0.408260627969665,0.442898287636567,0.103,0.085,1,"RNF25","identity","migrating+mature",0.018,NA,NA,NA,NA
0.412872784158542,0.326102213360436,0.328,0.316,1,"MALSU1","identity","migrating+mature",0.012,NA,NA,NA,NA
0.413164445983926,0.389195755568693,0.117,0.098,1,"TRMT1","identity","migrating+mature",0.019,NA,NA,NA,NA
0.413500458137177,0.726605458823257,0.12,0.101,1,"CPSF4","identity","migrating+mature",0.019,NA,NA,NA,NA
0.4150005889361,0.340291834154164,0.123,0.104,1,"SHROOM2","identity","migrating+mature",0.019,NA,NA,NA,NA
0.419036508058076,0.28002408361119,0.138,0.12,1,"ANKH","identity","migrating+mature",0.018,NA,NA,NA,NA
0.419883601776704,0.266448914160106,0.431,0.415,1,"CRK","identity","migrating+mature",0.016,NA,NA,NA,NA
0.423130466808999,0.499740527652334,0.103,0.085,1,"CRB2","identity","migrating+mature",0.018,NA,NA,NA,NA
0.42336535451838,0.593805135521966,0.103,0.085,1,"NUP98","identity","migrating+mature",0.018,NA,NA,NA,NA
0.425599480466282,0.28973751461292,0.326,0.307,1,"FAM96A","identity","migrating+mature",0.019,NA,NA,NA,NA
0.427694126591174,0.404629489551022,0.161,0.142,1,"FGD1","identity","migrating+mature",0.019,NA,NA,NA,NA
0.428147513667955,0.252526208362253,0.179,0.155,1,"DHTKD1","identity","migrating+mature",0.024,NA,NA,NA,NA
0.42834610576073,0.367774229786322,0.106,0.089,1,"RCE1","identity","migrating+mature",0.017,NA,NA,NA,NA
0.431147070599681,0.374104508431603,0.214,0.196,1,"ZNF566","identity","migrating+mature",0.018,NA,NA,NA,NA
0.432122521934473,0.311882590145226,0.132,0.114,1,"TMEM8B","identity","migrating+mature",0.018,NA,NA,NA,NA
0.432804763874895,0.384227562614208,0.135,0.117,1,"GTF2E2","identity","migrating+mature",0.018,NA,NA,NA,NA
0.433013872595258,0.335483042362555,0.135,0.117,1,"ARL5A","identity","migrating+mature",0.018,NA,NA,NA,NA
0.433075388445766,0.334356336937716,0.144,0.127,1,"HPCAL1","identity","migrating+mature",0.017,NA,NA,NA,NA
0.43394198492964,0.276462949753642,0.138,0.117,1,"RTP1","identity","migrating+mature",0.021,NA,NA,NA,NA
0.435224850986594,0.290351315417326,0.305,0.282,1,"DTX3","identity","migrating+mature",0.023,NA,NA,NA,NA
0.436787799168137,0.25844594005035,0.358,0.342,1,"C1orf131","identity","migrating+mature",0.016,NA,NA,NA,NA
0.437084517770534,0.315723236742785,0.123,0.104,1,"BANP","identity","migrating+mature",0.019,NA,NA,NA,NA
0.437089007721244,0.270025453934419,0.155,0.136,1,"COG2","identity","migrating+mature",0.019,NA,NA,NA,NA
0.438092475414502,0.254097596486422,0.164,0.142,1,"NDFIP2","identity","migrating+mature",0.022,NA,NA,NA,NA
0.439644715620807,0.351038655653921,0.261,0.237,1,"CHST1","identity","migrating+mature",0.024,NA,NA,NA,NA
0.439726384940714,0.340481640834216,0.123,0.104,1,"SNTB2","identity","migrating+mature",0.019,NA,NA,NA,NA
0.44079611049703,0.360970626734642,0.15,0.13,1,"RNF4","identity","migrating+mature",0.02,NA,NA,NA,NA
0.441200427844535,0.301889489340422,0.15,0.13,1,"BCL9L","identity","migrating+mature",0.02,NA,NA,NA,NA
0.445943516405369,0.279564251524024,0.226,0.209,1,"DOCK11","identity","migrating+mature",0.017,NA,NA,NA,NA
0.450604272025358,0.448485728572765,0.176,0.158,1,"VRK3","identity","migrating+mature",0.018,NA,NA,NA,NA
0.45073731868426,0.36741406753216,0.126,0.108,1,"MAP3K3","identity","migrating+mature",0.018,NA,NA,NA,NA
0.451778008694038,0.505643326898042,0.114,0.098,1,"CARD8","identity","migrating+mature",0.016,NA,NA,NA,NA
0.45406063797841,0.306769705552239,0.126,0.108,1,"EBF4","identity","migrating+mature",0.018,NA,NA,NA,NA
0.456751389251904,0.371283835355539,0.17,0.152,1,"THAP7","identity","migrating+mature",0.018,NA,NA,NA,NA
0.461155390254223,0.397952414019433,0.487,0.509,1,"LMO4","identity","migrating+mature",-0.022,NA,NA,NA,NA
0.461865160496261,0.250561438401123,0.199,0.177,1,"PUS3","identity","migrating+mature",0.022,NA,NA,NA,NA
0.462812842044443,0.399843538483112,0.111,0.095,1,"GMNN","identity","migrating+mature",0.016,NA,NA,NA,NA
0.463224724372853,0.276019640884139,0.217,0.196,1,"ZNF146","identity","migrating+mature",0.021,NA,NA,NA,NA
0.464981724826929,0.320238204878707,0.334,0.316,1,"GPATCH11","identity","migrating+mature",0.018,NA,NA,NA,NA
0.465156698764978,0.255908432532467,0.337,0.323,1,"CSNK1D","identity","migrating+mature",0.014,NA,NA,NA,NA
0.466262142021363,0.448231067182483,0.135,0.12,1,"SOCS7","identity","migrating+mature",0.015,NA,NA,NA,NA
0.468555724270381,0.270349550464908,0.238,0.215,1,"TLNRD1","identity","migrating+mature",0.023,NA,NA,NA,NA
0.469413977478268,0.659238017347249,0.109,0.095,1,"TMEM185A","identity","migrating+mature",0.014,NA,NA,NA,NA
0.470462933416004,0.529899230246175,0.114,0.098,1,"C19orf24","identity","migrating+mature",0.016,NA,NA,NA,NA
0.472439734074072,0.25855509732335,0.428,0.415,1,"DCTN5","identity","migrating+mature",0.013,NA,NA,NA,NA
0.473790936978392,0.376063098256973,0.111,0.095,1,"ZNF484","identity","migrating+mature",0.016,NA,NA,NA,NA
0.474624846311991,0.257710846452428,0.138,0.12,1,"NUMBL","identity","migrating+mature",0.018,NA,NA,NA,NA
0.475715311525749,0.458083624312383,0.138,0.12,1,"ACP2","identity","migrating+mature",0.018,NA,NA,NA,NA
0.476111404682905,0.266752659509435,0.167,0.149,1,"GPR85","identity","migrating+mature",0.018,NA,NA,NA,NA
0.477867372641652,0.276187741633452,0.185,0.165,1,"SLC43A2","identity","migrating+mature",0.02,NA,NA,NA,NA
0.482255764292468,0.401145846294203,0.194,0.177,1,"TOLLIP","identity","migrating+mature",0.017,NA,NA,NA,NA
0.483542748847439,0.422052315301164,0.117,0.101,1,"CTNNAL1","identity","migrating+mature",0.016,NA,NA,NA,NA
0.483568237782572,0.369905121346978,0.205,0.187,1,"ZDHHC16","identity","migrating+mature",0.018,NA,NA,NA,NA
0.483701256226015,0.315734639352483,0.173,0.152,1,"SNRPA","identity","migrating+mature",0.021,NA,NA,NA,NA
0.487181911337656,0.253426363265211,0.132,0.114,1,"ZBTB17","identity","migrating+mature",0.018,NA,NA,NA,NA
0.490712051599059,0.276615211206699,0.12,0.104,1,"DUOX1","identity","migrating+mature",0.016,NA,NA,NA,NA
0.490792820296021,0.250867222259865,0.188,0.168,1,"TMEM161B-AS1","identity","migrating+mature",0.02,NA,NA,NA,NA
0.49097649160563,0.26338645311737,0.449,0.43,1,"ITM2C","identity","migrating+mature",0.019,NA,NA,NA,NA
0.491055993052844,0.254021115761368,0.355,0.335,1,"ZC3H18","identity","migrating+mature",0.02,NA,NA,NA,NA
0.495592868463656,0.256763808194395,0.372,0.351,1,"CELSR2","identity","migrating+mature",0.021,NA,NA,NA,NA
0.495941098401917,0.321623579059816,0.144,0.127,1,"TP53INP2","identity","migrating+mature",0.017,NA,NA,NA,NA
0.50023175409633,0.267093516211542,0.1,0.085,1,"DMPK","identity","migrating+mature",0.015,NA,NA,NA,NA
0.501216058577094,0.486549611661807,0.106,0.092,1,"HECA","identity","migrating+mature",0.014,NA,NA,NA,NA
0.503410878666477,0.326986519754737,0.144,0.127,1,"NIPA1","identity","migrating+mature",0.017,NA,NA,NA,NA
0.504990014502056,0.283940344750449,0.299,0.291,1,"ADI1","identity","migrating+mature",0.00800000000000001,NA,NA,NA,NA
0.505523327160026,0.333779383496077,0.249,0.234,1,"OSER1","identity","migrating+mature",0.015,NA,NA,NA,NA
0.507095696354972,0.403200695686646,0.176,0.161,1,"PDCD11","identity","migrating+mature",0.015,NA,NA,NA,NA
0.507237528352105,0.252656077828932,0.126,0.111,1,"CDK7","identity","migrating+mature",0.015,NA,NA,NA,NA
0.513834770740269,0.35079485854242,0.158,0.139,1,"FAM210A","identity","migrating+mature",0.019,NA,NA,NA,NA
0.514445190714071,0.418530176906225,0.106,0.092,1,"CPSF1","identity","migrating+mature",0.014,NA,NA,NA,NA
0.519785203710659,0.309692895336028,0.346,0.332,1,"MYO1B","identity","migrating+mature",0.014,NA,NA,NA,NA
0.521767525588887,0.296042410145931,0.1,0.085,1,"OSBPL6","identity","migrating+mature",0.015,NA,NA,NA,NA
0.522233454614015,0.267274154991551,0.129,0.114,1,"AC092835.1","identity","migrating+mature",0.015,NA,NA,NA,NA
0.525491472334592,0.331556465609036,0.1,0.085,1,"PPIL6","identity","migrating+mature",0.015,NA,NA,NA,NA
0.529085648987881,0.300220139370961,0.114,0.101,1,"CACNA1C","identity","migrating+mature",0.013,NA,NA,NA,NA
0.530834855242683,0.291816065765933,0.1,0.085,1,"ARVCF","identity","migrating+mature",0.015,NA,NA,NA,NA
0.531877513449698,0.313131865742288,0.226,0.209,1,"WDTC1","identity","migrating+mature",0.017,NA,NA,NA,NA
0.53405884565024,0.308289281058426,0.202,0.18,1,"CMTR2","identity","migrating+mature",0.022,NA,NA,NA,NA
0.534142142224191,0.268684955559233,0.232,0.215,1,"FAM118B","identity","migrating+mature",0.017,NA,NA,NA,NA
0.536970477228754,0.276751554046841,0.223,0.209,1,"ERGIC1","identity","migrating+mature",0.014,NA,NA,NA,NA
0.538922969972449,0.30969386881691,0.188,0.171,1,"LARP1B","identity","migrating+mature",0.017,NA,NA,NA,NA
0.540472799039117,0.552582570452326,0.144,0.133,1,"GEMIN7","identity","migrating+mature",0.011,NA,NA,NA,NA
0.543960423213756,0.33885808436483,0.188,0.174,1,"HMG20A","identity","migrating+mature",0.014,NA,NA,NA,NA
0.545447997235724,0.28745076203377,0.111,0.098,1,"AC005726.5","identity","migrating+mature",0.013,NA,NA,NA,NA
0.547346446569949,0.262439027339682,0.258,0.244,1,"PDK2","identity","migrating+mature",0.014,NA,NA,NA,NA
0.54926131926458,0.582327962033975,0.114,0.101,1,"HOOK2","identity","migrating+mature",0.013,NA,NA,NA,NA
0.552407954191994,0.331141836773932,0.188,0.171,1,"MCF2L","identity","migrating+mature",0.017,NA,NA,NA,NA
0.554108191174074,0.322167623974213,0.114,0.101,1,"PARN","identity","migrating+mature",0.013,NA,NA,NA,NA
0.554358959921921,0.466556370029379,0.132,0.12,1,"RNF149","identity","migrating+mature",0.012,NA,NA,NA,NA
0.561213825846697,0.380571684620304,0.155,0.139,1,"PEX11B","identity","migrating+mature",0.016,NA,NA,NA,NA
0.567410908289286,0.291349719052643,0.135,0.12,1,"VPS37B","identity","migrating+mature",0.015,NA,NA,NA,NA
0.575850897500429,0.291968656553064,0.141,0.127,1,"PLXNB2","identity","migrating+mature",0.014,NA,NA,NA,NA
0.578579052982783,0.36195427873121,0.144,0.13,1,"CRTC1","identity","migrating+mature",0.014,NA,NA,NA,NA
0.579432912813295,0.327222349427761,0.158,0.146,1,"TMEM68","identity","migrating+mature",0.012,NA,NA,NA,NA
0.579650302941145,0.287915403753555,0.164,0.149,1,"DHX16","identity","migrating+mature",0.015,NA,NA,NA,NA
0.580345358818837,0.261131069454899,0.182,0.168,1,"SLC16A9","identity","migrating+mature",0.014,NA,NA,NA,NA
0.581812283570109,0.271930430481895,0.191,0.177,1,"TMUB2","identity","migrating+mature",0.014,NA,NA,NA,NA
0.592100629829371,0.397739299031864,0.211,0.199,1,"AK1","identity","migrating+mature",0.012,NA,NA,NA,NA
0.593811507846729,0.339308818185371,0.135,0.123,1,"TIGAR","identity","migrating+mature",0.012,NA,NA,NA,NA
0.596618431908605,0.292417614023904,0.1,0.089,1,"PREB","identity","migrating+mature",0.011,NA,NA,NA,NA
0.597746669797292,0.366510884370258,0.138,0.127,1,"ZNF224","identity","migrating+mature",0.011,NA,NA,NA,NA
0.598273851696675,0.505226815876933,0.114,0.104,1,"NEURL1","identity","migrating+mature",0.01,NA,NA,NA,NA
0.602399292794265,0.378168582555866,0.103,0.092,1,"ZNF699","identity","migrating+mature",0.011,NA,NA,NA,NA
0.603711468618235,0.264875436736838,0.173,0.161,1,"FRAT2","identity","migrating+mature",0.012,NA,NA,NA,NA
0.604071478786451,0.256404787324575,0.103,0.092,1,"ZNF487","identity","migrating+mature",0.011,NA,NA,NA,NA
0.606874271627798,0.282282974688526,0.106,0.12,1,"AC005523.2","identity","migrating+mature",-0.014,NA,NA,NA,NA
0.613803208404159,0.383745471528567,0.188,0.177,1,"LIX1L","identity","migrating+mature",0.011,NA,NA,NA,NA
0.620745120845423,0.27227220891371,0.147,0.136,1,"GTPBP6","identity","migrating+mature",0.011,NA,NA,NA,NA
0.62223757588871,0.326312349824236,0.24,0.225,1,"RBSN","identity","migrating+mature",0.015,NA,NA,NA,NA
0.622662440634489,0.255142300961586,0.141,0.13,1,"VAMP4","identity","migrating+mature",0.011,NA,NA,NA,NA
0.624499138481124,0.342666899711442,0.361,0.37,1,"NSRP1","identity","migrating+mature",-0.00900000000000001,NA,NA,NA,NA
0.628987969308227,0.309532661339616,0.182,0.171,1,"OSBPL11","identity","migrating+mature",0.011,NA,NA,NA,NA
0.636221436117986,0.284341392340839,0.223,0.212,1,"ZPR1","identity","migrating+mature",0.011,NA,NA,NA,NA
0.637432161577338,0.28842659205138,0.111,0.101,1,"BCOR","identity","migrating+mature",0.01,NA,NA,NA,NA
0.63866256284379,0.255295503242729,0.117,0.108,1,"ZNF346","identity","migrating+mature",0.00900000000000001,NA,NA,NA,NA
0.638863232079113,0.258027571702895,0.232,0.222,1,"GOLT1B","identity","migrating+mature",0.01,NA,NA,NA,NA
0.639198255036903,0.394182615747352,0.117,0.108,1,"BICRA","identity","migrating+mature",0.00900000000000001,NA,NA,NA,NA
0.642511055300664,0.384239595086805,0.109,0.098,1,"RPS6KB2","identity","migrating+mature",0.011,NA,NA,NA,NA
0.643650486835322,0.340975852706992,0.12,0.111,1,"C6orf120","identity","migrating+mature",0.00899999999999999,NA,NA,NA,NA
0.644883549110447,0.282105225410724,0.114,0.104,1,"DNMT3B","identity","migrating+mature",0.01,NA,NA,NA,NA
0.646211559226854,0.395128183277017,0.138,0.13,1,"LYRM7","identity","migrating+mature",0.00800000000000001,NA,NA,NA,NA
0.654569376906412,0.331653034998233,0.167,0.155,1,"SRRD","identity","migrating+mature",0.012,NA,NA,NA,NA
0.656148733498468,0.293333968208696,0.296,0.288,1,"POR","identity","migrating+mature",0.00800000000000001,NA,NA,NA,NA
0.657986918875802,0.439823243270448,0.103,0.095,1,"PGS1","identity","migrating+mature",0.00799999999999999,NA,NA,NA,NA
0.660496997052063,0.255857409810071,0.176,0.168,1,"UBR2","identity","migrating+mature",0.00799999999999998,NA,NA,NA,NA
0.66149461420913,0.329242601681182,0.161,0.152,1,"TNFAIP1","identity","migrating+mature",0.00900000000000001,NA,NA,NA,NA
0.66264367884017,0.325295885761724,0.188,0.177,1,"ORC6","identity","migrating+mature",0.011,NA,NA,NA,NA
0.665035985655553,0.271677311574002,0.299,0.294,1,"TMED7","identity","migrating+mature",0.005,NA,NA,NA,NA
0.665070067390512,0.280409546374942,0.235,0.228,1,"FBXW2","identity","migrating+mature",0.00699999999999998,NA,NA,NA,NA
0.666509816495255,0.409173831997862,0.214,0.209,1,"ENC1","identity","migrating+mature",0.005,NA,NA,NA,NA
0.666825983356804,0.278385183786784,0.199,0.19,1,"UNC119","identity","migrating+mature",0.00900000000000001,NA,NA,NA,NA
0.667160322507663,0.318250017845133,0.123,0.117,1,"BOLA3-AS1","identity","migrating+mature",0.00599999999999999,NA,NA,NA,NA
0.679647145322676,0.282217072589172,0.158,0.149,1,"TMEM80","identity","migrating+mature",0.00900000000000001,NA,NA,NA,NA
0.683567698179238,0.31098889685591,0.161,0.155,1,"PI4KA","identity","migrating+mature",0.006,NA,NA,NA,NA
0.68401877411178,0.255232875881529,0.117,0.108,1,"MYO18A","identity","migrating+mature",0.00900000000000001,NA,NA,NA,NA
0.685203413463751,0.269272652254553,0.103,0.095,1,"ARHGAP29","identity","migrating+mature",0.00799999999999999,NA,NA,NA,NA
0.686017485018409,0.319162955091986,0.1,0.092,1,"DNAJC3","identity","migrating+mature",0.00800000000000001,NA,NA,NA,NA
0.691825715204536,0.252838477820623,0.147,0.136,1,"SRC","identity","migrating+mature",0.011,NA,NA,NA,NA
0.692632269860254,0.322682150980061,0.258,0.25,1,"PACS1","identity","migrating+mature",0.00800000000000001,NA,NA,NA,NA
0.693136790325094,0.254111132890197,0.1,0.092,1,"ZNF780B","identity","migrating+mature",0.00800000000000001,NA,NA,NA,NA
0.69323802831218,0.294528346923867,0.135,0.127,1,"COX15","identity","migrating+mature",0.00800000000000001,NA,NA,NA,NA
0.693814321826443,0.253323853312131,0.235,0.234,1,"PTPN2","identity","migrating+mature",0.000999999999999973,NA,NA,NA,NA
0.698397786702183,0.300357845196396,0.173,0.161,1,"FCF1","identity","migrating+mature",0.012,NA,NA,NA,NA
0.699900327566022,0.282322127212041,0.223,0.218,1,"GANAB","identity","migrating+mature",0.005,NA,NA,NA,NA
0.708055380255711,0.354371373185863,0.1,0.092,1,"AC008393.1","identity","migrating+mature",0.00800000000000001,NA,NA,NA,NA
0.708118165085037,0.779901433773814,0.17,0.168,1,"ZNF503","identity","migrating+mature",0.002,NA,NA,NA,NA
0.710467798604747,0.291782901852318,0.103,0.095,1,"PLCG1","identity","migrating+mature",0.00799999999999999,NA,NA,NA,NA
0.71094041522188,0.274305789121796,0.147,0.139,1,"ZYX","identity","migrating+mature",0.00799999999999998,NA,NA,NA,NA
0.711577717843482,0.259277200210784,0.252,0.253,1,"KAZN","identity","migrating+mature",-0.001,NA,NA,NA,NA
0.721817495877168,0.274235205331075,0.109,0.101,1,"MCCC1","identity","migrating+mature",0.00799999999999999,NA,NA,NA,NA
0.723023397847565,0.295009627598839,0.185,0.177,1,"PAXIP1-AS1","identity","migrating+mature",0.00800000000000001,NA,NA,NA,NA
0.724990540249712,0.315332491952506,0.17,0.161,1,"THBS3","identity","migrating+mature",0.00900000000000001,NA,NA,NA,NA
0.725452607608411,0.346701999398158,0.126,0.12,1,"MED16","identity","migrating+mature",0.006,NA,NA,NA,NA
0.730980167509437,0.317857369801949,0.176,0.171,1,"CCDC32","identity","migrating+mature",0.00499999999999998,NA,NA,NA,NA
0.74387639101229,0.329421440576621,0.111,0.104,1,"AC012360.3","identity","migrating+mature",0.00700000000000001,NA,NA,NA,NA
0.755766953748344,0.306516540709262,0.158,0.152,1,"RARA-AS1","identity","migrating+mature",0.006,NA,NA,NA,NA
0.759470755013011,0.629128827523582,0.114,0.111,1,"SLC2A6","identity","migrating+mature",0.003,NA,NA,NA,NA
0.761109635313655,0.276058225470679,0.147,0.142,1,"STARD10","identity","migrating+mature",0.005,NA,NA,NA,NA
0.762521991877087,0.2903709757994,0.147,0.161,1,"SULF2","identity","migrating+mature",-0.014,NA,NA,NA,NA
0.763006713531406,0.264799905700241,0.182,0.177,1,"PPM1E","identity","migrating+mature",0.005,NA,NA,NA,NA
0.772214417213556,0.356888046591371,0.182,0.18,1,"ATAD5","identity","migrating+mature",0.002,NA,NA,NA,NA
0.783212841699147,0.288345872740104,0.194,0.19,1,"MLLT6","identity","migrating+mature",0.004,NA,NA,NA,NA
0.787915605955519,0.373611989802073,0.15,0.146,1,"ARL10","identity","migrating+mature",0.004,NA,NA,NA,NA
0.794650303434262,0.319883909393452,0.094,0.101,1,"SLC39A9","identity","migrating+mature",-0.00700000000000001,NA,NA,NA,NA
0.799773626227857,0.262028824386794,0.141,0.133,1,"PYGO1","identity","migrating+mature",0.00799999999999998,NA,NA,NA,NA
0.805763523746216,0.376564387433266,0.123,0.12,1,"ZNF280D","identity","migrating+mature",0.003,NA,NA,NA,NA
0.810877872379045,0.382251554257029,0.106,0.101,1,"SLX4","identity","migrating+mature",0.00499999999999999,NA,NA,NA,NA
0.813209111110284,0.271403961388546,0.1,0.095,1,"DDX54","identity","migrating+mature",0.005,NA,NA,NA,NA
0.814349351925099,0.364441185042579,0.176,0.174,1,"PHF12","identity","migrating+mature",0.002,NA,NA,NA,NA
0.815476346290221,0.315443955315637,0.167,0.165,1,"SCAP","identity","migrating+mature",0.002,NA,NA,NA,NA
0.822796857385745,0.332064603884521,0.238,0.247,1,"STAT3","identity","migrating+mature",-0.00900000000000001,NA,NA,NA,NA
0.829666951314518,0.250639071163975,0.141,0.139,1,"SFR1","identity","migrating+mature",0.00199999999999997,NA,NA,NA,NA
0.830100284534137,0.279611003986664,0.208,0.222,1,"GMEB1","identity","migrating+mature",-0.014,NA,NA,NA,NA
0.84030725764147,0.314125678504074,0.097,0.104,1,"RNF6","identity","migrating+mature",-0.00699999999999999,NA,NA,NA,NA
0.844685060834057,0.315769938009492,0.12,0.117,1,"LAMP2","identity","migrating+mature",0.00299999999999999,NA,NA,NA,NA
0.84694868955405,0.372149418976376,0.15,0.146,1,"DOCK4","identity","migrating+mature",0.004,NA,NA,NA,NA
0.858870517521586,0.271776521693165,0.123,0.12,1,"MED9","identity","migrating+mature",0.003,NA,NA,NA,NA
0.859417171322418,0.250494010256607,0.1,0.095,1,"CYP3A5","identity","migrating+mature",0.005,NA,NA,NA,NA
0.860546434971185,0.370214622854408,0.147,0.149,1,"ZNF507","identity","migrating+mature",-0.002,NA,NA,NA,NA
0.860586097621347,0.265220968225386,0.111,0.108,1,"DDAH1","identity","migrating+mature",0.003,NA,NA,NA,NA
0.863796472790078,0.288984726677128,0.176,0.187,1,"TEX264","identity","migrating+mature",-0.011,NA,NA,NA,NA
0.869321419686506,0.260907717987676,0.144,0.142,1,"FAM207A","identity","migrating+mature",0.002,NA,NA,NA,NA
0.872202417843497,0.320720462932158,0.126,0.123,1,"ZNF467","identity","migrating+mature",0.003,NA,NA,NA,NA
0.876547973434636,0.449979223861892,0.109,0.108,1,"SMIM27","identity","migrating+mature",0.001,NA,NA,NA,NA
0.896568216393106,0.394886264533123,0.12,0.12,1,"C2orf76","identity","migrating+mature",0,NA,NA,NA,NA
0.904488143237743,0.266649245123453,0.229,0.234,1,"ZNF124","identity","migrating+mature",-0.005,NA,NA,NA,NA
0.910228515003636,0.274372023810723,0.173,0.177,1,"REXO1","identity","migrating+mature",-0.004,NA,NA,NA,NA
0.916822015001731,0.501721544177923,0.15,0.152,1,"RAB35","identity","migrating+mature",-0.002,NA,NA,NA,NA
0.935522148519109,0.270425570897574,0.126,0.127,1,"ZSWIM4","identity","migrating+mature",-0.001,NA,NA,NA,NA
0.947559404830646,0.31998834264037,0.173,0.174,1,"RAD51C","identity","migrating+mature",-0.001,NA,NA,NA,NA
0.948910332693761,0.385915888246427,0.114,0.117,1,"CMTR1","identity","migrating+mature",-0.003,NA,NA,NA,NA
0.963957944921187,0.25595778672237,0.185,0.187,1,"AP002387.2","identity","migrating+mature",-0.002,NA,NA,NA,NA
0.96448104718617,0.290118793513803,0.144,0.149,1,"STARD3","identity","migrating+mature",-0.005,NA,NA,NA,NA
0.972837164928773,0.272345096572445,0.223,0.237,1,"GATD1","identity","migrating+mature",-0.014,NA,NA,NA,NA
0.991319695851822,0.33241899305059,0.129,0.133,1,"OGFOD1","identity","migrating+mature",-0.004,NA,NA,NA,NA
0.998447734973684,0.265085574017117,0.103,0.104,1,"ZNF514","identity","migrating+mature",-0.001,NA,NA,NA,NA
5.34207345936313e-26,1.69979466792385,0.78,0.323,1.79162459680121e-21,"SLIT1","migrating","identity+mature",0.457,NA,NA,NA,NA
2.88951230182088e-12,0.538500093808851,0.975,0.97,9.69084635784687e-08,"UBE2E3","migrating","identity+mature",0.005,NA,NA,NA,NA
2.00818483005199e-10,0.980885179099586,0.729,0.458,6.73505028302838e-06,"TBR1","migrating","identity+mature",0.271,NA,NA,NA,NA
5.9164160651866e-10,0.743582244011136,0.873,0.59,1.98424761994228e-05,"LHX5-AS1","migrating","identity+mature",0.283,NA,NA,NA,NA
7.71062884246016e-10,1.6595838586986,0.39,0.158,2.58599070118429e-05,"PLXNA3","migrating","identity+mature",0.232,NA,NA,NA,NA
1.04147426482796e-08,1.04951941989729,0.627,0.364,0.000349289638938001,"MGAT4C","migrating","identity+mature",0.263,NA,NA,NA,NA
1.20588244657049e-08,0.663117179358005,0.958,0.861,0.00040442885493081,"PSMD14","migrating","identity+mature",0.097,NA,NA,NA,NA
1.21847811280705e-08,0.901329599284257,0.695,0.449,0.00040865318947323,"SAMD3","migrating","identity+mature",0.246,NA,NA,NA,NA
1.58580842197643e-08,1.07943472066345,0.61,0.364,0.000531848428562456,"PCSK1","migrating","identity+mature",0.246,NA,NA,NA,NA
1.32347102389863e-07,0.599208514874328,0.932,0.855,0.00443865711995124,"ZFHX4","migrating","identity+mature",0.0770000000000001,NA,NA,NA,NA
1.7092526245636e-07,1.06626606592764,0.508,0.275,0.00573249145226138,"BRINP1","migrating","identity+mature",0.233,NA,NA,NA,NA
2.20958668667323e-07,1.14046017054549,0.542,0.327,0.00741051182976466,"RIPOR2","migrating","identity+mature",0.215,NA,NA,NA,NA
5.08573037743881e-07,0.813547842894317,0.678,0.462,0.0170565225398543,"PPP1R17","migrating","identity+mature",0.216,NA,NA,NA,NA
5.97963684950458e-07,1.07181637157365,0.432,0.217,0.0200545060658685,"SLC17A6","migrating","identity+mature",0.215,NA,NA,NA,NA
6.98939700982216e-07,1.17953490937195,0.534,0.336,0.0234410396915416,"THSD7A","migrating","identity+mature",0.198,NA,NA,NA,NA
8.27010108560737e-07,0.585968815742212,0.797,0.553,0.02773626502091,"EMX2","migrating","identity+mature",0.244,NA,NA,NA,NA
8.71957009360944e-07,0.892874298542647,0.636,0.395,0.0292436941799473,"GABRA2","migrating","identity+mature",0.241,NA,NA,NA,NA
1.02673930724224e-06,0.674961601865071,0.847,0.859,0.0344347828862901,"CNTNAP2","migrating","identity+mature",-0.012,NA,NA,NA,NA
1.64714952844063e-06,0.390897512944089,0.975,0.933,0.0552421008848419,"TAGLN3","migrating","identity+mature",0.0419999999999999,NA,NA,NA,NA
2.25299051224956e-06,2.57043467456547,0.11,0.02,0.0755607957998258,"ROBO3","migrating","identity+mature",0.09,NA,NA,NA,NA
2.55764178962546e-06,1.39814153450704,0.271,0.111,0.0857781903404586,"NSMF","migrating","identity+mature",0.16,NA,NA,NA,NA
5.2379190731624e-06,0.865782908016171,0.5,0.306,0.17566932987572,"DLG2","migrating","identity+mature",0.194,NA,NA,NA,NA
7.07258255319432e-06,0.673938476841806,0.669,0.434,0.237200273669031,"PCSK2","migrating","identity+mature",0.235,NA,NA,NA,NA
9.03231593209826e-06,0.830286842970024,0.627,0.46,0.302925811730712,"PAM","migrating","identity+mature",0.167,NA,NA,NA,NA
1.09638666091598e-05,0.747118813633376,0.517,0.319,0.367706158338002,"CCDC144NL-AS1","migrating","identity+mature",0.198,NA,NA,NA,NA
1.30507387253645e-05,0.376638540541682,0.975,0.952,0.437695675371274,"NEFM","migrating","identity+mature",0.023,NA,NA,NA,NA
1.79171957278985e-05,0.518724569015563,0.856,0.824,0.60090691032226,"NRXN1","migrating","identity+mature",0.032,NA,NA,NA,NA
1.83366082514892e-05,0.634687766406173,0.695,0.529,0.614973167538445,"FJX1","migrating","identity+mature",0.166,NA,NA,NA,NA
2.61916420369345e-05,1.08991864841202,0.458,0.269,0.87841529063471,"RORB","migrating","identity+mature",0.189,NA,NA,NA,NA
2.76313139247781e-05,0.800658689219941,0.483,0.289,0.92669900640921,"AR","migrating","identity+mature",0.194,NA,NA,NA,NA
2.90086188000336e-05,2.1051737191393,0.136,0.039,0.972891057315526,"FAM13A","migrating","identity+mature",0.097,NA,NA,NA,NA
3.19425109557517e-05,0.87630134129777,0.347,0.176,1,"CNTN4","migrating","identity+mature",0.171,NA,NA,NA,NA
3.29336691723287e-05,1.2669579841656,0.339,0.182,1,"KLHL4","migrating","identity+mature",0.157,NA,NA,NA,NA
3.35485070119525e-05,0.663402415311444,0.661,0.512,1,"RND2","migrating","identity+mature",0.149,NA,NA,NA,NA
5.06097637942182e-05,1.04120230185108,0.415,0.26,1,"SMCO4","migrating","identity+mature",0.155,NA,NA,NA,NA
5.45793614266689e-05,1.87716685813834,0.119,0.032,1,"POC1B","migrating","identity+mature",0.087,NA,NA,NA,NA
5.62228700759671e-05,1.55739870273028,0.169,0.059,1,"SLC16A7","migrating","identity+mature",0.11,NA,NA,NA,NA
5.9511547334433e-05,0.725663586314522,0.508,0.323,1,"LHX5","migrating","identity+mature",0.185,NA,NA,NA,NA
6.2493792137865e-05,1.73298725381031,0.136,0.041,1,"LINGO2","migrating","identity+mature",0.095,NA,NA,NA,NA
6.58375441901647e-05,0.873457126116885,0.534,0.354,1,"ZNF608","migrating","identity+mature",0.18,NA,NA,NA,NA
6.80090524499873e-05,1.3846687182715,0.229,0.1,1,"CHCHD4","migrating","identity+mature",0.129,NA,NA,NA,NA
8.64764041631425e-05,1.09772049625655,0.305,0.156,1,"AC008522.1","migrating","identity+mature",0.149,NA,NA,NA,NA
9.42031398267363e-05,0.579792385921225,0.788,0.692,1,"TULP4","migrating","identity+mature",0.0960000000000001,NA,NA,NA,NA
0.000102402131630032,0.343557726635117,0.949,0.905,1,"CBX3","migrating","identity+mature",0.0439999999999999,NA,NA,NA,NA
0.000105670325513432,0.600474207328835,0.754,0.625,1,"NEO1","migrating","identity+mature",0.129,NA,NA,NA,NA
0.000122229736511,0.691325786300536,0.644,0.469,1,"ZFHX4-AS1","migrating","identity+mature",0.175,NA,NA,NA,NA
0.000127242808707281,0.80051757269616,0.441,0.275,1,"ONECUT1","migrating","identity+mature",0.166,NA,NA,NA,NA
0.000149676710613063,1.10278676856874,0.364,0.215,1,"SVIP","migrating","identity+mature",0.149,NA,NA,NA,NA
0.000151871005377372,0.533140161610111,0.703,0.616,1,"PIK3R1","migrating","identity+mature",0.087,NA,NA,NA,NA
0.000159542688356088,1.43830921413231,0.195,0.082,1,"CDH8","migrating","identity+mature",0.113,NA,NA,NA,NA
0.00016393500631876,0.587984292643803,0.619,0.447,1,"LHX2","migrating","identity+mature",0.172,NA,NA,NA,NA
0.000164109045455477,0.751042635998269,0.534,0.356,1,"BIRC6","migrating","identity+mature",0.178,NA,NA,NA,NA
0.000164410121469959,0.595020108857601,0.754,0.631,1,"AC004540.2","migrating","identity+mature",0.123,NA,NA,NA,NA
0.000165345440703021,0.910198993699462,0.466,0.306,1,"DMTF1","migrating","identity+mature",0.16,NA,NA,NA,NA
0.000176070859154632,0.972547392328045,0.407,0.247,1,"SDC2","migrating","identity+mature",0.16,NA,NA,NA,NA
0.000189700418822248,0.543894214463204,0.678,0.516,1,"RUNX1T1","migrating","identity+mature",0.162,NA,NA,NA,NA
0.000202586501487836,0.397067636043575,0.788,0.668,1,"FABP7","migrating","identity+mature",0.12,NA,NA,NA,NA
0.000251487438371114,0.975189704971128,0.373,0.228,1,"CDH18","migrating","identity+mature",0.145,NA,NA,NA,NA
0.000333002427651639,0.955434231460257,0.466,0.33,1,"NRN1","migrating","identity+mature",0.136,NA,NA,NA,NA
0.000524529564426614,0.549709541129183,0.585,0.438,1,"RAB11FIP2","migrating","identity+mature",0.147,NA,NA,NA,NA
0.000531207653956225,0.79146584426592,0.288,0.158,1,"NR2F1","migrating","identity+mature",0.13,NA,NA,NA,NA
0.000544084123686379,0.837539158364632,0.364,0.215,1,"MRPL2","migrating","identity+mature",0.149,NA,NA,NA,NA
0.000570751729403998,0.532484874346179,0.712,0.618,1,"C4orf3","migrating","identity+mature",0.094,NA,NA,NA,NA
0.000604565773980686,1.30865970018023,0.186,0.083,1,"ADAM12","migrating","identity+mature",0.103,NA,NA,NA,NA
0.000604837950877589,0.503578848017869,0.72,0.597,1,"TRIM44","migrating","identity+mature",0.123,NA,NA,NA,NA
0.000667702367345761,0.489282973412439,0.771,0.646,1,"PTN","migrating","identity+mature",0.125,NA,NA,NA,NA
0.000729478249621553,1.11243786358322,0.398,0.265,1,"TMEM178A","migrating","identity+mature",0.133,NA,NA,NA,NA
0.000769746426551258,0.722637112091921,0.331,0.189,1,"ZNF3","migrating","identity+mature",0.142,NA,NA,NA,NA
0.000789913417868465,1.18366607964701,0.246,0.13,1,"MIER3","migrating","identity+mature",0.116,NA,NA,NA,NA
0.000791102819476301,0.711351772236903,0.415,0.254,1,"TMEM163","migrating","identity+mature",0.161,NA,NA,NA,NA
0.000795087272613107,0.64126561398465,0.559,0.434,1,"BTRC","migrating","identity+mature",0.125,NA,NA,NA,NA
0.00080545278608686,0.801322665458887,0.322,0.186,1,"ROBO2","migrating","identity+mature",0.136,NA,NA,NA,NA
0.000828722293877412,0.447148835414279,0.678,0.501,1,"GNAI1","migrating","identity+mature",0.177,NA,NA,NA,NA
0.000863068597210853,1.22842984593898,0.203,0.096,1,"ZNF804A","migrating","identity+mature",0.107,NA,NA,NA,NA
0.000865576553331489,0.748977574302521,0.441,0.295,1,"CD47","migrating","identity+mature",0.146,NA,NA,NA,NA
0.000872082232270776,1.65742815610528,0.203,0.096,1,"CRABP1","migrating","identity+mature",0.107,NA,NA,NA,NA
0.000877302369883246,0.278844387327504,0.915,0.833,1,"COX20","migrating","identity+mature",0.0820000000000001,NA,NA,NA,NA
0.000932781353226748,0.935411107862754,0.237,0.119,1,"PRPF19","migrating","identity+mature",0.118,NA,NA,NA,NA
0.000933878176238133,0.774242446874396,0.432,0.299,1,"EMX2OS","migrating","identity+mature",0.133,NA,NA,NA,NA
0.000938512351867441,0.738814341235055,0.458,0.312,1,"BBX","migrating","identity+mature",0.146,NA,NA,NA,NA
0.000939067894644369,0.666809823494666,0.441,0.291,1,"LHX9","migrating","identity+mature",0.15,NA,NA,NA,NA
0.00105109357409207,1.04955537107616,0.263,0.143,1,"RNF152","migrating","identity+mature",0.12,NA,NA,NA,NA
0.00110763272596545,1.53841603432754,0.119,0.043,1,"GABBR2","migrating","identity+mature",0.076,NA,NA,NA,NA
0.00110763272596545,1.44850722091578,0.119,0.043,1,"XPO4","migrating","identity+mature",0.076,NA,NA,NA,NA
0.00125715210226674,0.471934395220158,0.814,0.72,1,"DST","migrating","identity+mature",0.094,NA,NA,NA,NA
0.00126032357564872,0.690970458104255,0.492,0.362,1,"ANAPC5","migrating","identity+mature",0.13,NA,NA,NA,NA
0.00126287136610517,0.722559746657715,0.373,0.236,1,"CCDC126","migrating","identity+mature",0.137,NA,NA,NA,NA
0.00134712442449858,1.60641777436959,0.178,0.085,1,"GTF3C5","migrating","identity+mature",0.093,NA,NA,NA,NA
0.00137987814636956,1.52042818596121,0.144,0.059,1,"CCDC121","migrating","identity+mature",0.085,NA,NA,NA,NA
0.00138745327174178,0.665156055157571,0.407,0.267,1,"PTPRE","migrating","identity+mature",0.14,NA,NA,NA,NA
0.00139568894020518,0.777659182421002,0.466,0.33,1,"PTPRD","migrating","identity+mature",0.136,NA,NA,NA,NA
0.00150968368062182,1.59957078921077,0.11,0.039,1,"AL445472.1","migrating","identity+mature",0.071,NA,NA,NA,NA
0.00154227713524854,1.10804251660914,0.203,0.102,1,"PRIM2","migrating","identity+mature",0.101,NA,NA,NA,NA
0.00162208194109246,0.764636983594234,0.28,0.16,1,"FEZF1-AS1","migrating","identity+mature",0.12,NA,NA,NA,NA
0.00165977720993318,0.311400358785571,0.907,0.874,1,"TUT4","migrating","identity+mature",0.033,NA,NA,NA,NA
0.00167766787659559,0.862981878487898,0.314,0.197,1,"EPHA3","migrating","identity+mature",0.117,NA,NA,NA,NA
0.00170149391602058,0.33156475609062,0.915,0.811,1,"POU2F2","migrating","identity+mature",0.104,NA,NA,NA,NA
0.00173086081712507,1.88290691099585,0.102,0.035,1,"HS6ST2","migrating","identity+mature",0.067,NA,NA,NA,NA
0.0017685184365245,1.72626317617661,0.153,0.069,1,"KCNN2","migrating","identity+mature",0.084,NA,NA,NA,NA
0.00178699619836372,1.62614141602814,0.212,0.115,1,"UNCX","migrating","identity+mature",0.097,NA,NA,NA,NA
0.0021840708097071,0.266264250851127,0.958,0.879,1,"ATXN7L3B","migrating","identity+mature",0.079,NA,NA,NA,NA
0.00222791586879527,0.306033159368088,0.881,0.827,1,"PJA2","migrating","identity+mature",0.054,NA,NA,NA,NA
0.00226677582215664,0.884766533313059,0.254,0.147,1,"SAMD11","migrating","identity+mature",0.107,NA,NA,NA,NA
0.00230952108855394,0.850098289080983,0.314,0.193,1,"NAIP","migrating","identity+mature",0.121,NA,NA,NA,NA
0.002354467853692,1.94733916253774,0.102,0.037,1,"KLHL17","migrating","identity+mature",0.065,NA,NA,NA,NA
0.00242007277861138,1.06908651314597,0.229,0.126,1,"SLITRK1","migrating","identity+mature",0.103,NA,NA,NA,NA
0.00245312299897178,1.62523955821527,0.127,0.052,1,"MAB21L1","migrating","identity+mature",0.075,NA,NA,NA,NA
0.00253200498665704,1.0821287004783,0.246,0.141,1,"SIPA1L2","migrating","identity+mature",0.105,NA,NA,NA,NA
0.00259175832789633,0.595754403979201,0.559,0.432,1,"LIN28B","migrating","identity+mature",0.127,NA,NA,NA,NA
0.00265235041208146,1.15552009076275,0.186,0.093,1,"SNX12","migrating","identity+mature",0.093,NA,NA,NA,NA
0.00279437881114475,1.36342334996002,0.144,0.065,1,"CRAMP1","migrating","identity+mature",0.079,NA,NA,NA,NA
0.00291532581922929,0.616071613528682,0.551,0.453,1,"RNF2","migrating","identity+mature",0.098,NA,NA,NA,NA
0.0029291274733717,0.684395445776172,0.559,0.421,1,"ADSS","migrating","identity+mature",0.138,NA,NA,NA,NA
0.00301611949845931,1.08736060926548,0.195,0.1,1,"KCNN1","migrating","identity+mature",0.095,NA,NA,NA,NA
0.00302120178850957,0.933891121968788,0.297,0.186,1,"PCP4L1","migrating","identity+mature",0.111,NA,NA,NA,NA
0.0030267514985552,0.680316368215454,0.297,0.18,1,"GRIA4","migrating","identity+mature",0.117,NA,NA,NA,NA
0.00305268355971024,0.524830741114577,0.525,0.388,1,"ZSWIM6","migrating","identity+mature",0.137,NA,NA,NA,NA
0.00311058553562097,0.49066695540409,0.559,0.417,1,"ONECUT2","migrating","identity+mature",0.142,NA,NA,NA,NA
0.00318325812567163,0.727843724981798,0.237,0.13,1,"RFC4","migrating","identity+mature",0.107,NA,NA,NA,NA
0.00324763015650468,0.738859612719139,0.398,0.273,1,"PCDH9","migrating","identity+mature",0.125,NA,NA,NA,NA
0.00328206601371335,0.604250201782295,0.542,0.414,1,"POU2F1","migrating","identity+mature",0.128,NA,NA,NA,NA
0.00328989990852936,0.60346411884785,0.432,0.306,1,"CSNK1G2","migrating","identity+mature",0.126,NA,NA,NA,NA
0.0033642539850331,1.45029150048981,0.102,0.037,1,"WDR53","migrating","identity+mature",0.065,NA,NA,NA,NA
0.00340015178487865,0.907351202994588,0.305,0.195,1,"SH3RF1","migrating","identity+mature",0.11,NA,NA,NA,NA
0.00342014474115645,0.537687113515796,0.661,0.562,1,"ZBTB20","migrating","identity+mature",0.099,NA,NA,NA,NA
0.00350064539486029,0.724143096006596,0.347,0.221,1,"SESN3","migrating","identity+mature",0.126,NA,NA,NA,NA
0.00374424823566934,0.320838302214269,0.839,0.738,1,"RNMT","migrating","identity+mature",0.101,NA,NA,NA,NA
0.00379040429383724,0.30451717150108,0.949,0.9,1,"ENAH","migrating","identity+mature",0.0489999999999999,NA,NA,NA,NA
0.00380683192222397,1.58999978052401,0.11,0.045,1,"ABCF3","migrating","identity+mature",0.065,NA,NA,NA,NA
0.00383457621683248,0.398069016670454,0.797,0.755,1,"BRD3","migrating","identity+mature",0.042,NA,NA,NA,NA
0.00394696463634004,0.805093037364773,0.271,0.161,1,"NPAS3","migrating","identity+mature",0.11,NA,NA,NA,NA
0.00421183869913971,0.466893652199281,0.636,0.521,1,"SENP6","migrating","identity+mature",0.115,NA,NA,NA,NA
0.0042582640237253,1.10584022945158,0.127,0.054,1,"MSRA","migrating","identity+mature",0.073,NA,NA,NA,NA
0.00437443007400275,1.10298659917635,0.28,0.176,1,"EBF1","migrating","identity+mature",0.104,NA,NA,NA,NA
0.00451256671054366,0.688061111764149,0.398,0.286,1,"ATF6","migrating","identity+mature",0.112,NA,NA,NA,NA
0.00456924703364891,0.416969726955901,0.856,0.777,1,"FZD3","migrating","identity+mature",0.079,NA,NA,NA,NA
0.00462771474528096,0.509959164184665,0.602,0.512,1,"BAZ2B","migrating","identity+mature",0.09,NA,NA,NA,NA
0.00488158635089599,0.536796338896543,0.492,0.369,1,"DMAC1","migrating","identity+mature",0.123,NA,NA,NA,NA
0.00501106298524948,1.37360981538362,0.102,0.039,1,"CCDC180","migrating","identity+mature",0.063,NA,NA,NA,NA
0.00512112779313187,0.440258313762445,0.746,0.698,1,"BRD7","migrating","identity+mature",0.048,NA,NA,NA,NA
0.005282424095017,1.57381207996393,0.161,0.082,1,"IQCB1","migrating","identity+mature",0.079,NA,NA,NA,NA
0.00540434928844663,1.27062474806858,0.169,0.085,1,"C2CD3","migrating","identity+mature",0.084,NA,NA,NA,NA
0.00541661055453148,1.4408745335855,0.11,0.045,1,"TRMO","migrating","identity+mature",0.065,NA,NA,NA,NA
0.0054499481606137,0.429868897770626,0.229,0.128,1,"TRH","migrating","identity+mature",0.101,NA,NA,NA,NA
0.00547135151868957,0.369728618530448,0.805,0.803,1,"BTG1","migrating","identity+mature",0.002,NA,NA,NA,NA
0.00565057808031023,1.01071091294859,0.263,0.161,1,"NPAT","migrating","identity+mature",0.102,NA,NA,NA,NA
0.00567526468847051,0.910171338168332,0.271,0.167,1,"FIGN","migrating","identity+mature",0.104,NA,NA,NA,NA
0.00572442205211354,0.679037852594126,0.39,0.282,1,"CNR1","migrating","identity+mature",0.108,NA,NA,NA,NA
0.00573254151178934,1.62373175672501,0.102,0.041,1,"SPOCK2","migrating","identity+mature",0.061,NA,NA,NA,NA
0.00580509621268991,1.39474563098404,0.136,0.063,1,"FAM19A1","migrating","identity+mature",0.073,NA,NA,NA,NA
0.00589213884132113,1.68534110284548,0.11,0.046,1,"BDH2","migrating","identity+mature",0.064,NA,NA,NA,NA
0.00599404153748058,0.62057368516083,0.5,0.388,1,"TNIK","migrating","identity+mature",0.112,NA,NA,NA,NA
0.00609404170975761,0.409071825883202,0.678,0.66,1,"ZNF644","migrating","identity+mature",0.018,NA,NA,NA,NA
0.00621794393285487,0.405102866533816,0.576,0.443,1,"NDUFS1","migrating","identity+mature",0.133,NA,NA,NA,NA
0.00625205106132884,0.254083422271076,0.983,0.952,1,"NUCKS1","migrating","identity+mature",0.031,NA,NA,NA,NA
0.00635268028225427,0.817754471896933,0.331,0.228,1,"SNHG19","migrating","identity+mature",0.103,NA,NA,NA,NA
0.00636987905925345,0.432132677861466,0.763,0.685,1,"ELAVL4","migrating","identity+mature",0.078,NA,NA,NA,NA
0.00639944358431849,0.595921928022662,0.492,0.386,1,"TRIB2","migrating","identity+mature",0.106,NA,NA,NA,NA
0.00649203671725615,0.503586241665395,0.534,0.395,1,"PIGC","migrating","identity+mature",0.139,NA,NA,NA,NA
0.00649966560800814,0.599837256933277,0.398,0.286,1,"SDCCAG8","migrating","identity+mature",0.112,NA,NA,NA,NA
0.00667335792111915,1.11954619154758,0.263,0.173,1,"MAP2K6","migrating","identity+mature",0.09,NA,NA,NA,NA
0.0066735731111105,0.421626724071935,0.695,0.59,1,"SUDS3","migrating","identity+mature",0.105,NA,NA,NA,NA
0.00670269061262591,1.22183393967344,0.203,0.117,1,"TMTC1","migrating","identity+mature",0.086,NA,NA,NA,NA
0.00671459208233752,0.384993014141005,0.686,0.603,1,"ZNF91","migrating","identity+mature",0.0830000000000001,NA,NA,NA,NA
0.00672424962489017,1.19980139645513,0.203,0.115,1,"CPVL","migrating","identity+mature",0.088,NA,NA,NA,NA
0.00673286649026199,0.796083506768085,0.203,0.111,1,"NDST3","migrating","identity+mature",0.092,NA,NA,NA,NA
0.00693946369280023,0.503584240836454,0.568,0.453,1,"CERS6","migrating","identity+mature",0.115,NA,NA,NA,NA
0.00695586502272864,0.897965754287541,0.28,0.171,1,"SNX1","migrating","identity+mature",0.109,NA,NA,NA,NA
0.00702238929400597,0.382016172375483,0.466,0.34,1,"LHX1","migrating","identity+mature",0.126,NA,NA,NA,NA
0.00705568402549126,1.60594177916717,0.127,0.059,1,"CSMD3","migrating","identity+mature",0.068,NA,NA,NA,NA
0.00708197549261878,0.729271920643444,0.441,0.33,1,"IPO5","migrating","identity+mature",0.111,NA,NA,NA,NA
0.00718831199877378,0.987554535060135,0.347,0.254,1,"CCDC14","migrating","identity+mature",0.093,NA,NA,NA,NA
0.0072115338903761,0.480389831423767,0.542,0.408,1,"NSMCE3","migrating","identity+mature",0.134,NA,NA,NA,NA
0.00740889469408331,0.83328744435846,0.254,0.16,1,"GBF1","migrating","identity+mature",0.094,NA,NA,NA,NA
0.00753630279287876,0.705573047173906,0.271,0.165,1,"CCDC58","migrating","identity+mature",0.106,NA,NA,NA,NA
0.00757309056387522,0.453182716499817,0.551,0.427,1,"RALGAPA1","migrating","identity+mature",0.124,NA,NA,NA,NA
0.00757596490951851,0.423700036743198,0.602,0.494,1,"POGZ","migrating","identity+mature",0.108,NA,NA,NA,NA
0.00781874829726277,0.469732935190815,0.517,0.395,1,"NLGN4X","migrating","identity+mature",0.122,NA,NA,NA,NA
0.00816865233997062,0.874536689136583,0.331,0.234,1,"FRZB","migrating","identity+mature",0.097,NA,NA,NA,NA
0.0082883203356864,1.07604850793726,0.195,0.113,1,"PLXNA2","migrating","identity+mature",0.082,NA,NA,NA,NA
0.00844418107677965,0.841904390790453,0.364,0.273,1,"NAPB","migrating","identity+mature",0.091,NA,NA,NA,NA
0.00844929520326006,0.866750263333,0.254,0.16,1,"TECPR2","migrating","identity+mature",0.094,NA,NA,NA,NA
0.00859556966721964,0.74607213380999,0.331,0.226,1,"SNRK","migrating","identity+mature",0.105,NA,NA,NA,NA
0.00875096485635709,0.757578530779491,0.288,0.186,1,"RAB3B","migrating","identity+mature",0.102,NA,NA,NA,NA
0.00875228946433218,0.879999617832596,0.203,0.115,1,"AC008741.2","migrating","identity+mature",0.088,NA,NA,NA,NA
0.00902037911101908,0.777325696475172,0.246,0.152,1,"RNF14","migrating","identity+mature",0.094,NA,NA,NA,NA
0.00907593862357345,0.920613038092008,0.297,0.202,1,"TSC22D2","migrating","identity+mature",0.095,NA,NA,NA,NA
0.0091313862688392,0.715347889770269,0.153,0.076,1,"DMRTA2","migrating","identity+mature",0.077,NA,NA,NA,NA
0.00917925747012423,0.914491311494444,0.288,0.187,1,"TNIP3","migrating","identity+mature",0.101,NA,NA,NA,NA
0.00936172112876647,1.00710666259685,0.178,0.095,1,"PIGK","migrating","identity+mature",0.083,NA,NA,NA,NA
0.00944511063586852,0.409391699721883,0.568,0.458,1,"ATP6V1B2","migrating","identity+mature",0.11,NA,NA,NA,NA
0.00956456541632801,1.26532012867428,0.161,0.085,1,"PES1","migrating","identity+mature",0.076,NA,NA,NA,NA
0.00960235375115107,0.973032589439625,0.195,0.111,1,"FKBP7","migrating","identity+mature",0.084,NA,NA,NA,NA
0.00971583589823609,0.974138283880901,0.169,0.091,1,"ZEB2","migrating","identity+mature",0.078,NA,NA,NA,NA
0.00977202912468264,1.18691046453571,0.195,0.113,1,"RORA","migrating","identity+mature",0.082,NA,NA,NA,NA
0.00988526640032584,1.19521743666699,0.161,0.085,1,"AREL1","migrating","identity+mature",0.076,NA,NA,NA,NA
0.0100887002789763,0.291414285806159,0.949,0.917,1,"PBX1","migrating","identity+mature",0.0319999999999999,NA,NA,NA,NA
0.0105617653444775,0.332981783175874,0.805,0.766,1,"PFN2","migrating","identity+mature",0.039,NA,NA,NA,NA
0.0106711047763042,1.14136263073822,0.186,0.106,1,"GALK2","migrating","identity+mature",0.08,NA,NA,NA,NA
0.0108935497488455,0.600772082021888,0.517,0.429,1,"TP53BP2","migrating","identity+mature",0.088,NA,NA,NA,NA
0.0109766517273386,0.482875585967102,0.381,0.276,1,"CDH12","migrating","identity+mature",0.105,NA,NA,NA,NA
0.0110183039393817,1.08216761425587,0.186,0.108,1,"CC2D2A","migrating","identity+mature",0.078,NA,NA,NA,NA
0.0110950780124755,0.628704775459579,0.483,0.395,1,"UBE2A","migrating","identity+mature",0.088,NA,NA,NA,NA
0.0112422972444699,0.716757467171308,0.297,0.199,1,"PARP8","migrating","identity+mature",0.098,NA,NA,NA,NA
0.0112859285576332,0.289776657576087,0.89,0.861,1,"NCAM1","migrating","identity+mature",0.029,NA,NA,NA,NA
0.0113273763349178,0.827007764795768,0.186,0.106,1,"ONECUT3","migrating","identity+mature",0.08,NA,NA,NA,NA
0.0114068037559044,0.8012618022705,0.297,0.204,1,"TUBE1","migrating","identity+mature",0.093,NA,NA,NA,NA
0.0114625331685858,1.10723709353616,0.169,0.093,1,"LRRC3B","migrating","identity+mature",0.076,NA,NA,NA,NA
0.0114661568139369,0.287367979804173,0.949,0.926,1,"PAK3","migrating","identity+mature",0.0229999999999999,NA,NA,NA,NA
0.0116620746512007,0.405057966933917,0.636,0.521,1,"UBE2E2","migrating","identity+mature",0.115,NA,NA,NA,NA
0.0116732789192344,0.485869807722582,0.644,0.54,1,"MYH10","migrating","identity+mature",0.104,NA,NA,NA,NA
0.0116757759829664,0.283874568918915,0.958,0.941,1,"CEP170","migrating","identity+mature",0.017,NA,NA,NA,NA
0.0116802757607775,0.905927745881266,0.271,0.174,1,"ARL4A","migrating","identity+mature",0.097,NA,NA,NA,NA
0.0117133930465277,1.36429569701201,0.102,0.045,1,"GUCY1A1","migrating","identity+mature",0.057,NA,NA,NA,NA
0.0119371032609615,1.00443812573179,0.246,0.163,1,"CDKAL1","migrating","identity+mature",0.083,NA,NA,NA,NA
0.0119465138062301,0.545809277331057,0.356,0.25,1,"ZDBF2","migrating","identity+mature",0.106,NA,NA,NA,NA
0.0120579620170278,0.764094601869193,0.347,0.249,1,"FAM219A","migrating","identity+mature",0.098,NA,NA,NA,NA
0.0121643492396581,0.28657802371321,0.78,0.703,1,"TNPO1","migrating","identity+mature",0.0770000000000001,NA,NA,NA,NA
0.0125525739799894,0.398287081896219,0.593,0.481,1,"YIPF6","migrating","identity+mature",0.112,NA,NA,NA,NA
0.0126545838298181,0.408108972373765,0.619,0.54,1,"SNRNP200","migrating","identity+mature",0.079,NA,NA,NA,NA
0.0128127354525382,1.08645151259552,0.136,0.069,1,"VPS13D","migrating","identity+mature",0.067,NA,NA,NA,NA
0.0129654347310932,0.604812003171156,0.331,0.219,1,"BMP3","migrating","identity+mature",0.112,NA,NA,NA,NA
0.0130931507549551,0.867014771387445,0.288,0.193,1,"VWA5A","migrating","identity+mature",0.095,NA,NA,NA,NA
0.0131734886588374,0.390899680362519,0.627,0.527,1,"NR2F6","migrating","identity+mature",0.1,NA,NA,NA,NA
0.0132071922822724,1.58241236492912,0.178,0.104,1,"PTGER3","migrating","identity+mature",0.074,NA,NA,NA,NA
0.0132398942029596,0.503248841042159,0.619,0.542,1,"KPNA3","migrating","identity+mature",0.077,NA,NA,NA,NA
0.0132475622300242,0.80197314988147,0.136,0.067,1,"ZNF333","migrating","identity+mature",0.069,NA,NA,NA,NA
0.0132542433076053,0.282302056838826,0.831,0.763,1,"TOP2B","migrating","identity+mature",0.068,NA,NA,NA,NA
0.0132994276292704,0.352473883160958,0.754,0.688,1,"FADS1","migrating","identity+mature",0.0660000000000001,NA,NA,NA,NA
0.0133430192292643,0.440415519709531,0.576,0.479,1,"ERGIC2","migrating","identity+mature",0.097,NA,NA,NA,NA
0.0135372674438004,0.687002473382057,0.398,0.306,1,"UBFD1","migrating","identity+mature",0.092,NA,NA,NA,NA
0.0135876721917874,0.593846937751727,0.271,0.178,1,"MGAT4A","migrating","identity+mature",0.093,NA,NA,NA,NA
0.0137103094900514,0.665830937729448,0.271,0.174,1,"ETV1","migrating","identity+mature",0.097,NA,NA,NA,NA
0.0137535084080211,1.21811264845979,0.102,0.045,1,"GOLGA8B","migrating","identity+mature",0.057,NA,NA,NA,NA
0.0137646979062407,1.21766129616709,0.11,0.05,1,"NT5DC1","migrating","identity+mature",0.06,NA,NA,NA,NA
0.0138022539774115,0.386184942940471,0.805,0.764,1,"SPTBN1","migrating","identity+mature",0.041,NA,NA,NA,NA
0.0140296030780143,0.302597433749035,0.839,0.753,1,"LCOR","migrating","identity+mature",0.086,NA,NA,NA,NA
0.0142786124566251,0.807278390300139,0.178,0.098,1,"AC023300.2","migrating","identity+mature",0.08,NA,NA,NA,NA
0.0142895476331163,0.480508947001085,0.627,0.555,1,"ANP32A","migrating","identity+mature",0.072,NA,NA,NA,NA
0.0145323053312886,0.800012649868829,0.229,0.141,1,"BLZF1","migrating","identity+mature",0.088,NA,NA,NA,NA
0.0145648510951298,1.00986604592394,0.22,0.135,1,"THAP6","migrating","identity+mature",0.085,NA,NA,NA,NA
0.0148781294430398,0.795055860694934,0.288,0.199,1,"ZDHHC6","migrating","identity+mature",0.089,NA,NA,NA,NA
0.0149311832625988,0.301692274011687,0.729,0.594,1,"RAB9B","migrating","identity+mature",0.135,NA,NA,NA,NA
0.015360314064785,1.19946982500273,0.169,0.096,1,"C7orf26","migrating","identity+mature",0.073,NA,NA,NA,NA
0.0153809770094235,0.9053551321491,0.136,0.067,1,"RWDD2B","migrating","identity+mature",0.069,NA,NA,NA,NA
0.0155734434590542,1.07282023532852,0.195,0.117,1,"CDKL5","migrating","identity+mature",0.078,NA,NA,NA,NA
0.0156765268245017,0.343721087350704,0.771,0.711,1,"DDX18","migrating","identity+mature",0.06,NA,NA,NA,NA
0.0157934343413226,0.729540294839011,0.466,0.378,1,"SCN9A","migrating","identity+mature",0.088,NA,NA,NA,NA
0.0158201052018833,0.581134784783726,0.636,0.553,1,"CLCN3","migrating","identity+mature",0.083,NA,NA,NA,NA
0.0158448867443324,0.296093605872077,0.763,0.711,1,"KPNB1","migrating","identity+mature",0.052,NA,NA,NA,NA
0.0159844737177355,0.312168103312455,0.593,0.484,1,"KLHL24","migrating","identity+mature",0.109,NA,NA,NA,NA
0.0160272595810734,0.646019253005411,0.229,0.143,1,"DNAJC12","migrating","identity+mature",0.086,NA,NA,NA,NA
0.0160763870050896,1.10357487016729,0.195,0.122,1,"FAT1","migrating","identity+mature",0.073,NA,NA,NA,NA
0.016085676373993,0.292330632124459,0.805,0.79,1,"CXXC5","migrating","identity+mature",0.015,NA,NA,NA,NA
0.0161368126629885,0.302714332053286,0.822,0.761,1,"SUGT1","migrating","identity+mature",0.0609999999999999,NA,NA,NA,NA
0.0162680283804581,0.464065107348565,0.636,0.529,1,"STOML2","migrating","identity+mature",0.107,NA,NA,NA,NA
0.0162861225787437,0.693748636304624,0.331,0.236,1,"LDLR","migrating","identity+mature",0.095,NA,NA,NA,NA
0.0162918813935514,0.714567848872058,0.246,0.16,1,"TIPARP","migrating","identity+mature",0.086,NA,NA,NA,NA
0.0165852195509933,0.283276506510977,0.686,0.59,1,"SH3BP5","migrating","identity+mature",0.0960000000000001,NA,NA,NA,NA
0.0165978291272475,0.781808269030268,0.28,0.195,1,"IKZF4","migrating","identity+mature",0.085,NA,NA,NA,NA
0.0166134454345669,0.657623243565539,0.314,0.219,1,"NSMCE2","migrating","identity+mature",0.095,NA,NA,NA,NA
0.0166137656590894,0.498767416299241,0.28,0.178,1,"HGSNAT","migrating","identity+mature",0.102,NA,NA,NA,NA
0.0168530296695484,0.464486354125237,0.492,0.403,1,"MTUS1","migrating","identity+mature",0.089,NA,NA,NA,NA
0.0169126989363849,0.555733356156287,0.356,0.258,1,"PTPRZ1","migrating","identity+mature",0.098,NA,NA,NA,NA
0.0169568917383732,0.731227429842562,0.424,0.323,1,"TMEM47","migrating","identity+mature",0.101,NA,NA,NA,NA
0.0170920669555351,0.548428899397326,0.314,0.217,1,"KCTD20","migrating","identity+mature",0.097,NA,NA,NA,NA
0.0171265916863042,0.87496848203832,0.212,0.13,1,"ZNF181","migrating","identity+mature",0.082,NA,NA,NA,NA
0.0171746797358061,0.640145445137953,0.288,0.197,1,"MYO16","migrating","identity+mature",0.091,NA,NA,NA,NA
0.0172908805037488,0.846614216357973,0.263,0.18,1,"PPP2R2C","migrating","identity+mature",0.083,NA,NA,NA,NA
0.0173219138438503,1.37624988260625,0.153,0.085,1,"AK5","migrating","identity+mature",0.068,NA,NA,NA,NA
0.0175604006544637,0.256966499967021,0.797,0.718,1,"TCAF1","migrating","identity+mature",0.0790000000000001,NA,NA,NA,NA
0.0178510591071189,1.12828071160286,0.161,0.091,1,"DOK5","migrating","identity+mature",0.07,NA,NA,NA,NA
0.0179564742931778,0.622573267523556,0.441,0.351,1,"XKR4","migrating","identity+mature",0.09,NA,NA,NA,NA
0.018128069959564,0.860314237084773,0.288,0.199,1,"PIK3C3","migrating","identity+mature",0.089,NA,NA,NA,NA
0.0182948003802133,0.526638054538052,0.407,0.317,1,"CREBRF","migrating","identity+mature",0.09,NA,NA,NA,NA
0.0184260307886921,0.932099023571082,0.102,0.046,1,"CDH11","migrating","identity+mature",0.056,NA,NA,NA,NA
0.0184407207829786,1.81300122131022,0.102,0.048,1,"TBCE.1","migrating","identity+mature",0.054,NA,NA,NA,NA
0.0184619358751493,0.87262318931668,0.246,0.16,1,"SLC35E1","migrating","identity+mature",0.086,NA,NA,NA,NA
0.0185364787609223,0.523564586805889,0.508,0.395,1,"ZSCAN18","migrating","identity+mature",0.113,NA,NA,NA,NA
0.0185583378142965,0.434899659388388,0.542,0.438,1,"GPATCH2","migrating","identity+mature",0.104,NA,NA,NA,NA
0.0186748766875148,0.53035871219538,0.381,0.275,1,"RIT1","migrating","identity+mature",0.106,NA,NA,NA,NA
0.0186939072335237,0.259411714302909,0.729,0.647,1,"MRPL42","migrating","identity+mature",0.082,NA,NA,NA,NA
0.0188785795312276,0.669205009389695,0.347,0.258,1,"NKIRAS1","migrating","identity+mature",0.089,NA,NA,NA,NA
0.0189211690893401,0.877142286861882,0.203,0.126,1,"PCGF6","migrating","identity+mature",0.077,NA,NA,NA,NA
0.0191945698402604,1.16057529534586,0.136,0.072,1,"COQ10A","migrating","identity+mature",0.064,NA,NA,NA,NA
0.0192022671563166,0.325457312959853,0.576,0.473,1,"COX14","migrating","identity+mature",0.103,NA,NA,NA,NA
0.0192178827800916,0.602923170092043,0.432,0.356,1,"LINC00599","migrating","identity+mature",0.076,NA,NA,NA,NA
0.019309486593955,0.301836673554317,0.576,0.468,1,"VPS4B","migrating","identity+mature",0.108,NA,NA,NA,NA
0.0193479732620996,0.641210186568704,0.331,0.237,1,"MDGA1","migrating","identity+mature",0.094,NA,NA,NA,NA
0.0193674845181592,0.739685196615943,0.288,0.199,1,"MAGI3","migrating","identity+mature",0.089,NA,NA,NA,NA
0.0193804462404377,0.503628822484403,0.458,0.354,1,"PMF1","migrating","identity+mature",0.104,NA,NA,NA,NA
0.0193866531587622,0.454885761843355,0.585,0.508,1,"ROBO1","migrating","identity+mature",0.077,NA,NA,NA,NA
0.0195109193210671,0.444729627545467,0.534,0.419,1,"MAGI1","migrating","identity+mature",0.115,NA,NA,NA,NA
0.0196573920573349,0.36985808347547,0.619,0.547,1,"SINHCAF","migrating","identity+mature",0.072,NA,NA,NA,NA
0.0197702022463248,1.31631031797432,0.11,0.054,1,"MANEA-DT","migrating","identity+mature",0.056,NA,NA,NA,NA
0.0198348944748046,0.299943886324032,0.542,0.455,1,"MAPK1IP1L","migrating","identity+mature",0.087,NA,NA,NA,NA
0.01985666020089,0.515265664660227,0.534,0.442,1,"CRCP","migrating","identity+mature",0.092,NA,NA,NA,NA
0.020109905032783,0.925744443844805,0.212,0.137,1,"MTIF2","migrating","identity+mature",0.075,NA,NA,NA,NA
0.0201794644093268,1.19628251382612,0.127,0.065,1,"ST6GAL2","migrating","identity+mature",0.062,NA,NA,NA,NA
0.0202812690718698,0.422746040193036,0.517,0.419,1,"ICK","migrating","identity+mature",0.098,NA,NA,NA,NA
0.0202962760192612,0.856346776080034,0.195,0.119,1,"MFSD4B","migrating","identity+mature",0.076,NA,NA,NA,NA
0.0203000496357838,1.022724950429,0.102,0.046,1,"IKBKG","migrating","identity+mature",0.056,NA,NA,NA,NA
0.0204759019430425,0.438134876942088,0.534,0.475,1,"UBAP2L","migrating","identity+mature",0.059,NA,NA,NA,NA
0.0206268727875447,0.520629427408667,0.364,0.25,1,"CACNA2D1","migrating","identity+mature",0.114,NA,NA,NA,NA
0.0206436106750666,0.618688371079054,0.424,0.332,1,"IQCK","migrating","identity+mature",0.092,NA,NA,NA,NA
0.0206561169552733,0.726312918181671,0.305,0.226,1,"RAP2B","migrating","identity+mature",0.079,NA,NA,NA,NA
0.0207781604878572,0.351052483873965,0.576,0.473,1,"MRFAP1L1","migrating","identity+mature",0.103,NA,NA,NA,NA
0.0210869666661545,0.712321455673179,0.297,0.204,1,"TAF9B","migrating","identity+mature",0.093,NA,NA,NA,NA
0.0211580564322484,0.403631316098178,0.636,0.536,1,"CHN1","migrating","identity+mature",0.1,NA,NA,NA,NA
0.0211943442372107,0.327931465496336,0.78,0.686,1,"MRPS18C","migrating","identity+mature",0.094,NA,NA,NA,NA
0.0213154404636865,0.525739111511719,0.492,0.399,1,"RNF20","migrating","identity+mature",0.093,NA,NA,NA,NA
0.0214986498142881,0.612413959021327,0.28,0.187,1,"BACE1","migrating","identity+mature",0.093,NA,NA,NA,NA
0.0215566772567076,0.323963427377071,0.831,0.755,1,"ARID4A","migrating","identity+mature",0.076,NA,NA,NA,NA
0.0216389778360643,0.626898420551424,0.322,0.232,1,"NGRN","migrating","identity+mature",0.09,NA,NA,NA,NA
0.0217078608244198,0.481417307374012,0.356,0.256,1,"NMT1","migrating","identity+mature",0.1,NA,NA,NA,NA
0.0219018741698897,0.512323493468618,0.483,0.419,1,"RPRD2","migrating","identity+mature",0.064,NA,NA,NA,NA
0.022168245261498,0.397125980702315,0.568,0.482,1,"SMC1A","migrating","identity+mature",0.086,NA,NA,NA,NA
0.0223026153810271,1.29313118182487,0.102,0.048,1,"FAM160B2","migrating","identity+mature",0.054,NA,NA,NA,NA
0.0223913812984529,0.340997803115949,0.72,0.672,1,"RBPJ","migrating","identity+mature",0.0479999999999999,NA,NA,NA,NA
0.0225528228123997,0.897678349132792,0.153,0.085,1,"AC008267.5","migrating","identity+mature",0.068,NA,NA,NA,NA
0.022612576711738,0.800078141104142,0.195,0.119,1,"MTA2","migrating","identity+mature",0.076,NA,NA,NA,NA
0.0229294047413425,1.52081624923334,0.11,0.056,1,"BX005019.1","migrating","identity+mature",0.054,NA,NA,NA,NA
0.0229577332449057,0.261557064747234,0.729,0.673,1,"SRGAP3","migrating","identity+mature",0.0559999999999999,NA,NA,NA,NA
0.0229631833752635,0.399268396292111,0.559,0.466,1,"STAU2","migrating","identity+mature",0.093,NA,NA,NA,NA
0.023025087781421,0.96134191393255,0.178,0.106,1,"SIK2","migrating","identity+mature",0.072,NA,NA,NA,NA
0.0230901538879834,0.27416929876379,0.856,0.757,1,"DCC","migrating","identity+mature",0.099,NA,NA,NA,NA
0.023200226553833,0.993804526098142,0.144,0.08,1,"ARPIN","migrating","identity+mature",0.064,NA,NA,NA,NA
0.0232627404218453,0.568888139984003,0.271,0.186,1,"FBXO34","migrating","identity+mature",0.085,NA,NA,NA,NA
0.0238006883424406,0.574992424639768,0.263,0.174,1,"MKLN1","migrating","identity+mature",0.089,NA,NA,NA,NA
0.0239973120378635,0.519539601238341,0.28,0.189,1,"PAK1IP1","migrating","identity+mature",0.091,NA,NA,NA,NA
0.0244493753817263,0.313571334895209,0.619,0.512,1,"PTEN","migrating","identity+mature",0.107,NA,NA,NA,NA
0.0245189295517764,0.81499748218494,0.229,0.15,1,"CNOT3","migrating","identity+mature",0.079,NA,NA,NA,NA
0.0246104046393613,0.272664822444675,0.517,0.417,1,"USP15","migrating","identity+mature",0.1,NA,NA,NA,NA
0.0246472896460138,0.563062198720296,0.441,0.364,1,"DACH1","migrating","identity+mature",0.077,NA,NA,NA,NA
0.0247117139907031,1.25668827306552,0.11,0.056,1,"PKP4","migrating","identity+mature",0.054,NA,NA,NA,NA
0.0247441409291695,0.872631676043301,0.178,0.106,1,"SPIN3","migrating","identity+mature",0.072,NA,NA,NA,NA
0.0248398584824728,0.722544680910596,0.373,0.288,1,"AC090114.2","migrating","identity+mature",0.085,NA,NA,NA,NA
0.0249392681520397,0.308726203073554,0.619,0.523,1,"LSM8","migrating","identity+mature",0.096,NA,NA,NA,NA
0.0251022135705645,0.903493778632007,0.305,0.224,1,"SMC6","migrating","identity+mature",0.081,NA,NA,NA,NA
0.0251842016407591,0.684016847604134,0.398,0.308,1,"B4GALT3","migrating","identity+mature",0.09,NA,NA,NA,NA
0.0252309066324633,1.19377688214967,0.127,0.067,1,"ARL17A","migrating","identity+mature",0.06,NA,NA,NA,NA
0.0253064262727938,0.277076866571603,0.881,0.881,1,"RERE","migrating","identity+mature",0,NA,NA,NA,NA
0.025339341984024,0.745406053664287,0.271,0.186,1,"FAM19A2","migrating","identity+mature",0.085,NA,NA,NA,NA
0.0254430801436217,0.429160891730496,0.356,0.263,1,"ATE1","migrating","identity+mature",0.093,NA,NA,NA,NA
0.0256410409540628,0.484537553331902,0.5,0.438,1,"REV3L","migrating","identity+mature",0.062,NA,NA,NA,NA
0.025742898463939,1.05564504917369,0.178,0.109,1,"MAML2","migrating","identity+mature",0.069,NA,NA,NA,NA
0.0257831577539357,0.361638149231399,0.593,0.512,1,"UBE2K","migrating","identity+mature",0.081,NA,NA,NA,NA
0.0258304555785349,0.605706629671501,0.229,0.147,1,"B4GALT7","migrating","identity+mature",0.082,NA,NA,NA,NA
0.0259760664803388,0.321944271943737,0.754,0.701,1,"UBE2L3","migrating","identity+mature",0.053,NA,NA,NA,NA
0.0260819187457325,0.331574846123375,0.78,0.709,1,"PSMB4","migrating","identity+mature",0.0710000000000001,NA,NA,NA,NA
0.0261932936820103,0.931337859565994,0.246,0.169,1,"TRNT1","migrating","identity+mature",0.077,NA,NA,NA,NA
0.0263681770641771,0.731423545725773,0.297,0.215,1,"SIK3","migrating","identity+mature",0.082,NA,NA,NA,NA
0.0265666534661275,0.452802982080271,0.517,0.443,1,"SETD2","migrating","identity+mature",0.074,NA,NA,NA,NA
0.0266709640335321,0.851822619476624,0.178,0.106,1,"PAXBP1-AS1","migrating","identity+mature",0.072,NA,NA,NA,NA
0.0267058090763034,0.792867040654675,0.229,0.147,1,"TENM4","migrating","identity+mature",0.082,NA,NA,NA,NA
0.0267334156349133,0.338299199712751,0.805,0.74,1,"ZNF462","migrating","identity+mature",0.0650000000000001,NA,NA,NA,NA
0.0269047816494563,0.707638697996506,0.246,0.163,1,"UBAC2","migrating","identity+mature",0.083,NA,NA,NA,NA
0.0271094356333682,0.389131690056254,0.627,0.521,1,"EPRS","migrating","identity+mature",0.106,NA,NA,NA,NA
0.0272904360151179,0.452525276752619,0.61,0.555,1,"ASAH1","migrating","identity+mature",0.0549999999999999,NA,NA,NA,NA
0.0272971550458312,0.927441845591163,0.229,0.156,1,"RPGRIP1L","migrating","identity+mature",0.073,NA,NA,NA,NA
0.027315631527587,0.37751100399864,0.449,0.351,1,"CTDSPL2","migrating","identity+mature",0.098,NA,NA,NA,NA
0.0273158740387148,1.39061228487805,0.119,0.063,1,"PCDHB10","migrating","identity+mature",0.056,NA,NA,NA,NA
0.027389004603396,0.394204804191684,0.627,0.542,1,"TMOD2","migrating","identity+mature",0.085,NA,NA,NA,NA
0.0276708368679298,0.764791588295421,0.229,0.152,1,"FUCA2","migrating","identity+mature",0.077,NA,NA,NA,NA
0.0278465867598024,0.528238694027692,0.28,0.186,1,"NUDT15","migrating","identity+mature",0.094,NA,NA,NA,NA
0.0279594752129815,1.09093602209433,0.169,0.104,1,"EXTL3","migrating","identity+mature",0.065,NA,NA,NA,NA
0.0283565431394897,0.573018072801408,0.288,0.204,1,"AC025159.1","migrating","identity+mature",0.084,NA,NA,NA,NA
0.0283771687129973,0.554916243789402,0.297,0.208,1,"RCC2","migrating","identity+mature",0.089,NA,NA,NA,NA
0.0287098625810929,0.399308294336965,0.398,0.295,1,"SRGAP2C","migrating","identity+mature",0.103,NA,NA,NA,NA
0.02882125109128,1.23558414713882,0.11,0.056,1,"AC048341.1","migrating","identity+mature",0.054,NA,NA,NA,NA
0.0291067274824623,0.468868220760874,0.568,0.482,1,"ARHGEF12","migrating","identity+mature",0.086,NA,NA,NA,NA
0.0291143912687771,0.560384953709811,0.271,0.182,1,"TAPT1","migrating","identity+mature",0.089,NA,NA,NA,NA
0.0292393518478553,0.496579757632272,0.483,0.401,1,"NAT14","migrating","identity+mature",0.082,NA,NA,NA,NA
0.0294973047780683,0.645422859397588,0.271,0.191,1,"COX16","migrating","identity+mature",0.08,NA,NA,NA,NA
0.0295482695768128,0.931335707590101,0.144,0.082,1,"SAV1","migrating","identity+mature",0.062,NA,NA,NA,NA
0.0297272779515447,1.40572782966544,0.127,0.071,1,"GJD2","migrating","identity+mature",0.056,NA,NA,NA,NA
0.029797236845844,1.10720753716426,0.127,0.069,1,"METTL15","migrating","identity+mature",0.058,NA,NA,NA,NA
0.0300102434170983,0.695772462380377,0.263,0.178,1,"NGLY1","migrating","identity+mature",0.085,NA,NA,NA,NA
0.0302460523392017,0.366433036473703,0.559,0.484,1,"JUN","migrating","identity+mature",0.0750000000000001,NA,NA,NA,NA
0.0305530562859684,0.824946895642058,0.212,0.139,1,"AAAS","migrating","identity+mature",0.073,NA,NA,NA,NA
0.0307199891389195,1.21548179207182,0.102,0.05,1,"ANKRD42","migrating","identity+mature",0.052,NA,NA,NA,NA
0.030747389182862,1.16787418594892,0.153,0.089,1,"ERLIN2","migrating","identity+mature",0.064,NA,NA,NA,NA
0.0309048065870209,1.26514201911037,0.11,0.058,1,"ACAD10","migrating","identity+mature",0.052,NA,NA,NA,NA
0.0314870525603893,0.564470125023015,0.347,0.26,1,"TRIM23","migrating","identity+mature",0.087,NA,NA,NA,NA
0.0316658180359232,0.399782868573171,0.771,0.742,1,"MSMO1","migrating","identity+mature",0.029,NA,NA,NA,NA
0.0319832432186275,0.310737626881321,0.619,0.51,1,"DCTN6","migrating","identity+mature",0.109,NA,NA,NA,NA
0.0322690048999375,0.605689107876094,0.288,0.202,1,"SVIL","migrating","identity+mature",0.086,NA,NA,NA,NA
0.032359771468133,0.91862663301427,0.186,0.117,1,"THUMPD2","migrating","identity+mature",0.069,NA,NA,NA,NA
0.0324804502758429,0.789602315712115,0.22,0.148,1,"PURB","migrating","identity+mature",0.072,NA,NA,NA,NA
0.0324942709677155,0.394816119132073,0.466,0.373,1,"RBM7","migrating","identity+mature",0.093,NA,NA,NA,NA
0.03251059572083,0.395816271577261,0.737,0.681,1,"ZRANB2","migrating","identity+mature",0.0559999999999999,NA,NA,NA,NA
0.0325320857464403,0.610925179668159,0.441,0.362,1,"RANBP6","migrating","identity+mature",0.079,NA,NA,NA,NA
0.0326351686736438,0.916895573327136,0.212,0.134,1,"INSIG1","migrating","identity+mature",0.078,NA,NA,NA,NA
0.0328050686202143,0.656215834734797,0.246,0.165,1,"EPB41L3","migrating","identity+mature",0.081,NA,NA,NA,NA
0.0329995850852924,0.411885982163048,0.466,0.377,1,"IER3IP1","migrating","identity+mature",0.089,NA,NA,NA,NA
0.033043270905024,0.417897166795766,0.508,0.419,1,"IMP3","migrating","identity+mature",0.089,NA,NA,NA,NA
0.0331858284202232,1.049571706789,0.119,0.063,1,"N6AMT1","migrating","identity+mature",0.056,NA,NA,NA,NA
0.0332123937425881,0.501864477236352,0.381,0.299,1,"CCSER1","migrating","identity+mature",0.082,NA,NA,NA,NA
0.0332404815698293,0.583286735130614,0.263,0.178,1,"ADCY2","migrating","identity+mature",0.085,NA,NA,NA,NA
0.0340020710015036,1.14127628745259,0.144,0.083,1,"DNAJC13","migrating","identity+mature",0.061,NA,NA,NA,NA
0.0341156909551758,0.652019726127714,0.305,0.217,1,"MRPL17","migrating","identity+mature",0.088,NA,NA,NA,NA
0.0344501204893384,0.850692848075377,0.203,0.132,1,"AC092279.1","migrating","identity+mature",0.071,NA,NA,NA,NA
0.0348118071573784,0.303124834632691,0.788,0.792,1,"SRSF7","migrating","identity+mature",-0.004,NA,NA,NA,NA
0.034830572907295,0.762646728602669,0.195,0.124,1,"MPDZ","migrating","identity+mature",0.071,NA,NA,NA,NA
0.035042164512723,0.985170984677336,0.203,0.137,1,"ZBTB7C","migrating","identity+mature",0.066,NA,NA,NA,NA
0.0351702003665355,1.0955029744812,0.11,0.058,1,"MFAP3","migrating","identity+mature",0.052,NA,NA,NA,NA
0.0358386598588076,0.313080932003915,0.627,0.599,1,"TUBGCP4","migrating","identity+mature",0.028,NA,NA,NA,NA
0.0359453546224191,1.01932150593015,0.161,0.096,1,"FAM91A1","migrating","identity+mature",0.065,NA,NA,NA,NA
0.0363669838603299,0.287750435662716,0.576,0.473,1,"AMER2","migrating","identity+mature",0.103,NA,NA,NA,NA
0.0364196405648951,0.69025882389421,0.288,0.21,1,"TMX1","migrating","identity+mature",0.078,NA,NA,NA,NA
0.0365714020316845,0.445038063971228,0.458,0.371,1,"UBE2Q1","migrating","identity+mature",0.087,NA,NA,NA,NA
0.036823904795232,0.618500816249447,0.356,0.273,1,"RAD54L2","migrating","identity+mature",0.083,NA,NA,NA,NA
0.0368269994098993,0.943648464427048,0.136,0.078,1,"SWSAP1","migrating","identity+mature",0.058,NA,NA,NA,NA
0.0369425501141373,0.646937857287967,0.212,0.137,1,"PSD2","migrating","identity+mature",0.075,NA,NA,NA,NA
0.0371780411582745,0.275525839222192,0.763,0.711,1,"ITGB1","migrating","identity+mature",0.052,NA,NA,NA,NA
0.0372553830130625,0.697869184316776,0.203,0.13,1,"GRM7","migrating","identity+mature",0.073,NA,NA,NA,NA
0.0374431420297962,0.285082378047625,0.636,0.544,1,"BCL7C","migrating","identity+mature",0.092,NA,NA,NA,NA
0.0375623271659616,1.21390846635664,0.102,0.052,1,"BBS10","migrating","identity+mature",0.05,NA,NA,NA,NA
0.0376350402113495,0.312327254300671,0.771,0.679,1,"ZFR","migrating","identity+mature",0.092,NA,NA,NA,NA
0.0379645656956279,0.723893240237678,0.237,0.161,1,"LEMD3","migrating","identity+mature",0.076,NA,NA,NA,NA
0.0380393279478054,0.888431980276026,0.102,0.052,1,"AL157938.3","migrating","identity+mature",0.05,NA,NA,NA,NA
0.0380707790069007,0.426118396337064,0.653,0.564,1,"SYP","migrating","identity+mature",0.0890000000000001,NA,NA,NA,NA
0.0381945677725671,0.51146795554553,0.297,0.208,1,"ZNF362","migrating","identity+mature",0.089,NA,NA,NA,NA
0.0382395988380287,0.696401765478388,0.203,0.134,1,"ANAPC10","migrating","identity+mature",0.069,NA,NA,NA,NA
0.0382807900441329,0.901660776400417,0.22,0.15,1,"SYT7","migrating","identity+mature",0.07,NA,NA,NA,NA
0.0384743017425942,0.850855442204577,0.186,0.119,1,"PCDH19","migrating","identity+mature",0.067,NA,NA,NA,NA
0.0385214703007598,1.12303024762118,0.102,0.052,1,"KAT2B","migrating","identity+mature",0.05,NA,NA,NA,NA
0.038618296801714,0.547155885396982,0.136,0.074,1,"LINC01521","migrating","identity+mature",0.062,NA,NA,NA,NA
0.0386336641814948,0.772073066030214,0.246,0.173,1,"CCNQ","migrating","identity+mature",0.073,NA,NA,NA,NA
0.0387638832160421,0.78659239406369,0.203,0.135,1,"SLC6A1","migrating","identity+mature",0.068,NA,NA,NA,NA
0.0387831629139803,0.69064730691202,0.314,0.232,1,"POMGNT1","migrating","identity+mature",0.082,NA,NA,NA,NA
0.038816127611346,1.02966121928665,0.229,0.16,1,"TMEM206","migrating","identity+mature",0.069,NA,NA,NA,NA
0.0395303491376099,0.503367198001167,0.415,0.336,1,"RABGAP1L","migrating","identity+mature",0.079,NA,NA,NA,NA
0.039735470510862,0.533810068170401,0.407,0.33,1,"CCNT2","migrating","identity+mature",0.077,NA,NA,NA,NA
0.0399524072418304,0.485877859142555,0.28,0.193,1,"EPB41L4A","migrating","identity+mature",0.087,NA,NA,NA,NA
0.0399978737708814,0.725403454959396,0.331,0.25,1,"VASH2","migrating","identity+mature",0.081,NA,NA,NA,NA
0.0402813600602401,0.838561249770674,0.203,0.132,1,"NUP153","migrating","identity+mature",0.071,NA,NA,NA,NA
0.0403668298157301,1.03446976522469,0.195,0.132,1,"MAPKAPK2","migrating","identity+mature",0.063,NA,NA,NA,NA
0.0404401342687607,0.293144737335731,0.729,0.635,1,"GABRB3","migrating","identity+mature",0.094,NA,NA,NA,NA
0.0405366927112662,0.373261751150732,0.602,0.529,1,"AC084033.3","migrating","identity+mature",0.073,NA,NA,NA,NA
0.040610226395609,0.433282544625122,0.381,0.297,1,"DARS","migrating","identity+mature",0.084,NA,NA,NA,NA
0.0406507458338378,0.628620965084544,0.373,0.291,1,"MLF1","migrating","identity+mature",0.082,NA,NA,NA,NA
0.0407305431387446,0.393373604212583,0.415,0.314,1,"SC5D","migrating","identity+mature",0.101,NA,NA,NA,NA
0.0407421672747202,0.981769886118042,0.119,0.065,1,"UNC5B","migrating","identity+mature",0.054,NA,NA,NA,NA
0.0407454885059376,0.513691555877059,0.415,0.33,1,"DCLK2","migrating","identity+mature",0.085,NA,NA,NA,NA
0.0407911242726274,0.425986445736979,0.534,0.466,1,"MAPRE2","migrating","identity+mature",0.068,NA,NA,NA,NA
0.041187511355715,0.298200926658686,0.517,0.419,1,"TMTC4","migrating","identity+mature",0.098,NA,NA,NA,NA
0.0413409955886769,0.386834349849957,0.551,0.468,1,"GOPC","migrating","identity+mature",0.083,NA,NA,NA,NA
0.041375283123043,0.25288601324095,0.831,0.835,1,"ANK3","migrating","identity+mature",-0.004,NA,NA,NA,NA
0.0413779301990798,0.417736768010734,0.441,0.343,1,"ATP8A2","migrating","identity+mature",0.098,NA,NA,NA,NA
0.041584585785644,0.855282869910379,0.186,0.121,1,"AGL","migrating","identity+mature",0.065,NA,NA,NA,NA
0.0418685343343598,0.652906183364794,0.432,0.343,1,"RARS","migrating","identity+mature",0.089,NA,NA,NA,NA
0.0418690306927849,1.13159547685746,0.136,0.08,1,"RBM27","migrating","identity+mature",0.056,NA,NA,NA,NA
0.042025484075184,1.00078443241442,0.136,0.078,1,"CU638689.4","migrating","identity+mature",0.058,NA,NA,NA,NA
0.0420672922897802,0.532950200005645,0.441,0.367,1,"GSTM3","migrating","identity+mature",0.074,NA,NA,NA,NA
0.0421841907894755,0.601426078430264,0.331,0.25,1,"CCDC91","migrating","identity+mature",0.081,NA,NA,NA,NA
0.042346353506597,0.2971203363788,0.559,0.482,1,"SLU7","migrating","identity+mature",0.0770000000000001,NA,NA,NA,NA
0.0423814701208363,0.376246613731554,0.441,0.343,1,"TMED9","migrating","identity+mature",0.098,NA,NA,NA,NA
0.0425614662594887,0.753864269932585,0.229,0.156,1,"ABHD13","migrating","identity+mature",0.073,NA,NA,NA,NA
0.0430997965780412,0.54035095735748,0.331,0.252,1,"USO1","migrating","identity+mature",0.079,NA,NA,NA,NA
0.0432313466599181,0.728121454702384,0.263,0.191,1,"PYROXD1","migrating","identity+mature",0.072,NA,NA,NA,NA
0.0432975153352199,0.288470206627285,0.542,0.432,1,"ANKS1B","migrating","identity+mature",0.11,NA,NA,NA,NA
0.0433732330266331,1.47123436166182,0.127,0.074,1,"KCNH7","migrating","identity+mature",0.053,NA,NA,NA,NA
0.0436116424888731,0.82757902066883,0.144,0.085,1,"ORC2","migrating","identity+mature",0.059,NA,NA,NA,NA
0.0436557520339018,0.770115678918719,0.237,0.165,1,"DHX38","migrating","identity+mature",0.072,NA,NA,NA,NA
0.043912281014035,1.01447139029287,0.186,0.121,1,"NTNG2","migrating","identity+mature",0.065,NA,NA,NA,NA
0.0441110083875851,0.493231500367605,0.407,0.308,1,"ANKRD26","migrating","identity+mature",0.099,NA,NA,NA,NA
0.0442031220275934,0.682008426739118,0.203,0.13,1,"PCDHA9","migrating","identity+mature",0.073,NA,NA,NA,NA
0.0443331106609223,0.472399111899176,0.475,0.393,1,"MAT2A","migrating","identity+mature",0.082,NA,NA,NA,NA
0.0445478316253934,0.471343621444341,0.492,0.41,1,"IGF2BP3","migrating","identity+mature",0.082,NA,NA,NA,NA
0.0446235630906395,0.257090183109754,0.712,0.638,1,"SESTD1","migrating","identity+mature",0.074,NA,NA,NA,NA
0.0449895790465384,0.589199677959336,0.178,0.109,1,"ZMAT1","migrating","identity+mature",0.069,NA,NA,NA,NA
0.0450204908023422,0.395292056564811,0.458,0.356,1,"SS18L2","migrating","identity+mature",0.102,NA,NA,NA,NA
0.0452290678045798,0.850969845205366,0.254,0.184,1,"EXOC3","migrating","identity+mature",0.07,NA,NA,NA,NA
0.0453025071715457,0.637161953032988,0.195,0.126,1,"PTRH1","migrating","identity+mature",0.069,NA,NA,NA,NA
0.0458912296921717,0.725855436082691,0.203,0.135,1,"CPEB2","migrating","identity+mature",0.068,NA,NA,NA,NA
0.04607617151368,0.390898605268266,0.551,0.475,1,"HERC2","migrating","identity+mature",0.0760000000000001,NA,NA,NA,NA
0.0461115133888814,1.17688626092851,0.102,0.054,1,"COG5","migrating","identity+mature",0.048,NA,NA,NA,NA
0.0461732712739592,0.367388995162714,0.636,0.562,1,"NUDT3","migrating","identity+mature",0.074,NA,NA,NA,NA
0.0461826381849701,0.644346751330361,0.246,0.178,1,"NME5","migrating","identity+mature",0.068,NA,NA,NA,NA
0.0462383177392433,0.59998707521956,0.39,0.299,1,"CLGN","migrating","identity+mature",0.091,NA,NA,NA,NA
0.0463807968446443,0.609035544782717,0.373,0.314,1,"RANBP9","migrating","identity+mature",0.059,NA,NA,NA,NA
0.0469383108884333,0.557299531164935,0.5,0.449,1,"KLHL9","migrating","identity+mature",0.051,NA,NA,NA,NA
0.0477703528842525,0.463650645140901,0.356,0.271,1,"FAM214B","migrating","identity+mature",0.085,NA,NA,NA,NA
0.0478407203542028,0.531738185904431,0.407,0.338,1,"ARL5B","migrating","identity+mature",0.069,NA,NA,NA,NA
0.0482966409388411,1.07468207560374,0.119,0.067,1,"BBOF1","migrating","identity+mature",0.052,NA,NA,NA,NA
0.0484501100300757,0.823020274530331,0.169,0.106,1,"AC019205.1","migrating","identity+mature",0.063,NA,NA,NA,NA
0.0490061051132571,0.819654017602037,0.144,0.085,1,"ENKUR","migrating","identity+mature",0.059,NA,NA,NA,NA
0.0492235508692665,0.490384824774777,0.305,0.224,1,"NOLC1","migrating","identity+mature",0.081,NA,NA,NA,NA
0.0492406710467228,0.491040980033931,0.347,0.269,1,"CADM2","migrating","identity+mature",0.078,NA,NA,NA,NA
0.0493658569646029,0.865027853382245,0.178,0.117,1,"TMEM74","migrating","identity+mature",0.061,NA,NA,NA,NA
0.0495509088627805,0.988114550701528,0.186,0.124,1,"ALG14","migrating","identity+mature",0.062,NA,NA,NA,NA
0.0495934984668478,0.576016187734907,0.356,0.286,1,"ZNF277","migrating","identity+mature",0.07,NA,NA,NA,NA
0.0496630866932732,0.292228210513006,0.729,0.679,1,"RIOK3","migrating","identity+mature",0.0499999999999999,NA,NA,NA,NA
0.0502752448484128,0.446277517430489,0.331,0.245,1,"RNGTT","migrating","identity+mature",0.086,NA,NA,NA,NA
0.0503266725570366,0.53905551002111,0.212,0.141,1,"DNAH14","migrating","identity+mature",0.071,NA,NA,NA,NA
0.0504587152896471,1.08853837734191,0.102,0.054,1,"ZBTB34","migrating","identity+mature",0.048,NA,NA,NA,NA
0.0506513250491664,0.715717772162872,0.237,0.167,1,"FAM227A","migrating","identity+mature",0.07,NA,NA,NA,NA
0.0507068447316434,0.278242342939587,0.797,0.753,1,"TP53BP1","migrating","identity+mature",0.044,NA,NA,NA,NA
0.0510859943432944,0.569410478282793,0.322,0.249,1,"CPLANE1","migrating","identity+mature",0.073,NA,NA,NA,NA
0.051180854794771,0.703008410794704,0.246,0.174,1,"PARG","migrating","identity+mature",0.072,NA,NA,NA,NA
0.0511839082629074,0.379650573281592,0.661,0.596,1,"RNPS1","migrating","identity+mature",0.0650000000000001,NA,NA,NA,NA
0.0513744276575534,0.754495281621539,0.339,0.28,1,"CEP41","migrating","identity+mature",0.059,NA,NA,NA,NA
0.0514065806039698,0.332964948366271,0.542,0.469,1,"TMEM208","migrating","identity+mature",0.0730000000000001,NA,NA,NA,NA
0.0516360453943603,0.578861523067158,0.39,0.302,1,"CECR2","migrating","identity+mature",0.088,NA,NA,NA,NA
0.0518462473700126,0.568939284235362,0.407,0.341,1,"TCTN1","migrating","identity+mature",0.066,NA,NA,NA,NA
0.051878792174526,0.781780325664286,0.263,0.197,1,"TSC1","migrating","identity+mature",0.066,NA,NA,NA,NA
0.0521391778372925,0.334187288792531,0.822,0.813,1,"HMGCR","migrating","identity+mature",0.00900000000000001,NA,NA,NA,NA
0.0521508264992796,0.473970342875213,0.449,0.371,1,"ZBTB41","migrating","identity+mature",0.078,NA,NA,NA,NA
0.0522191321263411,0.711686597942629,0.178,0.113,1,"ZNF713","migrating","identity+mature",0.065,NA,NA,NA,NA
0.0523275109897629,0.422878174617475,0.551,0.471,1,"MSH2","migrating","identity+mature",0.0800000000000001,NA,NA,NA,NA
0.0525698019639728,0.373077032293035,0.568,0.494,1,"SHTN1","migrating","identity+mature",0.074,NA,NA,NA,NA
0.0526508587274732,0.279752238288656,0.78,0.725,1,"NUDC","migrating","identity+mature",0.055,NA,NA,NA,NA
0.0528740837189649,0.478919982955875,0.466,0.406,1,"CASD1","migrating","identity+mature",0.06,NA,NA,NA,NA
0.0530093351684135,0.631515176676112,0.331,0.254,1,"SAMD5","migrating","identity+mature",0.077,NA,NA,NA,NA
0.0531817322640667,0.548036205501615,0.178,0.115,1,"ZNF764","migrating","identity+mature",0.063,NA,NA,NA,NA
0.0535469527847023,0.378115472826432,0.492,0.391,1,"SMURF2","migrating","identity+mature",0.101,NA,NA,NA,NA
0.0537364363611501,0.917866458701562,0.203,0.141,1,"HOMER1","migrating","identity+mature",0.062,NA,NA,NA,NA
0.0538780390139,1.16103674953247,0.102,0.056,1,"UNC5C","migrating","identity+mature",0.046,NA,NA,NA,NA
0.0539001891744025,0.907479131789809,0.153,0.095,1,"ALG8","migrating","identity+mature",0.058,NA,NA,NA,NA
0.0539077240696103,0.872328228501465,0.178,0.117,1,"ARFGEF3","migrating","identity+mature",0.061,NA,NA,NA,NA
0.0543116369496415,0.894680030326306,0.195,0.134,1,"DPP8","migrating","identity+mature",0.061,NA,NA,NA,NA
0.0544992583064105,0.939606225736504,0.102,0.054,1,"GCDH","migrating","identity+mature",0.048,NA,NA,NA,NA
0.0546651233931733,0.3061105601072,0.839,0.831,1,"HMGCS1","migrating","identity+mature",0.00800000000000001,NA,NA,NA,NA
0.0550249931416563,0.706608234758774,0.22,0.152,1,"MIEF1","migrating","identity+mature",0.068,NA,NA,NA,NA
0.055088131402595,0.717447683115738,0.161,0.098,1,"BCAS3","migrating","identity+mature",0.063,NA,NA,NA,NA
0.0552487552388219,0.466073248224817,0.542,0.469,1,"IGF1R","migrating","identity+mature",0.0730000000000001,NA,NA,NA,NA
0.0553078763076889,1.26025948040038,0.102,0.056,1,"LINC00294","migrating","identity+mature",0.046,NA,NA,NA,NA
0.0554596608222233,0.709606645629951,0.212,0.147,1,"ZNF160","migrating","identity+mature",0.065,NA,NA,NA,NA
0.0555945100100151,0.852548444825632,0.28,0.217,1,"ZNF48","migrating","identity+mature",0.063,NA,NA,NA,NA
0.0557729053434737,0.359265707188206,0.136,0.08,1,"EBF3","migrating","identity+mature",0.056,NA,NA,NA,NA
0.0560540980155645,0.719760402965272,0.246,0.174,1,"C15orf61","migrating","identity+mature",0.072,NA,NA,NA,NA
0.0560885255114513,0.543582679131086,0.314,0.241,1,"RNF44","migrating","identity+mature",0.073,NA,NA,NA,NA
0.0563684542804595,0.614661288199847,0.229,0.161,1,"ZSCAN2","migrating","identity+mature",0.068,NA,NA,NA,NA
0.0564618590539561,0.299913002347317,0.729,0.685,1,"N4BP2L2","migrating","identity+mature",0.0439999999999999,NA,NA,NA,NA
0.0568331313068438,0.404498103146588,0.415,0.34,1,"ARHGAP5","migrating","identity+mature",0.075,NA,NA,NA,NA
0.0571160791879125,0.462720129844092,0.297,0.224,1,"MOK","migrating","identity+mature",0.073,NA,NA,NA,NA
0.0572825797081217,0.633973946469232,0.237,0.163,1,"DICER1-AS1","migrating","identity+mature",0.074,NA,NA,NA,NA
0.0573660157454881,0.859132867729071,0.144,0.087,1,"MAB21L2","migrating","identity+mature",0.057,NA,NA,NA,NA
0.0574162816199383,0.713578156639404,0.432,0.382,1,"C1orf56","migrating","identity+mature",0.05,NA,NA,NA,NA
0.0574342864266045,0.702794148612452,0.144,0.087,1,"ANKRD55","migrating","identity+mature",0.057,NA,NA,NA,NA
0.0574627989223012,0.42544873317015,0.237,0.161,1,"MLH1","migrating","identity+mature",0.076,NA,NA,NA,NA
0.0575689582588306,0.76897916510968,0.178,0.117,1,"PAQR3","migrating","identity+mature",0.061,NA,NA,NA,NA
0.0581866576999332,0.438241916499351,0.644,0.579,1,"IDS","migrating","identity+mature",0.0650000000000001,NA,NA,NA,NA
0.0583089100000888,0.503151693093799,0.449,0.384,1,"CSNK1G3","migrating","identity+mature",0.065,NA,NA,NA,NA
0.0584149127731194,0.693255183411865,0.169,0.109,1,"IPMK","migrating","identity+mature",0.06,NA,NA,NA,NA
0.0584235392227016,0.443985835591586,0.458,0.388,1,"ATP1A1","migrating","identity+mature",0.07,NA,NA,NA,NA
0.0584397224182598,0.756412510665206,0.203,0.139,1,"MON1B","migrating","identity+mature",0.064,NA,NA,NA,NA
0.0586336681368496,0.473119704968425,0.288,0.213,1,"TWF1","migrating","identity+mature",0.075,NA,NA,NA,NA
0.0592862191175457,0.752504981825772,0.407,0.34,1,"ARFGEF1","migrating","identity+mature",0.067,NA,NA,NA,NA
0.059387444393209,0.687001743487716,0.297,0.234,1,"PLCB4","migrating","identity+mature",0.063,NA,NA,NA,NA
0.0594257697303959,0.318332408467714,0.602,0.516,1,"PSMA5","migrating","identity+mature",0.086,NA,NA,NA,NA
0.0597504981866183,0.46648811101063,0.492,0.417,1,"STAG2","migrating","identity+mature",0.075,NA,NA,NA,NA
0.0599694143477386,0.513990306902841,0.449,0.39,1,"SMAD2","migrating","identity+mature",0.059,NA,NA,NA,NA
0.0600208119896737,0.287177225587285,0.788,0.701,1,"VAT1","migrating","identity+mature",0.0870000000000001,NA,NA,NA,NA
0.0600295222307937,0.261642065755274,0.831,0.74,1,"BOD1L1","migrating","identity+mature",0.091,NA,NA,NA,NA
0.0602120213098348,0.362658358960439,0.364,0.278,1,"CNOT6","migrating","identity+mature",0.086,NA,NA,NA,NA
0.060447941265123,0.421286170543198,0.373,0.302,1,"RIMS1","migrating","identity+mature",0.071,NA,NA,NA,NA
0.060463308499772,0.602545975109814,0.186,0.124,1,"UXS1","migrating","identity+mature",0.062,NA,NA,NA,NA
0.0606008705082328,0.511823000447773,0.314,0.241,1,"EID2B","migrating","identity+mature",0.073,NA,NA,NA,NA
0.0606475928526012,0.305559526349453,0.602,0.51,1,"SHOC2","migrating","identity+mature",0.092,NA,NA,NA,NA
0.0608187290320313,0.343515947397028,0.746,0.672,1,"H2AFV","migrating","identity+mature",0.074,NA,NA,NA,NA
0.0608258932206025,0.509089483916892,0.212,0.145,1,"GNPDA2","migrating","identity+mature",0.067,NA,NA,NA,NA
0.0609408524987608,0.369750014624755,0.653,0.573,1,"AKIRIN2","migrating","identity+mature",0.0800000000000001,NA,NA,NA,NA
0.0610623044862443,0.476847761626549,0.322,0.241,1,"CCDC181","migrating","identity+mature",0.081,NA,NA,NA,NA
0.0612621241325522,0.585934928535463,0.28,0.213,1,"TMEM260","migrating","identity+mature",0.067,NA,NA,NA,NA
0.0613612485116214,0.610836852933583,0.246,0.18,1,"APPL2","migrating","identity+mature",0.066,NA,NA,NA,NA
0.0616161224016771,0.536411922476958,0.373,0.306,1,"CCSAP","migrating","identity+mature",0.067,NA,NA,NA,NA
0.0619557756268776,0.855326241111006,0.195,0.132,1,"CORO2B","migrating","identity+mature",0.063,NA,NA,NA,NA
0.0621719063555745,0.844067264522963,0.136,0.082,1,"CCDC74B","migrating","identity+mature",0.054,NA,NA,NA,NA
0.062335585551014,1.04159867681999,0.144,0.093,1,"MLYCD","migrating","identity+mature",0.051,NA,NA,NA,NA
0.0624665245556151,0.607289511921518,0.415,0.341,1,"BACH1","migrating","identity+mature",0.074,NA,NA,NA,NA
0.0625392900375812,1.03872102971954,0.11,0.063,1,"NFE2L2","migrating","identity+mature",0.047,NA,NA,NA,NA
0.062653365338206,1.26550069463414,0.119,0.071,1,"HPS3","migrating","identity+mature",0.048,NA,NA,NA,NA
0.062925690508772,0.391632245955794,0.398,0.327,1,"CHN2","migrating","identity+mature",0.071,NA,NA,NA,NA
0.0631641276800391,1.16639464412737,0.102,0.058,1,"RAB11B-AS1","migrating","identity+mature",0.044,NA,NA,NA,NA
0.0632664873603073,0.379031802038233,0.466,0.406,1,"SCD","migrating","identity+mature",0.06,NA,NA,NA,NA
0.0633842572024583,0.907881778022209,0.136,0.083,1,"ZNF548","migrating","identity+mature",0.053,NA,NA,NA,NA
0.0634983773034693,0.493635079287566,0.254,0.178,1,"HAUS3","migrating","identity+mature",0.076,NA,NA,NA,NA
0.0635642887317374,0.276521599219235,0.619,0.531,1,"NKTR","migrating","identity+mature",0.088,NA,NA,NA,NA
0.0636668109577966,0.400492624249,0.559,0.497,1,"TRA2B","migrating","identity+mature",0.062,NA,NA,NA,NA
0.0639779686705634,0.838238284171351,0.153,0.096,1,"CLDN12","migrating","identity+mature",0.057,NA,NA,NA,NA
0.0639821569806219,0.528288368218194,0.297,0.223,1,"TBCK","migrating","identity+mature",0.074,NA,NA,NA,NA
0.0641129230108545,0.964567337906531,0.169,0.113,1,"TES","migrating","identity+mature",0.056,NA,NA,NA,NA
0.0651112871819679,0.495990105891317,0.237,0.169,1,"SPTLC2","migrating","identity+mature",0.068,NA,NA,NA,NA
0.0651324241333545,0.716406406471411,0.229,0.167,1,"ASPSCR1","migrating","identity+mature",0.062,NA,NA,NA,NA
0.0651383748692171,0.646138013685,0.347,0.291,1,"SEC22B","migrating","identity+mature",0.056,NA,NA,NA,NA
0.0652307331166352,0.795099551104805,0.153,0.098,1,"LAP3","migrating","identity+mature",0.055,NA,NA,NA,NA
0.0655021799323257,0.291339280845976,0.695,0.594,1,"HNRNPF","migrating","identity+mature",0.101,NA,NA,NA,NA
0.0658018375616217,0.965163501425573,0.169,0.111,1,"PHRF1","migrating","identity+mature",0.058,NA,NA,NA,NA
0.0660066830883871,0.522541308854468,0.127,0.074,1,"NEUROD1","migrating","identity+mature",0.053,NA,NA,NA,NA
0.0662188033939073,0.765186618083963,0.195,0.135,1,"SIMC1","migrating","identity+mature",0.06,NA,NA,NA,NA
0.0665050293261764,0.640638674713987,0.246,0.178,1,"TRAFD1","migrating","identity+mature",0.068,NA,NA,NA,NA
0.0668783641158729,1.01375828000529,0.11,0.063,1,"ZNF76","migrating","identity+mature",0.047,NA,NA,NA,NA
0.067195780847525,0.713176618386386,0.22,0.161,1,"KLHL29","migrating","identity+mature",0.059,NA,NA,NA,NA
0.0673102291652497,0.508860557614071,0.356,0.284,1,"PRKRIP1","migrating","identity+mature",0.072,NA,NA,NA,NA
0.0673539090157812,1.06896528185323,0.102,0.058,1,"SUOX","migrating","identity+mature",0.044,NA,NA,NA,NA
0.0674133972893709,0.544022655341492,0.322,0.252,1,"PHTF1","migrating","identity+mature",0.07,NA,NA,NA,NA
0.0675826132862185,0.554637579196491,0.407,0.353,1,"C12orf49","migrating","identity+mature",0.054,NA,NA,NA,NA
0.0677944992354341,0.52605464130559,0.339,0.276,1,"PALLD","migrating","identity+mature",0.063,NA,NA,NA,NA
0.0679573999410916,0.631674250864254,0.203,0.141,1,"AF106564.1","migrating","identity+mature",0.062,NA,NA,NA,NA
0.0680646016610603,0.837051930695693,0.136,0.083,1,"PIPOX","migrating","identity+mature",0.053,NA,NA,NA,NA
0.06832275795479,0.410637274978603,0.483,0.421,1,"NSL1","migrating","identity+mature",0.062,NA,NA,NA,NA
0.0683532134437979,0.364252659661222,0.458,0.388,1,"ZC3H8","migrating","identity+mature",0.07,NA,NA,NA,NA
0.068440466205599,0.3885833198391,0.432,0.34,1,"HSPBP1","migrating","identity+mature",0.092,NA,NA,NA,NA
0.0685967790864441,0.301464146489673,0.356,0.275,1,"PLPPR2","migrating","identity+mature",0.081,NA,NA,NA,NA
0.0686036570362844,0.486630017102729,0.347,0.282,1,"ATP2C1","migrating","identity+mature",0.065,NA,NA,NA,NA
0.0687689956906278,0.251097395475107,0.881,0.82,1,"SSBP3","migrating","identity+mature",0.061,NA,NA,NA,NA
0.0689660663098172,0.430414786644377,0.458,0.384,1,"ARID2","migrating","identity+mature",0.074,NA,NA,NA,NA
0.0690475199789768,0.86586395436647,0.11,0.063,1,"MTFR1","migrating","identity+mature",0.047,NA,NA,NA,NA
0.069258111309414,0.40504836191308,0.525,0.458,1,"TSHZ2","migrating","identity+mature",0.067,NA,NA,NA,NA
0.0695066233559425,0.537915707910509,0.373,0.302,1,"MRPL54","migrating","identity+mature",0.071,NA,NA,NA,NA
0.0695413991445273,0.764159078367329,0.212,0.152,1,"MAP3K7","migrating","identity+mature",0.06,NA,NA,NA,NA
0.0696036326265563,0.582865490462077,0.229,0.16,1,"MRPL30","migrating","identity+mature",0.069,NA,NA,NA,NA
0.069632505867254,0.526135681361571,0.305,0.236,1,"TMEM131","migrating","identity+mature",0.069,NA,NA,NA,NA
0.0699315716581878,0.423577157280752,0.331,0.25,1,"NUDCD3","migrating","identity+mature",0.081,NA,NA,NA,NA
0.0700371427613734,0.740305007124536,0.178,0.119,1,"AC124312.1","migrating","identity+mature",0.059,NA,NA,NA,NA
0.0700947261725802,1.30663313818055,0.153,0.102,1,"CCDC149","migrating","identity+mature",0.051,NA,NA,NA,NA
0.0701084603804122,0.460803575844343,0.432,0.371,1,"ZNF669","migrating","identity+mature",0.061,NA,NA,NA,NA
0.070545950030367,0.768135488511247,0.127,0.076,1,"RFC5","migrating","identity+mature",0.051,NA,NA,NA,NA
0.0707308998369203,0.914825878254014,0.144,0.091,1,"KIF27","migrating","identity+mature",0.053,NA,NA,NA,NA
0.0708281824096522,0.619350737515374,0.102,0.056,1,"ZBTB16","migrating","identity+mature",0.046,NA,NA,NA,NA
0.0709844817501416,0.796809230201837,0.246,0.182,1,"KRBOX4","migrating","identity+mature",0.064,NA,NA,NA,NA
0.0711119228201772,0.933018241798624,0.144,0.093,1,"WDR92","migrating","identity+mature",0.051,NA,NA,NA,NA
0.0713728903013284,0.58433746819688,0.458,0.397,1,"SNAP25","migrating","identity+mature",0.061,NA,NA,NA,NA
0.0714839831008879,1.18294442969826,0.102,0.059,1,"TBKBP1","migrating","identity+mature",0.043,NA,NA,NA,NA
0.071659221335055,0.868184992686115,0.203,0.145,1,"PCDHA10","migrating","identity+mature",0.058,NA,NA,NA,NA
0.0717524526426468,0.342204598955879,0.703,0.612,1,"MAPRE3","migrating","identity+mature",0.091,NA,NA,NA,NA
0.0719702367421265,0.380405542136194,0.432,0.364,1,"ASAP1","migrating","identity+mature",0.068,NA,NA,NA,NA
0.0720292251138108,0.618906251897439,0.237,0.171,1,"MRPL16","migrating","identity+mature",0.066,NA,NA,NA,NA
0.0723398912849562,0.873873541012608,0.153,0.098,1,"HIST1H1D","migrating","identity+mature",0.055,NA,NA,NA,NA
0.0724238926571627,0.876335833102797,0.136,0.085,1,"MAPK12","migrating","identity+mature",0.051,NA,NA,NA,NA
0.0727772433930295,0.517531553654836,0.322,0.249,1,"HIVEP1","migrating","identity+mature",0.073,NA,NA,NA,NA
0.0728105407355555,0.577265265166052,0.322,0.256,1,"TBCE","migrating","identity+mature",0.066,NA,NA,NA,NA
0.0732022788477467,0.632724087607831,0.229,0.165,1,"C5orf22","migrating","identity+mature",0.064,NA,NA,NA,NA
0.0734871168386693,0.28540775654682,0.661,0.571,1,"SMIM10L1","migrating","identity+mature",0.0900000000000001,NA,NA,NA,NA
0.0736812282113723,0.416289236330731,0.398,0.323,1,"UBE2J1","migrating","identity+mature",0.075,NA,NA,NA,NA
0.0739491179097823,0.533959414272334,0.263,0.193,1,"CYP20A1","migrating","identity+mature",0.07,NA,NA,NA,NA
0.0741894433599735,0.714133065097741,0.178,0.117,1,"TBC1D1","migrating","identity+mature",0.061,NA,NA,NA,NA
0.0745690736921418,0.433648261530426,0.449,0.373,1,"MLX","migrating","identity+mature",0.076,NA,NA,NA,NA
0.0745743726524924,1.23834209758828,0.119,0.072,1,"PRUNE1","migrating","identity+mature",0.047,NA,NA,NA,NA
0.07462646780001,0.378001443241559,0.636,0.549,1,"POU3F3","migrating","identity+mature",0.087,NA,NA,NA,NA
0.0747147945882352,0.39211174191613,0.61,0.581,1,"SMARCE1","migrating","identity+mature",0.029,NA,NA,NA,NA
0.0747595861487484,0.608882568316153,0.305,0.234,1,"TMEM200A","migrating","identity+mature",0.071,NA,NA,NA,NA
0.0749014542597428,0.952907604222294,0.178,0.121,1,"CDK14","migrating","identity+mature",0.057,NA,NA,NA,NA
0.0749253940986371,0.873942452234197,0.153,0.1,1,"CEP135","migrating","identity+mature",0.053,NA,NA,NA,NA
0.0751297263089186,1.18776729847752,0.119,0.072,1,"AL137802.2","migrating","identity+mature",0.047,NA,NA,NA,NA
0.075150050656599,0.607118879466813,0.195,0.132,1,"SORD","migrating","identity+mature",0.063,NA,NA,NA,NA
0.0753513944536799,0.288436459000797,0.619,0.534,1,"CHD1","migrating","identity+mature",0.085,NA,NA,NA,NA
0.0753935904783662,0.423617162709684,0.364,0.286,1,"AP3D1","migrating","identity+mature",0.078,NA,NA,NA,NA
0.075437528346816,0.423833490208448,0.398,0.325,1,"ADGRL3","migrating","identity+mature",0.073,NA,NA,NA,NA
0.0757732919283808,0.509697179092168,0.339,0.269,1,"DHCR24","migrating","identity+mature",0.07,NA,NA,NA,NA
0.0759528493245973,0.77296549562356,0.195,0.137,1,"TMEM120A","migrating","identity+mature",0.058,NA,NA,NA,NA
0.0759561809640167,0.295554005518417,0.322,0.245,1,"GAN","migrating","identity+mature",0.077,NA,NA,NA,NA
0.0759628005016495,0.345593076455662,0.398,0.315,1,"NAV3","migrating","identity+mature",0.083,NA,NA,NA,NA
0.076059362898102,0.525739307299757,0.178,0.119,1,"GSTCD","migrating","identity+mature",0.059,NA,NA,NA,NA
0.0760977074403697,0.333741206661657,0.585,0.508,1,"SDF2","migrating","identity+mature",0.077,NA,NA,NA,NA
0.0761270010848041,0.709784070157468,0.161,0.106,1,"CLMP","migrating","identity+mature",0.055,NA,NA,NA,NA
0.0762684551218079,0.396372997405119,0.415,0.323,1,"C14orf119","migrating","identity+mature",0.092,NA,NA,NA,NA
0.0763095710371637,0.693013270975308,0.169,0.115,1,"SELENOI","migrating","identity+mature",0.054,NA,NA,NA,NA
0.0765809663010231,1.33178907169069,0.102,0.059,1,"AC005838.2","migrating","identity+mature",0.043,NA,NA,NA,NA
0.0766838116118149,1.23995851362336,0.102,0.059,1,"ZNF486","migrating","identity+mature",0.043,NA,NA,NA,NA
0.076813958157535,0.803387693800259,0.203,0.143,1,"CACHD1","migrating","identity+mature",0.06,NA,NA,NA,NA
0.0768481315393823,0.577829415383385,0.119,0.069,1,"PDE3B","migrating","identity+mature",0.05,NA,NA,NA,NA
0.0768812944524982,0.360438757487905,0.669,0.62,1,"EIF3J","migrating","identity+mature",0.049,NA,NA,NA,NA
0.0770330803327929,0.533973023295434,0.254,0.193,1,"STX1B","migrating","identity+mature",0.061,NA,NA,NA,NA
0.0773653674452996,0.434658248213698,0.441,0.369,1,"RSPRY1","migrating","identity+mature",0.072,NA,NA,NA,NA
0.0775984438342699,0.915084837509822,0.127,0.078,1,"AC099522.2","migrating","identity+mature",0.049,NA,NA,NA,NA
0.0779350247324958,0.606988304778204,0.178,0.121,1,"FARSB","migrating","identity+mature",0.057,NA,NA,NA,NA
0.0780635379834616,0.684367089392849,0.144,0.091,1,"WDR59","migrating","identity+mature",0.053,NA,NA,NA,NA
0.0784064662105229,0.269786480476775,0.508,0.412,1,"PSMG2","migrating","identity+mature",0.096,NA,NA,NA,NA
0.0784782049951012,0.490662731291711,0.381,0.317,1,"ZBTB10","migrating","identity+mature",0.064,NA,NA,NA,NA
0.0786004195311649,0.690872327766368,0.254,0.195,1,"OTUD5","migrating","identity+mature",0.059,NA,NA,NA,NA
0.0788016352190797,0.348994896322265,0.602,0.544,1,"NIPBL","migrating","identity+mature",0.0579999999999999,NA,NA,NA,NA
0.0792935704533728,1.15069266489533,0.144,0.093,1,"SPRY2","migrating","identity+mature",0.051,NA,NA,NA,NA
0.0793062493840876,1.09665921486215,0.119,0.072,1,"E2F3","migrating","identity+mature",0.047,NA,NA,NA,NA
0.0796185500887228,0.76497746676739,0.178,0.119,1,"SERPINI1","migrating","identity+mature",0.059,NA,NA,NA,NA
0.0798183491414353,0.605985229202811,0.237,0.173,1,"TAF1A","migrating","identity+mature",0.064,NA,NA,NA,NA
0.0798598199542071,0.59061238432461,0.161,0.104,1,"TLN2","migrating","identity+mature",0.057,NA,NA,NA,NA
0.0803512569411038,0.273160678123196,0.678,0.625,1,"CLASP2","migrating","identity+mature",0.053,NA,NA,NA,NA
0.0817000008666644,0.355058883715709,0.627,0.557,1,"GTF2H5","migrating","identity+mature",0.07,NA,NA,NA,NA
0.0820279532456152,0.259700687216859,0.678,0.609,1,"PPP1CC","migrating","identity+mature",0.0690000000000001,NA,NA,NA,NA
0.0820684675494811,0.394208876990222,0.483,0.401,1,"CDK4","migrating","identity+mature",0.082,NA,NA,NA,NA
0.0822458724460507,0.452200309759869,0.28,0.21,1,"YTHDF3","migrating","identity+mature",0.07,NA,NA,NA,NA
0.0823019369944557,0.469888083411554,0.449,0.384,1,"CREBBP","migrating","identity+mature",0.065,NA,NA,NA,NA
0.0823288511465072,0.366660624911787,0.407,0.327,1,"PRCC","migrating","identity+mature",0.08,NA,NA,NA,NA
0.0826011624420755,0.844380476461396,0.11,0.065,1,"SLC26A2","migrating","identity+mature",0.045,NA,NA,NA,NA
0.0828871555643525,0.379290815363042,0.466,0.393,1,"RBM5","migrating","identity+mature",0.073,NA,NA,NA,NA
0.0831155370198307,0.338615808025553,0.602,0.521,1,"SLC22A17","migrating","identity+mature",0.081,NA,NA,NA,NA
0.0832043098533081,0.30978342048971,0.5,0.421,1,"BCL9","migrating","identity+mature",0.079,NA,NA,NA,NA
0.0832329157804269,1.02682301517036,0.11,0.065,1,"SLC25A51","migrating","identity+mature",0.045,NA,NA,NA,NA
0.0834491048104853,0.515555640945206,0.339,0.275,1,"RIIAD1","migrating","identity+mature",0.064,NA,NA,NA,NA
0.0836856832144274,0.656261612664587,0.254,0.186,1,"HIPK1","migrating","identity+mature",0.068,NA,NA,NA,NA
0.0838452816247251,0.623402234191413,0.246,0.186,1,"EFNA3","migrating","identity+mature",0.06,NA,NA,NA,NA
0.0840813362934327,0.903657866551278,0.11,0.065,1,"LRRN2","migrating","identity+mature",0.045,NA,NA,NA,NA
0.0843343801912494,0.40165922997319,0.237,0.169,1,"TRAPPC6A","migrating","identity+mature",0.068,NA,NA,NA,NA
0.0852319265010554,0.330610433435129,0.314,0.236,1,"FAM172A","migrating","identity+mature",0.078,NA,NA,NA,NA
0.0853543208735436,0.784354170154105,0.144,0.095,1,"MIER2","migrating","identity+mature",0.049,NA,NA,NA,NA
0.0857391711488744,0.959613291809521,0.136,0.085,1,"RPA1","migrating","identity+mature",0.051,NA,NA,NA,NA
0.0860939961560874,0.60220970182703,0.169,0.113,1,"SACM1L","migrating","identity+mature",0.056,NA,NA,NA,NA
0.0864025373761069,0.615952549401449,0.169,0.115,1,"KCTD15","migrating","identity+mature",0.054,NA,NA,NA,NA
0.0867217614345554,0.529216111849171,0.322,0.258,1,"HIST1H2BD","migrating","identity+mature",0.064,NA,NA,NA,NA
0.0869533020954152,0.321894833605994,0.839,0.8,1,"ZC2HC1A","migrating","identity+mature",0.0389999999999999,NA,NA,NA,NA
0.0873201124003643,0.917895940525209,0.102,0.059,1,"E4F1","migrating","identity+mature",0.043,NA,NA,NA,NA
0.0873609847854678,0.411253760144684,0.314,0.249,1,"TMEM200C","migrating","identity+mature",0.065,NA,NA,NA,NA
0.0875772675139475,0.302777443291235,0.619,0.545,1,"KDM6B","migrating","identity+mature",0.074,NA,NA,NA,NA
0.0878952977008366,0.84747853556916,0.169,0.117,1,"PTDSS2","migrating","identity+mature",0.052,NA,NA,NA,NA
0.0879936436531798,0.625638783129423,0.119,0.071,1,"SRF","migrating","identity+mature",0.048,NA,NA,NA,NA
0.0881991323580593,0.759583322971773,0.161,0.108,1,"ORMDL3","migrating","identity+mature",0.053,NA,NA,NA,NA
0.0882385184268787,0.912601616571379,0.102,0.059,1,"BMP2K","migrating","identity+mature",0.043,NA,NA,NA,NA
0.0883370129454512,0.418092304079498,0.483,0.432,1,"QSER1","migrating","identity+mature",0.051,NA,NA,NA,NA
0.0884921000800439,0.392006151428498,0.347,0.275,1,"C20orf96","migrating","identity+mature",0.072,NA,NA,NA,NA
0.0887997386478079,0.662077168084643,0.195,0.139,1,"ZFYVE27","migrating","identity+mature",0.056,NA,NA,NA,NA
0.0892940822701396,0.474736390059149,0.39,0.328,1,"SRGAP2B","migrating","identity+mature",0.062,NA,NA,NA,NA
0.0893487453487471,0.592665437484293,0.178,0.121,1,"LMTK2","migrating","identity+mature",0.057,NA,NA,NA,NA
0.0894574073670424,0.41288365749009,0.356,0.28,1,"CEBPG","migrating","identity+mature",0.076,NA,NA,NA,NA
0.0894711657483006,0.334891957413517,0.22,0.158,1,"CNGB1","migrating","identity+mature",0.062,NA,NA,NA,NA
0.0901235841255766,0.501210741902178,0.373,0.306,1,"M6PR","migrating","identity+mature",0.067,NA,NA,NA,NA
0.090128276644041,0.325578996151141,0.559,0.486,1,"MARCH7","migrating","identity+mature",0.0730000000000001,NA,NA,NA,NA
0.0901714348222819,0.303739667860138,0.686,0.647,1,"MAPK10","migrating","identity+mature",0.039,NA,NA,NA,NA
0.0902352966588384,0.48592369347135,0.271,0.206,1,"ICE2","migrating","identity+mature",0.065,NA,NA,NA,NA
0.0903592532890934,0.482456297912149,0.525,0.481,1,"TMEM97","migrating","identity+mature",0.044,NA,NA,NA,NA
0.0905136453474888,0.471659512294604,0.136,0.083,1,"RELA","migrating","identity+mature",0.053,NA,NA,NA,NA
0.0905622246387947,0.335330055770102,0.331,0.258,1,"UBA5","migrating","identity+mature",0.073,NA,NA,NA,NA
0.0908437732855077,0.574773683478768,0.246,0.186,1,"CELSR3","migrating","identity+mature",0.06,NA,NA,NA,NA
0.091157238490657,0.495845892832862,0.458,0.401,1,"GARS","migrating","identity+mature",0.057,NA,NA,NA,NA
0.0913489071796227,0.319479713456999,0.602,0.529,1,"GLRX3","migrating","identity+mature",0.073,NA,NA,NA,NA
0.0914080231839255,0.973866248151037,0.144,0.095,1,"GORAB","migrating","identity+mature",0.049,NA,NA,NA,NA
0.0916137913535015,0.456568255149908,0.271,0.202,1,"S100PBP","migrating","identity+mature",0.069,NA,NA,NA,NA
0.0916795236205516,0.589754336092418,0.263,0.197,1,"PLEKHM2","migrating","identity+mature",0.066,NA,NA,NA,NA
0.0917838915118363,0.804807103668113,0.237,0.18,1,"RRP8","migrating","identity+mature",0.057,NA,NA,NA,NA
0.0918340485983835,0.670798550560886,0.229,0.171,1,"EDRF1","migrating","identity+mature",0.058,NA,NA,NA,NA
0.0919036629400349,0.350565985360094,0.568,0.506,1,"NSD2","migrating","identity+mature",0.062,NA,NA,NA,NA
0.0921111200523922,0.341980367717703,0.61,0.575,1,"DACH2","migrating","identity+mature",0.035,NA,NA,NA,NA
0.0922382502622426,0.985353422655161,0.153,0.102,1,"LRRC8D","migrating","identity+mature",0.051,NA,NA,NA,NA
0.0923585776858077,0.692036304476694,0.169,0.113,1,"CEPT1","migrating","identity+mature",0.056,NA,NA,NA,NA
0.0928218082682515,0.807271629935294,0.127,0.08,1,"LONP1","migrating","identity+mature",0.047,NA,NA,NA,NA
0.0934021473258894,0.636689232498378,0.22,0.163,1,"UBE2V1","migrating","identity+mature",0.057,NA,NA,NA,NA
0.0940375994964413,0.458987803907276,0.398,0.343,1,"N4BP1","migrating","identity+mature",0.055,NA,NA,NA,NA
0.0942785078870676,0.419217616369203,0.347,0.278,1,"TSPAN31","migrating","identity+mature",0.069,NA,NA,NA,NA
0.0942902873778401,0.252141542465715,0.458,0.382,1,"C20orf27","migrating","identity+mature",0.076,NA,NA,NA,NA
0.0943519278424784,0.752182924233217,0.28,0.224,1,"THEM4","migrating","identity+mature",0.056,NA,NA,NA,NA
0.0944390809305905,0.645116019261419,0.246,0.186,1,"TMSB15B-AS1","migrating","identity+mature",0.06,NA,NA,NA,NA
0.0944625825152125,0.501462063888886,0.466,0.41,1,"MTREX","migrating","identity+mature",0.056,NA,NA,NA,NA
0.0949157987030166,0.333275822376415,0.593,0.555,1,"TMEM35A","migrating","identity+mature",0.0379999999999999,NA,NA,NA,NA
0.094982235959245,0.865702932279264,0.119,0.072,1,"SLC25A37","migrating","identity+mature",0.047,NA,NA,NA,NA
0.095136440430205,0.457423549676637,0.542,0.488,1,"TSNAX","migrating","identity+mature",0.054,NA,NA,NA,NA
0.0952305310153224,0.594810974686773,0.322,0.267,1,"MED31","migrating","identity+mature",0.055,NA,NA,NA,NA
0.0952959422883227,0.819226712177415,0.178,0.126,1,"WASHC4","migrating","identity+mature",0.052,NA,NA,NA,NA
0.0955907062348509,0.682950857512285,0.22,0.16,1,"UBR3","migrating","identity+mature",0.06,NA,NA,NA,NA
0.0964279751801237,0.556636121108337,0.153,0.1,1,"CCDC40","migrating","identity+mature",0.053,NA,NA,NA,NA
0.0964656499149866,0.739929462255429,0.229,0.173,1,"INTS10","migrating","identity+mature",0.056,NA,NA,NA,NA
0.0966804920413388,0.306052643670389,0.475,0.382,1,"ST8SIA4","migrating","identity+mature",0.093,NA,NA,NA,NA
0.0967339447662729,0.856861358948156,0.178,0.126,1,"PLEKHG2","migrating","identity+mature",0.052,NA,NA,NA,NA
0.0968590602166161,0.695969286208069,0.102,0.059,1,"AMMECR1L","migrating","identity+mature",0.043,NA,NA,NA,NA
0.0971304263175871,0.345786716066248,0.39,0.315,1,"INTU","migrating","identity+mature",0.075,NA,NA,NA,NA
0.0975842972607288,0.269448081039366,0.847,0.772,1,"ARID4B","migrating","identity+mature",0.075,NA,NA,NA,NA
0.0976065606996811,0.27063899124223,0.568,0.49,1,"SYT14","migrating","identity+mature",0.078,NA,NA,NA,NA
0.0976580757074077,0.334237268979596,0.5,0.432,1,"DDX42","migrating","identity+mature",0.068,NA,NA,NA,NA
0.0978641489982464,0.457279985424461,0.432,0.371,1,"FOXO3","migrating","identity+mature",0.061,NA,NA,NA,NA
0.0984679743678403,0.549246391217011,0.381,0.334,1,"SLC36A4","migrating","identity+mature",0.047,NA,NA,NA,NA
0.0990105887499923,0.575660443635544,0.203,0.147,1,"EEF1AKMT1","migrating","identity+mature",0.056,NA,NA,NA,NA
0.0993178982684902,0.440390609711453,0.373,0.321,1,"C1orf21","migrating","identity+mature",0.052,NA,NA,NA,NA
0.0994163382604928,0.372867979100259,0.381,0.312,1,"PITPNA","migrating","identity+mature",0.069,NA,NA,NA,NA
0.100395757790988,0.350525888392272,0.466,0.414,1,"KCNMB4","migrating","identity+mature",0.052,NA,NA,NA,NA
0.100397914881471,0.537702609015966,0.237,0.174,1,"EXTL2","migrating","identity+mature",0.063,NA,NA,NA,NA
0.10085670082554,0.545181497890969,0.246,0.178,1,"CDH7","migrating","identity+mature",0.068,NA,NA,NA,NA
0.100892596496184,0.488494684391131,0.271,0.21,1,"RNASEH1","migrating","identity+mature",0.061,NA,NA,NA,NA
0.101341391905075,0.290046819758533,0.78,0.681,1,"KIAA0232","migrating","identity+mature",0.099,NA,NA,NA,NA
0.101430544401151,0.913183487157397,0.186,0.134,1,"GK","migrating","identity+mature",0.052,NA,NA,NA,NA
0.10172461534134,0.46012389965935,0.441,0.393,1,"PEA15","migrating","identity+mature",0.048,NA,NA,NA,NA
0.102009371201544,0.353608939016521,0.381,0.327,1,"PPM1A","migrating","identity+mature",0.054,NA,NA,NA,NA
0.102355908090072,0.426652601010329,0.314,0.25,1,"TM2D2","migrating","identity+mature",0.064,NA,NA,NA,NA
0.102456328278861,0.706421326982189,0.186,0.132,1,"FMN2","migrating","identity+mature",0.054,NA,NA,NA,NA
0.102482216746928,0.360071589442212,0.517,0.464,1,"FADS2","migrating","identity+mature",0.053,NA,NA,NA,NA
0.10275262641575,0.292599896906788,0.644,0.57,1,"GNAQ","migrating","identity+mature",0.0740000000000001,NA,NA,NA,NA
0.102914726054916,0.399605589733533,0.5,0.46,1,"WASL","migrating","identity+mature",0.04,NA,NA,NA,NA
0.103203864683609,0.448080318056814,0.432,0.388,1,"MPZL1","migrating","identity+mature",0.044,NA,NA,NA,NA
0.103348380950144,0.993693157638954,0.11,0.069,1,"PNPLA6","migrating","identity+mature",0.041,NA,NA,NA,NA
0.103728687430229,0.559018402553296,0.212,0.154,1,"DIO3OS","migrating","identity+mature",0.058,NA,NA,NA,NA
0.103814630603927,0.381404093879311,0.407,0.354,1,"APBB2","migrating","identity+mature",0.053,NA,NA,NA,NA
0.104012003602695,0.31804414035956,0.542,0.495,1,"NACAD","migrating","identity+mature",0.047,NA,NA,NA,NA
0.104496340261018,0.926693765685075,0.102,0.061,1,"GPR149","migrating","identity+mature",0.041,NA,NA,NA,NA
0.10473181200014,0.274024545874222,0.517,0.453,1,"ARHGDIA","migrating","identity+mature",0.064,NA,NA,NA,NA
0.105019858464542,0.952554132196968,0.102,0.061,1,"CHD1L","migrating","identity+mature",0.041,NA,NA,NA,NA
0.105188556439743,0.297388268129917,0.585,0.518,1,"ZFP90","migrating","identity+mature",0.067,NA,NA,NA,NA
0.105614001325285,0.776059513798594,0.161,0.113,1,"RECQL","migrating","identity+mature",0.048,NA,NA,NA,NA
0.105729141165657,0.71288127157773,0.169,0.115,1,"H2AFJ","migrating","identity+mature",0.054,NA,NA,NA,NA
0.106005683087196,0.763164639902621,0.127,0.082,1,"TVP23B","migrating","identity+mature",0.045,NA,NA,NA,NA
0.106669202524248,0.541047089502012,0.212,0.15,1,"REM2","migrating","identity+mature",0.062,NA,NA,NA,NA
0.106852193070002,0.497302179357867,0.271,0.21,1,"FEN1","migrating","identity+mature",0.061,NA,NA,NA,NA
0.107062279991841,0.42697555340019,0.398,0.336,1,"NCOA6","migrating","identity+mature",0.062,NA,NA,NA,NA
0.107130788512503,0.27648498340545,0.356,0.288,1,"RAB28","migrating","identity+mature",0.068,NA,NA,NA,NA
0.107146779503169,0.46246336315803,0.517,0.468,1,"CAMK2N2","migrating","identity+mature",0.049,NA,NA,NA,NA
0.107328364712092,0.867664736645243,0.186,0.137,1,"KIAA0100","migrating","identity+mature",0.049,NA,NA,NA,NA
0.107488332028034,0.568237436007568,0.178,0.126,1,"PSME4","migrating","identity+mature",0.052,NA,NA,NA,NA
0.107864008431928,0.92152488356427,0.11,0.069,1,"C15orf41","migrating","identity+mature",0.041,NA,NA,NA,NA
0.107914821700645,0.685028932569681,0.203,0.148,1,"CDC42EP4","migrating","identity+mature",0.055,NA,NA,NA,NA
0.108070452072447,0.363091953473229,0.381,0.325,1,"ATP9A","migrating","identity+mature",0.056,NA,NA,NA,NA
0.108145869931419,0.416623603164303,0.466,0.397,1,"STAM","migrating","identity+mature",0.069,NA,NA,NA,NA
0.108361610034461,0.312265372894098,0.593,0.553,1,"ASXL3","migrating","identity+mature",0.0399999999999999,NA,NA,NA,NA
0.109434525814599,0.382674254671127,0.39,0.33,1,"PTK2","migrating","identity+mature",0.06,NA,NA,NA,NA
0.109972972882567,0.377807281905975,0.364,0.31,1,"ERV3-1","migrating","identity+mature",0.054,NA,NA,NA,NA
0.110016495753197,0.787965479562493,0.161,0.109,1,"ZFP62","migrating","identity+mature",0.052,NA,NA,NA,NA
0.110210808170687,0.566190911243156,0.271,0.212,1,"OAT","migrating","identity+mature",0.059,NA,NA,NA,NA
0.110448585112069,0.369960389292986,0.364,0.293,1,"ZCCHC18","migrating","identity+mature",0.071,NA,NA,NA,NA
0.110525124225563,0.682261762287635,0.203,0.148,1,"EML4","migrating","identity+mature",0.055,NA,NA,NA,NA
0.110650884078084,0.505947101876012,0.153,0.1,1,"ARNT","migrating","identity+mature",0.053,NA,NA,NA,NA
0.11115952314994,0.414761037951768,0.381,0.315,1,"ATG3","migrating","identity+mature",0.066,NA,NA,NA,NA
0.111191243800536,0.54778080675529,0.314,0.256,1,"SUPT3H","migrating","identity+mature",0.058,NA,NA,NA,NA
0.111197774975224,0.263959558830483,0.686,0.636,1,"CDV3","migrating","identity+mature",0.05,NA,NA,NA,NA
0.111238937140641,0.54087061898888,0.237,0.178,1,"ALDH6A1","migrating","identity+mature",0.059,NA,NA,NA,NA
0.112016702331521,1.02624670006856,0.102,0.061,1,"USP36","migrating","identity+mature",0.041,NA,NA,NA,NA
0.112029859393577,0.391338668206054,0.441,0.393,1,"GATAD2B","migrating","identity+mature",0.048,NA,NA,NA,NA
0.112875934500369,0.256241719924022,0.542,0.499,1,"CUX1","migrating","identity+mature",0.043,NA,NA,NA,NA
0.113011234456383,0.505824086156798,0.195,0.141,1,"FAM234A","migrating","identity+mature",0.054,NA,NA,NA,NA
0.113726977527085,0.487127728405606,0.144,0.095,1,"MYNN","migrating","identity+mature",0.049,NA,NA,NA,NA
0.113961778471046,0.437823675186186,0.347,0.286,1,"FER","migrating","identity+mature",0.061,NA,NA,NA,NA
0.114149671016197,0.447612107433647,0.381,0.327,1,"POLR2J3.1","migrating","identity+mature",0.054,NA,NA,NA,NA
0.114527271491916,0.256670800897235,0.432,0.356,1,"MCL1","migrating","identity+mature",0.076,NA,NA,NA,NA
0.114788158237993,0.544249500533589,0.136,0.087,1,"AC104986.2","migrating","identity+mature",0.049,NA,NA,NA,NA
0.115022789585437,0.6215287967473,0.212,0.154,1,"QDPR","migrating","identity+mature",0.058,NA,NA,NA,NA
0.115347712581999,0.842569987086644,0.229,0.178,1,"AC010247.2","migrating","identity+mature",0.051,NA,NA,NA,NA
0.115624515193919,0.695346758912635,0.144,0.096,1,"SH3GL2","migrating","identity+mature",0.048,NA,NA,NA,NA
0.115789408538882,0.419180905436354,0.373,0.319,1,"FASN","migrating","identity+mature",0.054,NA,NA,NA,NA
0.116280360951888,0.350529322066663,0.551,0.49,1,"NUTM2B-AS1","migrating","identity+mature",0.061,NA,NA,NA,NA
0.117128871824088,0.276984313751222,0.288,0.219,1,"ZNF124","migrating","identity+mature",0.069,NA,NA,NA,NA
0.117230782815011,0.78727716245655,0.178,0.128,1,"RPS6KA6","migrating","identity+mature",0.05,NA,NA,NA,NA
0.11727573346177,0.638297108474615,0.398,0.343,1,"AKAP12","migrating","identity+mature",0.055,NA,NA,NA,NA
0.11807144131291,0.876314716973122,0.178,0.128,1,"ZNF444","migrating","identity+mature",0.05,NA,NA,NA,NA
0.118098792413958,0.465742437239662,0.254,0.195,1,"TRAF3IP2-AS1","migrating","identity+mature",0.059,NA,NA,NA,NA
0.118179066345265,0.470676053039766,0.322,0.258,1,"TOPORS","migrating","identity+mature",0.064,NA,NA,NA,NA
0.118241267755691,0.666547049364508,0.314,0.25,1,"FBXL20","migrating","identity+mature",0.064,NA,NA,NA,NA
0.118566654724539,0.553041822219356,0.203,0.147,1,"DDIT4","migrating","identity+mature",0.056,NA,NA,NA,NA
0.119076040631944,0.336372602325062,0.424,0.36,1,"NCK2","migrating","identity+mature",0.064,NA,NA,NA,NA
0.119203446818145,0.893895551769681,0.229,0.186,1,"TEFM","migrating","identity+mature",0.043,NA,NA,NA,NA
0.120005625667017,0.363729563938252,0.347,0.293,1,"AIMP1","migrating","identity+mature",0.054,NA,NA,NA,NA
0.120599701672943,0.290762453001572,0.576,0.527,1,"MORN2","migrating","identity+mature",0.0489999999999999,NA,NA,NA,NA
0.120851557882026,0.607434395376,0.153,0.102,1,"IFT46","migrating","identity+mature",0.051,NA,NA,NA,NA
0.121420918062032,0.553264194177209,0.102,0.061,1,"SCML2","migrating","identity+mature",0.041,NA,NA,NA,NA
0.121427636591524,0.442110758251248,0.347,0.286,1,"FLRT3","migrating","identity+mature",0.061,NA,NA,NA,NA
0.121546073492237,0.772133871230871,0.186,0.135,1,"CAPRIN2","migrating","identity+mature",0.051,NA,NA,NA,NA
0.121711770123858,0.941001825741817,0.102,0.063,1,"ATG16L1","migrating","identity+mature",0.039,NA,NA,NA,NA
0.121715250546848,0.704310173464217,0.102,0.061,1,"SFTPD-AS1","migrating","identity+mature",0.041,NA,NA,NA,NA
0.122037931518615,0.289467227479231,0.78,0.755,1,"SRI","migrating","identity+mature",0.025,NA,NA,NA,NA
0.122039825357948,0.35153179473264,0.305,0.252,1,"RASGRP1","migrating","identity+mature",0.053,NA,NA,NA,NA
0.122252405237532,0.316396067527569,0.305,0.239,1,"IL17RD","migrating","identity+mature",0.066,NA,NA,NA,NA
0.122672524195532,0.602960767144821,0.136,0.091,1,"DPP10","migrating","identity+mature",0.045,NA,NA,NA,NA
0.122773934604677,0.462913416675548,0.237,0.178,1,"DGCR8","migrating","identity+mature",0.059,NA,NA,NA,NA
0.123831989097205,0.382098851939347,0.432,0.377,1,"CIAPIN1","migrating","identity+mature",0.055,NA,NA,NA,NA
0.123918350424877,0.441533463937485,0.254,0.195,1,"CLN5","migrating","identity+mature",0.059,NA,NA,NA,NA
0.124051945407421,0.749180787409298,0.11,0.069,1,"TMEM164","migrating","identity+mature",0.041,NA,NA,NA,NA
0.124358453052498,0.89005735286349,0.102,0.063,1,"RRP9","migrating","identity+mature",0.039,NA,NA,NA,NA
0.12441645040109,0.334754297486826,0.331,0.267,1,"ZIC5","migrating","identity+mature",0.064,NA,NA,NA,NA
0.124416456779846,0.552028089651817,0.322,0.269,1,"LRIF1","migrating","identity+mature",0.053,NA,NA,NA,NA
0.124548923706828,0.421396665669802,0.22,0.161,1,"ACADVL","migrating","identity+mature",0.059,NA,NA,NA,NA
0.124562573696498,0.318089064609903,0.449,0.393,1,"TACC2","migrating","identity+mature",0.056,NA,NA,NA,NA
0.125308474763015,0.313675926842562,0.441,0.371,1,"FAM171B","migrating","identity+mature",0.07,NA,NA,NA,NA
0.12541087619397,0.557494056904848,0.322,0.263,1,"AC097376.2","migrating","identity+mature",0.059,NA,NA,NA,NA
0.126414242089711,0.679074359548912,0.169,0.121,1,"CSAD","migrating","identity+mature",0.048,NA,NA,NA,NA
0.12660715621253,0.636390633571692,0.144,0.096,1,"DIAPH2","migrating","identity+mature",0.048,NA,NA,NA,NA
0.126762474089617,0.375644301283505,0.331,0.271,1,"RICTOR","migrating","identity+mature",0.06,NA,NA,NA,NA
0.127563624816359,0.598558909530016,0.212,0.158,1,"RSPH9","migrating","identity+mature",0.054,NA,NA,NA,NA
0.127710648580708,0.349938399151503,0.441,0.373,1,"PIH1D1","migrating","identity+mature",0.068,NA,NA,NA,NA
0.127891255565886,0.47239668646787,0.127,0.082,1,"COG8","migrating","identity+mature",0.045,NA,NA,NA,NA
0.127970886711881,0.382349636279746,0.466,0.397,1,"RCAN2","migrating","identity+mature",0.069,NA,NA,NA,NA
0.128008797712439,0.569228570168561,0.297,0.243,1,"SLCO5A1","migrating","identity+mature",0.054,NA,NA,NA,NA
0.128461404384513,0.917162537054794,0.153,0.106,1,"TENT2","migrating","identity+mature",0.047,NA,NA,NA,NA
0.128470269962769,0.678868357331051,0.229,0.176,1,"EXOSC10","migrating","identity+mature",0.053,NA,NA,NA,NA
0.128674678926159,0.25123184012331,0.441,0.375,1,"LRPPRC","migrating","identity+mature",0.066,NA,NA,NA,NA
0.128784154958267,0.324954458189854,0.551,0.51,1,"BNIP3","migrating","identity+mature",0.041,NA,NA,NA,NA
0.128846024422321,0.621371456235379,0.246,0.195,1,"SLC25A46","migrating","identity+mature",0.051,NA,NA,NA,NA
0.12886790646723,0.274172248698601,0.712,0.666,1,"CMIP","migrating","identity+mature",0.0459999999999999,NA,NA,NA,NA
0.128944557301126,0.334573256518622,0.441,0.367,1,"NTPCR","migrating","identity+mature",0.074,NA,NA,NA,NA
0.128960017783562,0.383201318694793,0.364,0.317,1,"IARS2","migrating","identity+mature",0.047,NA,NA,NA,NA
0.129791000361962,0.27837566475505,0.508,0.473,1,"CFAP298","migrating","identity+mature",0.035,NA,NA,NA,NA
0.129845259750155,0.355518453886638,0.347,0.276,1,"ST8SIA3","migrating","identity+mature",0.071,NA,NA,NA,NA
0.129895017043931,0.660132523445204,0.119,0.076,1,"CEP112","migrating","identity+mature",0.043,NA,NA,NA,NA
0.130273760605799,0.348069981995802,0.195,0.137,1,"ZBED5-AS1","migrating","identity+mature",0.058,NA,NA,NA,NA
0.130788589568916,0.266398562238987,0.814,0.813,1,"EPB41","migrating","identity+mature",0.001,NA,NA,NA,NA
0.130918963910966,0.406558643079193,0.364,0.306,1,"DCUN1D1","migrating","identity+mature",0.058,NA,NA,NA,NA
0.131305191422742,0.378625439586981,0.508,0.468,1,"LARP7","migrating","identity+mature",0.04,NA,NA,NA,NA
0.131467829990144,0.663035514204948,0.186,0.137,1,"SCAF4","migrating","identity+mature",0.049,NA,NA,NA,NA
0.131635967335298,0.676386336231959,0.102,0.063,1,"UGGT2","migrating","identity+mature",0.039,NA,NA,NA,NA
0.131661440561499,0.43023529482942,0.398,0.34,1,"DDX21","migrating","identity+mature",0.058,NA,NA,NA,NA
0.131849479775452,0.490014302430162,0.237,0.184,1,"ARMT1","migrating","identity+mature",0.053,NA,NA,NA,NA
0.131932706499147,0.300775016267169,0.551,0.519,1,"HSPA13","migrating","identity+mature",0.032,NA,NA,NA,NA
0.131946211701678,0.771555605834913,0.102,0.063,1,"COG8.1","migrating","identity+mature",0.039,NA,NA,NA,NA
0.132480039321366,0.284627021854943,0.407,0.345,1,"TBRG1","migrating","identity+mature",0.062,NA,NA,NA,NA
0.133031854107328,0.685062251506943,0.119,0.076,1,"AL358781.1","migrating","identity+mature",0.043,NA,NA,NA,NA
0.133214885084203,0.485872308785317,0.161,0.111,1,"GULP1","migrating","identity+mature",0.05,NA,NA,NA,NA
0.133372241003966,0.293871667555524,0.542,0.494,1,"ZNF618","migrating","identity+mature",0.048,NA,NA,NA,NA
0.133519875185767,0.637355273513215,0.144,0.098,1,"CXorf38","migrating","identity+mature",0.046,NA,NA,NA,NA
0.133751118855105,0.519777640693771,0.331,0.275,1,"RB1","migrating","identity+mature",0.056,NA,NA,NA,NA
0.133846091435325,0.316478423025482,0.449,0.384,1,"ZMYND11","migrating","identity+mature",0.065,NA,NA,NA,NA
0.134258208619293,0.963882816657574,0.127,0.083,1,"MIR137HG","migrating","identity+mature",0.044,NA,NA,NA,NA
0.134578870058274,0.686063025662879,0.229,0.174,1,"EIF2B4","migrating","identity+mature",0.055,NA,NA,NA,NA
0.134641405862418,0.702215428324635,0.246,0.193,1,"CAST","migrating","identity+mature",0.053,NA,NA,NA,NA
0.134825103388785,0.483165200626444,0.297,0.243,1,"HCFC1","migrating","identity+mature",0.054,NA,NA,NA,NA
0.135054866083079,1.02356593184306,0.11,0.072,1,"ZNF83","migrating","identity+mature",0.038,NA,NA,NA,NA
0.135647131657545,0.361698937551709,0.407,0.345,1,"RBM23","migrating","identity+mature",0.062,NA,NA,NA,NA
0.135917847766443,0.252560033366033,0.602,0.547,1,"PCMTD1","migrating","identity+mature",0.0549999999999999,NA,NA,NA,NA
0.136025257355766,0.503392532509169,0.178,0.126,1,"NIPA1","migrating","identity+mature",0.052,NA,NA,NA,NA
0.136175925590088,0.408155099552106,0.356,0.295,1,"CASP8AP2","migrating","identity+mature",0.061,NA,NA,NA,NA
0.136322783719822,0.465586563183258,0.364,0.31,1,"MTMR9","migrating","identity+mature",0.054,NA,NA,NA,NA
0.13667718444034,0.539612044210531,0.237,0.187,1,"EFCAB2","migrating","identity+mature",0.05,NA,NA,NA,NA
0.136787193817825,0.283106100952555,0.754,0.692,1,"BUD31","migrating","identity+mature",0.062,NA,NA,NA,NA
0.136906269356198,0.364542974722329,0.39,0.323,1,"DMWD","migrating","identity+mature",0.067,NA,NA,NA,NA
0.137106611626095,0.648761437429854,0.195,0.145,1,"USP39","migrating","identity+mature",0.05,NA,NA,NA,NA
0.137310731912172,0.30809859104244,0.551,0.529,1,"TRMT10C","migrating","identity+mature",0.022,NA,NA,NA,NA
0.137430265867365,0.279458240299961,0.5,0.44,1,"TXNDC16","migrating","identity+mature",0.06,NA,NA,NA,NA
0.137613101196582,0.816153787429412,0.136,0.091,1,"MTUS2","migrating","identity+mature",0.045,NA,NA,NA,NA
0.137831565904629,0.378745097103855,0.288,0.223,1,"CEP68","migrating","identity+mature",0.065,NA,NA,NA,NA
0.13798342075686,0.271746824044952,0.364,0.297,1,"RHOU","migrating","identity+mature",0.067,NA,NA,NA,NA
0.138543855633345,0.574666507537025,0.203,0.152,1,"CCDC85A","migrating","identity+mature",0.051,NA,NA,NA,NA
0.138775379779067,0.729487805885395,0.144,0.098,1,"FASTKD5","migrating","identity+mature",0.046,NA,NA,NA,NA
0.138857153159041,0.338639197004767,0.229,0.171,1,"ATAD5","migrating","identity+mature",0.058,NA,NA,NA,NA
0.138875054058237,0.743303304066918,0.119,0.078,1,"AARSD1","migrating","identity+mature",0.041,NA,NA,NA,NA
0.139016157085052,0.806157409016004,0.153,0.106,1,"SWT1","migrating","identity+mature",0.047,NA,NA,NA,NA
0.139058314594587,0.651615621658856,0.178,0.13,1,"STAT5B","migrating","identity+mature",0.048,NA,NA,NA,NA
0.139212178271932,1.04862558525764,0.153,0.109,1,"SAMHD1","migrating","identity+mature",0.044,NA,NA,NA,NA
0.139375450916723,0.659431910019786,0.195,0.145,1,"OLFM3","migrating","identity+mature",0.05,NA,NA,NA,NA
0.139792096652183,0.386712232612986,0.322,0.263,1,"FNIP1","migrating","identity+mature",0.059,NA,NA,NA,NA
0.139955170639368,0.59407130368382,0.424,0.371,1,"LRRC4C","migrating","identity+mature",0.053,NA,NA,NA,NA
0.139961584162361,0.283796048393726,0.525,0.451,1,"PRR7","migrating","identity+mature",0.074,NA,NA,NA,NA
0.140212552984804,0.260581834312715,0.407,0.345,1,"ARHGAP12","migrating","identity+mature",0.062,NA,NA,NA,NA
0.140282071199042,0.945995588802853,0.102,0.065,1,"PLXDC2","migrating","identity+mature",0.037,NA,NA,NA,NA
0.140515909409998,0.856717923706858,0.11,0.072,1,"C11orf24","migrating","identity+mature",0.038,NA,NA,NA,NA
0.140580445864249,0.529143441622039,0.22,0.163,1,"RNF150","migrating","identity+mature",0.057,NA,NA,NA,NA
0.141230811098882,0.398318981799485,0.22,0.165,1,"KCNN3","migrating","identity+mature",0.055,NA,NA,NA,NA
0.141946847390765,0.752282986974695,0.144,0.1,1,"SGSM2","migrating","identity+mature",0.044,NA,NA,NA,NA
0.142112862764466,0.836159759668189,0.153,0.108,1,"GTF2H1","migrating","identity+mature",0.045,NA,NA,NA,NA
0.142411021346341,0.544524708130748,0.229,0.176,1,"SETD4","migrating","identity+mature",0.053,NA,NA,NA,NA
0.142422114818873,0.421241938540179,0.297,0.237,1,"ZNHIT6","migrating","identity+mature",0.06,NA,NA,NA,NA
0.143430775731978,0.69393852918616,0.169,0.122,1,"SCAMP4","migrating","identity+mature",0.047,NA,NA,NA,NA
0.143699129117135,0.61802242868072,0.203,0.154,1,"MFN1","migrating","identity+mature",0.049,NA,NA,NA,NA
0.143741292610401,0.706616309242555,0.136,0.091,1,"RFXANK","migrating","identity+mature",0.045,NA,NA,NA,NA
0.143762192460336,0.599741394363843,0.212,0.16,1,"TMEM136","migrating","identity+mature",0.052,NA,NA,NA,NA
0.143862335434932,0.771217605446381,0.102,0.065,1,"FAM218A","migrating","identity+mature",0.037,NA,NA,NA,NA
0.143900999738393,0.386287426347632,0.407,0.369,1,"ANKLE2","migrating","identity+mature",0.038,NA,NA,NA,NA
0.144086743314872,0.261428680846792,0.644,0.592,1,"SSR3","migrating","identity+mature",0.052,NA,NA,NA,NA
0.144320210510491,0.48608658369278,0.432,0.393,1,"NUDT21","migrating","identity+mature",0.039,NA,NA,NA,NA
0.144399571400475,0.564416372299554,0.22,0.167,1,"TIMM21","migrating","identity+mature",0.053,NA,NA,NA,NA
0.144766072495847,0.303447629278934,0.305,0.237,1,"STK38","migrating","identity+mature",0.068,NA,NA,NA,NA
0.144910346110159,0.442625104748231,0.195,0.143,1,"NUP107","migrating","identity+mature",0.052,NA,NA,NA,NA
0.14494669177311,0.514657276693293,0.356,0.306,1,"TOX3","migrating","identity+mature",0.05,NA,NA,NA,NA
0.145370970242265,0.508628086451178,0.271,0.217,1,"LYPLAL1","migrating","identity+mature",0.054,NA,NA,NA,NA
0.145739265518982,0.271463883435543,0.339,0.273,1,"RC3H1","migrating","identity+mature",0.066,NA,NA,NA,NA
0.14594974572722,0.653423569452853,0.153,0.108,1,"ALDH3A2","migrating","identity+mature",0.045,NA,NA,NA,NA
0.146400465340374,0.356666249935803,0.381,0.328,1,"ACAP3","migrating","identity+mature",0.053,NA,NA,NA,NA
0.146490861368233,0.271394523158641,0.542,0.494,1,"IPO9","migrating","identity+mature",0.048,NA,NA,NA,NA
0.146521952143658,0.362178071718262,0.593,0.553,1,"MMADHC","migrating","identity+mature",0.0399999999999999,NA,NA,NA,NA
0.146781126234814,1.03039245624907,0.136,0.096,1,"CRKL","migrating","identity+mature",0.04,NA,NA,NA,NA
0.147110269660051,0.475542705575427,0.297,0.239,1,"TMEM205","migrating","identity+mature",0.058,NA,NA,NA,NA
0.147397647073103,0.291581347968963,0.542,0.484,1,"RBM22","migrating","identity+mature",0.058,NA,NA,NA,NA
0.147544013077595,0.281114635425748,0.534,0.506,1,"MRPL55","migrating","identity+mature",0.028,NA,NA,NA,NA
0.147892635376583,0.79733255312639,0.161,0.117,1,"RNF175","migrating","identity+mature",0.044,NA,NA,NA,NA
0.148107560034935,0.455652447458484,0.237,0.184,1,"AL691432.2","migrating","identity+mature",0.053,NA,NA,NA,NA
0.148112106904905,0.264771041056174,0.619,0.568,1,"RAB8B","migrating","identity+mature",0.051,NA,NA,NA,NA
0.148270190517653,0.321606479186378,0.432,0.373,1,"ALDH7A1","migrating","identity+mature",0.059,NA,NA,NA,NA
0.148344105615644,0.398900227321349,0.542,0.479,1,"RPAP2","migrating","identity+mature",0.063,NA,NA,NA,NA
0.148499317000301,0.480972414193902,0.237,0.186,1,"CD164","migrating","identity+mature",0.051,NA,NA,NA,NA
0.148669380930857,0.634659029949317,0.28,0.224,1,"LYST","migrating","identity+mature",0.056,NA,NA,NA,NA
0.149084525759276,0.425783051482491,0.203,0.152,1,"TRMT11","migrating","identity+mature",0.051,NA,NA,NA,NA
0.149268001166639,0.257372813212332,0.534,0.482,1,"SELENOT","migrating","identity+mature",0.052,NA,NA,NA,NA
0.149346308845569,0.983355751342232,0.11,0.072,1,"AC106881.1","migrating","identity+mature",0.038,NA,NA,NA,NA
0.149459222848827,0.287650201498783,0.415,0.353,1,"DCXR","migrating","identity+mature",0.062,NA,NA,NA,NA
0.150152001973944,1.01887985731947,0.169,0.128,1,"NCAPD3","migrating","identity+mature",0.041,NA,NA,NA,NA
0.150377049159921,0.369037422441751,0.254,0.2,1,"ING3","migrating","identity+mature",0.054,NA,NA,NA,NA
0.150530333408079,0.367954363675904,0.305,0.254,1,"AL050341.2","migrating","identity+mature",0.051,NA,NA,NA,NA
0.150614283205523,0.277995191035164,0.449,0.399,1,"NUFIP2","migrating","identity+mature",0.05,NA,NA,NA,NA
0.150747633413268,0.504401473472449,0.229,0.178,1,"DNAJB5","migrating","identity+mature",0.051,NA,NA,NA,NA
0.151022718214513,0.323362929371268,0.475,0.442,1,"SORBS2","migrating","identity+mature",0.033,NA,NA,NA,NA
0.151205815646071,0.413478172053295,0.322,0.258,1,"CWF19L2","migrating","identity+mature",0.064,NA,NA,NA,NA
0.151748753462696,0.453283030453556,0.263,0.204,1,"BRWD3","migrating","identity+mature",0.059,NA,NA,NA,NA
0.15244148592763,0.649101183899538,0.22,0.174,1,"DCAF16","migrating","identity+mature",0.046,NA,NA,NA,NA
0.152671170353617,0.363289427670975,0.39,0.332,1,"P4HTM","migrating","identity+mature",0.058,NA,NA,NA,NA
0.152889044263125,0.691144673545877,0.153,0.108,1,"CRIM1","migrating","identity+mature",0.045,NA,NA,NA,NA
0.152924344680425,0.491282348159213,0.415,0.369,1,"FMR1","migrating","identity+mature",0.046,NA,NA,NA,NA
0.154035159499748,0.280134688786702,0.432,0.386,1,"PHKB","migrating","identity+mature",0.046,NA,NA,NA,NA
0.154578958233716,0.627925024297548,0.11,0.072,1,"NSUN2","migrating","identity+mature",0.038,NA,NA,NA,NA
0.155146285000379,0.285182903291788,0.585,0.566,1,"CNOT4","migrating","identity+mature",0.019,NA,NA,NA,NA
0.155355206610673,0.745169725901668,0.136,0.095,1,"TRIM73","migrating","identity+mature",0.041,NA,NA,NA,NA
0.155537659549812,0.344438098071848,0.39,0.347,1,"LRRN1","migrating","identity+mature",0.043,NA,NA,NA,NA
0.155575425029317,0.694414640454937,0.11,0.072,1,"MOGS","migrating","identity+mature",0.038,NA,NA,NA,NA
0.155595609651442,0.70948041385415,0.186,0.143,1,"PDE10A","migrating","identity+mature",0.043,NA,NA,NA,NA
0.155731704601084,0.558901436433099,0.11,0.071,1,"CUX2","migrating","identity+mature",0.039,NA,NA,NA,NA
0.155967716019344,0.294969050533815,0.407,0.347,1,"POLR3A","migrating","identity+mature",0.06,NA,NA,NA,NA
0.156482265251371,0.261976510959179,0.39,0.328,1,"ZFX","migrating","identity+mature",0.062,NA,NA,NA,NA
0.156515433435466,0.457041837502208,0.178,0.13,1,"GAK","migrating","identity+mature",0.048,NA,NA,NA,NA
0.15675111210851,0.50165253792618,0.169,0.122,1,"COX15","migrating","identity+mature",0.047,NA,NA,NA,NA
0.15739058260492,0.418907342913226,0.314,0.263,1,"LDHA","migrating","identity+mature",0.051,NA,NA,NA,NA
0.157453793135174,0.305915522295922,0.347,0.284,1,"SLC25A14","migrating","identity+mature",0.063,NA,NA,NA,NA
0.1575785222695,0.537850096083127,0.102,0.063,1,"P3H4","migrating","identity+mature",0.039,NA,NA,NA,NA
0.15774036760105,0.415033815247376,0.331,0.275,1,"RPRD1A","migrating","identity+mature",0.056,NA,NA,NA,NA
0.157747015478352,0.4179467596161,0.347,0.302,1,"RPP30","migrating","identity+mature",0.045,NA,NA,NA,NA
0.157969129260837,0.416820226370058,0.297,0.245,1,"PBX2","migrating","identity+mature",0.052,NA,NA,NA,NA
0.158447341024454,0.588337047889352,0.127,0.085,1,"RASSF2","migrating","identity+mature",0.042,NA,NA,NA,NA
0.158514107241896,0.339383540561639,0.347,0.299,1,"NUDT16L1","migrating","identity+mature",0.048,NA,NA,NA,NA
0.158530720580703,0.47106952648768,0.331,0.28,1,"NIT1","migrating","identity+mature",0.051,NA,NA,NA,NA
0.158620882752553,0.680503343670737,0.212,0.163,1,"HCFC2","migrating","identity+mature",0.049,NA,NA,NA,NA
0.158702151503585,0.944234047659998,0.11,0.074,1,"MTA3","migrating","identity+mature",0.036,NA,NA,NA,NA
0.159005911967881,0.80966214436772,0.153,0.111,1,"MRE11","migrating","identity+mature",0.042,NA,NA,NA,NA
0.159092294481322,0.566087584207111,0.169,0.124,1,"ZNF512B","migrating","identity+mature",0.045,NA,NA,NA,NA
0.159247284080924,0.447833628274263,0.271,0.219,1,"CERS2","migrating","identity+mature",0.052,NA,NA,NA,NA
0.15929285354446,0.477146717064057,0.475,0.44,1,"ZC3H14","migrating","identity+mature",0.035,NA,NA,NA,NA
0.159470708191151,0.687031429655751,0.127,0.087,1,"ZNHIT2","migrating","identity+mature",0.04,NA,NA,NA,NA
0.160184836615092,0.632892234122519,0.28,0.219,1,"FLVCR1","migrating","identity+mature",0.061,NA,NA,NA,NA
0.160376438758947,0.571169913210989,0.254,0.199,1,"NELFA","migrating","identity+mature",0.055,NA,NA,NA,NA
0.160588039382375,0.31284164748665,0.5,0.455,1,"GCC2","migrating","identity+mature",0.045,NA,NA,NA,NA
0.160703782556823,0.37672907419312,0.305,0.25,1,"ZFYVE9","migrating","identity+mature",0.055,NA,NA,NA,NA
0.160856338547383,0.672743743985621,0.212,0.161,1,"CHMP2B","migrating","identity+mature",0.051,NA,NA,NA,NA
0.160904654414952,0.559406277249987,0.212,0.16,1,"PARD6B","migrating","identity+mature",0.052,NA,NA,NA,NA
0.161462813795643,0.301108394434843,0.542,0.516,1,"SCN3A","migrating","identity+mature",0.026,NA,NA,NA,NA
0.161728719985992,0.57323815369453,0.347,0.301,1,"STK24","migrating","identity+mature",0.046,NA,NA,NA,NA
0.161855655847841,1.03110919409236,0.119,0.082,1,"AC004812.2","migrating","identity+mature",0.037,NA,NA,NA,NA
0.162098261600473,0.278210676216194,0.492,0.436,1,"TARS","migrating","identity+mature",0.056,NA,NA,NA,NA
0.162240439029543,0.381637726415286,0.441,0.399,1,"AGAP1","migrating","identity+mature",0.042,NA,NA,NA,NA
0.162972921024216,0.653152744351431,0.212,0.169,1,"ZBTB37","migrating","identity+mature",0.043,NA,NA,NA,NA
0.163217427625045,0.376969639872127,0.483,0.429,1,"SUCO","migrating","identity+mature",0.054,NA,NA,NA,NA
0.163416435348347,0.335404050871826,0.534,0.519,1,"PCNX4","migrating","identity+mature",0.015,NA,NA,NA,NA
0.163665860585575,0.264819315747251,0.407,0.338,1,"ST8SIA1","migrating","identity+mature",0.069,NA,NA,NA,NA
0.163825841510542,0.328215194144031,0.322,0.273,1,"FMNL2","migrating","identity+mature",0.049,NA,NA,NA,NA
0.164540996185646,0.535341274632585,0.212,0.167,1,"STK39","migrating","identity+mature",0.045,NA,NA,NA,NA
0.164594355975139,0.292757368599897,0.373,0.317,1,"MED13","migrating","identity+mature",0.056,NA,NA,NA,NA
0.165003053319939,0.293088009048932,0.542,0.506,1,"PRKRA","migrating","identity+mature",0.036,NA,NA,NA,NA
0.165030064676683,0.351902675065116,0.305,0.252,1,"CLVS2","migrating","identity+mature",0.053,NA,NA,NA,NA
0.166070474196046,0.53230231992117,0.144,0.102,1,"SASH1","migrating","identity+mature",0.042,NA,NA,NA,NA
0.166127810009287,0.31701140747726,0.492,0.449,1,"SNRNP40","migrating","identity+mature",0.043,NA,NA,NA,NA
0.166144125358708,0.390837891556586,0.305,0.256,1,"PLAA","migrating","identity+mature",0.049,NA,NA,NA,NA
0.166567602996816,0.417006960470382,0.237,0.184,1,"DIRAS2","migrating","identity+mature",0.053,NA,NA,NA,NA
0.16674840912415,0.456827794777236,0.381,0.33,1,"FAM3C","migrating","identity+mature",0.051,NA,NA,NA,NA
0.166834519147696,0.336002832902493,0.627,0.581,1,"GPM6B","migrating","identity+mature",0.046,NA,NA,NA,NA
0.167777899331553,0.319033073408507,0.534,0.497,1,"CNOT2","migrating","identity+mature",0.037,NA,NA,NA,NA
0.168331160328386,0.312902399451526,0.636,0.57,1,"HDGF","migrating","identity+mature",0.0660000000000001,NA,NA,NA,NA
0.169265607499867,0.853401100311349,0.246,0.204,1,"SEMA6D","migrating","identity+mature",0.042,NA,NA,NA,NA
0.169439897242657,0.559836393912793,0.161,0.119,1,"SNAPC1","migrating","identity+mature",0.042,NA,NA,NA,NA
0.169707579754191,0.484586802623411,0.169,0.122,1,"NOB1","migrating","identity+mature",0.047,NA,NA,NA,NA
0.169890107016521,0.408527651855502,0.186,0.141,1,"RFXAP","migrating","identity+mature",0.045,NA,NA,NA,NA
0.170272782468702,0.256467015036578,0.627,0.584,1,"NRP1","migrating","identity+mature",0.043,NA,NA,NA,NA
0.170422964768014,0.49614864949119,0.195,0.148,1,"GTF2IRD1","migrating","identity+mature",0.047,NA,NA,NA,NA
0.171106731354985,0.876489287258079,0.144,0.104,1,"SLC6A15","migrating","identity+mature",0.04,NA,NA,NA,NA
0.171141141576596,0.257122145279367,0.424,0.38,1,"HNRNPL","migrating","identity+mature",0.044,NA,NA,NA,NA
0.17120911055718,0.375476141172199,0.398,0.34,1,"AP1AR","migrating","identity+mature",0.058,NA,NA,NA,NA
0.171530587615223,0.285491311255116,0.475,0.423,1,"SLF1","migrating","identity+mature",0.052,NA,NA,NA,NA
0.171750688419531,0.670200460620984,0.212,0.171,1,"TMEM161B-AS1","migrating","identity+mature",0.041,NA,NA,NA,NA
0.171980774904632,0.419381779770035,0.339,0.286,1,"RNF216","migrating","identity+mature",0.053,NA,NA,NA,NA
0.172664321595735,0.27677436627211,0.39,0.343,1,"SRCIN1","migrating","identity+mature",0.047,NA,NA,NA,NA
0.172801264262339,0.439790300723907,0.322,0.267,1,"TTC33","migrating","identity+mature",0.055,NA,NA,NA,NA
0.172962033720586,0.402987124239269,0.314,0.265,1,"PPP1R21","migrating","identity+mature",0.049,NA,NA,NA,NA
0.173344278566276,0.73607624886598,0.186,0.143,1,"KDM6A","migrating","identity+mature",0.043,NA,NA,NA,NA
0.17358665073842,0.259025127700488,0.619,0.551,1,"CLSTN1","migrating","identity+mature",0.068,NA,NA,NA,NA
0.173943604867,0.40233331291187,0.424,0.403,1,"SOGA1","migrating","identity+mature",0.021,NA,NA,NA,NA
0.174540644164563,0.38390004054699,0.331,0.276,1,"CA11","migrating","identity+mature",0.055,NA,NA,NA,NA
0.174689040876775,0.969074019186372,0.11,0.074,1,"MPV17L2","migrating","identity+mature",0.036,NA,NA,NA,NA
0.174797908928961,0.594198071094473,0.153,0.111,1,"NIF3L1","migrating","identity+mature",0.042,NA,NA,NA,NA
0.174945613578518,0.551693614301582,0.195,0.15,1,"DSC2","migrating","identity+mature",0.045,NA,NA,NA,NA
0.174952666832529,0.664822880115713,0.195,0.148,1,"CCDC138","migrating","identity+mature",0.047,NA,NA,NA,NA
0.17507963062576,0.432840929747811,0.195,0.15,1,"FAM53C","migrating","identity+mature",0.045,NA,NA,NA,NA
0.175324451280521,0.307757488619098,0.229,0.174,1,"ZCCHC14","migrating","identity+mature",0.055,NA,NA,NA,NA
0.176237204943982,1.01601824232074,0.102,0.067,1,"PRPF40B","migrating","identity+mature",0.035,NA,NA,NA,NA
0.176416316322672,0.271980380732652,0.585,0.564,1,"PREPL","migrating","identity+mature",0.021,NA,NA,NA,NA
0.176645317073279,0.35795196309302,0.161,0.115,1,"DUSP16","migrating","identity+mature",0.046,NA,NA,NA,NA
0.176726861767909,0.307982190042184,0.305,0.256,1,"ASPH","migrating","identity+mature",0.049,NA,NA,NA,NA
0.176836089050092,0.41132499407102,0.347,0.289,1,"ATAD2B","migrating","identity+mature",0.058,NA,NA,NA,NA
0.177041511211906,0.355284761224396,0.424,0.371,1,"CASP3","migrating","identity+mature",0.053,NA,NA,NA,NA
0.177086481264748,0.279736196455295,0.466,0.416,1,"CCAR1","migrating","identity+mature",0.05,NA,NA,NA,NA
0.177517361911522,0.783543731455027,0.186,0.147,1,"RPS6KB1","migrating","identity+mature",0.039,NA,NA,NA,NA
0.17756100226298,0.358556883131446,0.483,0.432,1,"ZNF714","migrating","identity+mature",0.051,NA,NA,NA,NA
0.177957772372857,0.431164727237014,0.212,0.16,1,"SEC23IP","migrating","identity+mature",0.052,NA,NA,NA,NA
0.178048268661199,0.274782232126277,0.441,0.384,1,"EIF2A","migrating","identity+mature",0.057,NA,NA,NA,NA
0.178068610126164,0.475780407560049,0.237,0.189,1,"PPIE","migrating","identity+mature",0.048,NA,NA,NA,NA
0.178101024093024,0.883456227528673,0.119,0.082,1,"ZBTB2","migrating","identity+mature",0.037,NA,NA,NA,NA
0.178159287615401,0.385532030096693,0.458,0.419,1,"PDS5B","migrating","identity+mature",0.039,NA,NA,NA,NA
0.178801684594309,0.304089523742433,0.441,0.397,1,"DUSP8","migrating","identity+mature",0.044,NA,NA,NA,NA
0.178849707604324,0.387911995108875,0.458,0.386,1,"GPI","migrating","identity+mature",0.072,NA,NA,NA,NA
0.178912075215753,0.632210351161283,0.203,0.156,1,"CHERP","migrating","identity+mature",0.047,NA,NA,NA,NA
0.179108214701416,0.507085400147738,0.127,0.087,1,"SHLD3","migrating","identity+mature",0.04,NA,NA,NA,NA
0.17918092727229,0.773890624258652,0.127,0.089,1,"ANAPC4","migrating","identity+mature",0.038,NA,NA,NA,NA
0.179232345153773,0.304210719652424,0.551,0.501,1,"RSL1D1","migrating","identity+mature",0.05,NA,NA,NA,NA
0.179723837100835,0.310740085690417,0.585,0.562,1,"ATP6V0A1","migrating","identity+mature",0.0229999999999999,NA,NA,NA,NA
0.180049293915498,0.606556924696067,0.28,0.234,1,"LHX1-DT","migrating","identity+mature",0.046,NA,NA,NA,NA
0.180213979890325,0.678071437793464,0.203,0.161,1,"COQ10B","migrating","identity+mature",0.042,NA,NA,NA,NA
0.180232302003669,0.519073256316427,0.11,0.072,1,"TMEM130","migrating","identity+mature",0.038,NA,NA,NA,NA
0.180859400223773,0.416877629423879,0.102,0.065,1,"REC8","migrating","identity+mature",0.037,NA,NA,NA,NA
0.180947242658523,0.457323160582229,0.195,0.148,1,"PSEN1","migrating","identity+mature",0.047,NA,NA,NA,NA
0.181201248490339,0.487067152702196,0.186,0.137,1,"WDR7","migrating","identity+mature",0.049,NA,NA,NA,NA
0.181520362193476,0.316472827870273,0.458,0.404,1,"C6orf203","migrating","identity+mature",0.054,NA,NA,NA,NA
0.18155989246831,0.788049869422051,0.161,0.121,1,"AP002884.1","migrating","identity+mature",0.04,NA,NA,NA,NA
0.181578187874991,0.364356671865161,0.39,0.334,1,"FAM13B","migrating","identity+mature",0.056,NA,NA,NA,NA
0.182308594570586,0.422288601149913,0.297,0.25,1,"PRKCI","migrating","identity+mature",0.047,NA,NA,NA,NA
0.182640027386865,0.708377424729325,0.169,0.13,1,"ARL6","migrating","identity+mature",0.039,NA,NA,NA,NA
0.182940021300748,0.261287246358245,0.492,0.419,1,"MRPL32","migrating","identity+mature",0.073,NA,NA,NA,NA
0.182986017432582,0.639450729762112,0.144,0.102,1,"NUP35","migrating","identity+mature",0.042,NA,NA,NA,NA
0.183452522176512,1.15583566086112,0.102,0.069,1,"ZNF611","migrating","identity+mature",0.033,NA,NA,NA,NA
0.183536531115812,0.403461322260037,0.407,0.36,1,"TCEAL1","migrating","identity+mature",0.047,NA,NA,NA,NA
0.184643999819379,0.67619032495735,0.169,0.126,1,"ZNF69","migrating","identity+mature",0.043,NA,NA,NA,NA
0.186102830450334,0.256397725106293,0.432,0.378,1,"TTYH3","migrating","identity+mature",0.054,NA,NA,NA,NA
0.186170634088945,0.400670667468944,0.314,0.256,1,"SOX5","migrating","identity+mature",0.058,NA,NA,NA,NA
0.187095076446323,0.930537379324274,0.127,0.091,1,"DTX4","migrating","identity+mature",0.036,NA,NA,NA,NA
0.187355224083523,1.10619317437297,0.102,0.069,1,"PFKFB3","migrating","identity+mature",0.033,NA,NA,NA,NA
0.187450296093391,0.466472158699879,0.254,0.206,1,"ISG20L2","migrating","identity+mature",0.048,NA,NA,NA,NA
0.187906306836621,0.315588093075824,0.534,0.519,1,"PPP2R2A","migrating","identity+mature",0.015,NA,NA,NA,NA
0.188128652418151,0.381783651801442,0.339,0.275,1,"STT3B","migrating","identity+mature",0.064,NA,NA,NA,NA
0.188286429357721,0.615281485123754,0.169,0.128,1,"R3HCC1L","migrating","identity+mature",0.041,NA,NA,NA,NA
0.189186472814112,0.395727027268024,0.432,0.384,1,"ERCC1","migrating","identity+mature",0.048,NA,NA,NA,NA
0.189571721751675,0.565209510399332,0.22,0.182,1,"PDXK","migrating","identity+mature",0.038,NA,NA,NA,NA
0.190158800238269,0.319894128279917,0.483,0.436,1,"ZNF302","migrating","identity+mature",0.047,NA,NA,NA,NA
0.190226261457333,0.588645991142314,0.212,0.167,1,"ZNF585A","migrating","identity+mature",0.045,NA,NA,NA,NA
0.190519290609578,0.31845182127919,0.466,0.404,1,"LMNA","migrating","identity+mature",0.062,NA,NA,NA,NA
0.190647144489074,0.419387636321805,0.178,0.132,1,"SAAL1","migrating","identity+mature",0.046,NA,NA,NA,NA
0.190884039056615,0.394530696922887,0.297,0.252,1,"LACTB","migrating","identity+mature",0.045,NA,NA,NA,NA
0.191245032381635,0.45663871422851,0.288,0.249,1,"G6PC3","migrating","identity+mature",0.039,NA,NA,NA,NA
0.191429833941847,0.558695970978716,0.203,0.156,1,"TDRD3","migrating","identity+mature",0.047,NA,NA,NA,NA
0.193082350064903,0.436294025979214,0.246,0.197,1,"FAM193A","migrating","identity+mature",0.049,NA,NA,NA,NA
0.193082350064903,0.399814504871321,0.246,0.197,1,"HEATR6","migrating","identity+mature",0.049,NA,NA,NA,NA
0.193191658196828,0.459206744820879,0.212,0.165,1,"MPHOSPH9","migrating","identity+mature",0.047,NA,NA,NA,NA
0.193876868462157,0.386119540701038,0.314,0.26,1,"PPIL2","migrating","identity+mature",0.054,NA,NA,NA,NA
0.194085244890052,0.401548232483203,0.305,0.258,1,"GAPVD1","migrating","identity+mature",0.047,NA,NA,NA,NA
0.194142557587091,0.255075005367796,0.551,0.503,1,"CCDC50","migrating","identity+mature",0.048,NA,NA,NA,NA
0.194226284328752,0.74431637376823,0.169,0.13,1,"CDKL3","migrating","identity+mature",0.039,NA,NA,NA,NA
0.195068944498097,1.27297166958579,0.102,0.071,1,"SLC25A42","migrating","identity+mature",0.031,NA,NA,NA,NA
0.195787794483062,0.663441758004961,0.136,0.098,1,"ZNF385A","migrating","identity+mature",0.038,NA,NA,NA,NA
0.196124217980124,0.796304037561348,0.212,0.176,1,"ZDHHC13","migrating","identity+mature",0.036,NA,NA,NA,NA
0.196301851210278,0.721900819680363,0.144,0.106,1,"FAM110A","migrating","identity+mature",0.038,NA,NA,NA,NA
0.196354596625389,0.64810399068493,0.212,0.169,1,"CUEDC1","migrating","identity+mature",0.043,NA,NA,NA,NA
0.196679414734161,1.05202059542758,0.102,0.071,1,"C4orf46","migrating","identity+mature",0.031,NA,NA,NA,NA
0.196760512671328,0.412931622449464,0.229,0.182,1,"CHTF8","migrating","identity+mature",0.047,NA,NA,NA,NA
0.197294381292463,0.523322677192813,0.127,0.089,1,"MIR181A1HG","migrating","identity+mature",0.038,NA,NA,NA,NA
0.197340040724883,0.587945326167146,0.314,0.271,1,"ARMCX2","migrating","identity+mature",0.043,NA,NA,NA,NA
0.197831151147167,0.316699353774331,0.339,0.284,1,"AGO3","migrating","identity+mature",0.055,NA,NA,NA,NA
0.198198403851601,0.459586519706096,0.263,0.213,1,"ZNF737","migrating","identity+mature",0.05,NA,NA,NA,NA
0.198630987449601,0.942595700539368,0.119,0.083,1,"GYG2","migrating","identity+mature",0.036,NA,NA,NA,NA
0.199164990860167,0.293239137284148,0.542,0.495,1,"SNX2","migrating","identity+mature",0.047,NA,NA,NA,NA
0.199681805483799,0.573944200986539,0.39,0.354,1,"FNBP4","migrating","identity+mature",0.036,NA,NA,NA,NA
0.200076008211796,0.256771096882949,0.424,0.38,1,"RUNDC3B","migrating","identity+mature",0.044,NA,NA,NA,NA
0.20014203238162,0.700999452778188,0.153,0.113,1,"MFSD3","migrating","identity+mature",0.04,NA,NA,NA,NA
0.200508352876394,0.294604161862713,0.398,0.349,1,"UBQLN2","migrating","identity+mature",0.049,NA,NA,NA,NA
0.201220170269586,0.277025494232105,0.203,0.154,1,"PCDHB16","migrating","identity+mature",0.049,NA,NA,NA,NA
0.201718402325072,0.389369519804019,0.212,0.171,1,"PHLDB1","migrating","identity+mature",0.041,NA,NA,NA,NA
0.201969958306123,0.415203142395961,0.195,0.152,1,"MAD1L1","migrating","identity+mature",0.043,NA,NA,NA,NA
0.201978981666028,0.392278567242149,0.169,0.126,1,"ZNF136","migrating","identity+mature",0.043,NA,NA,NA,NA
0.201991252955491,0.302931187242903,0.373,0.321,1,"WDR61","migrating","identity+mature",0.052,NA,NA,NA,NA
0.202547863646714,0.74813945719232,0.11,0.076,1,"CNTN2","migrating","identity+mature",0.034,NA,NA,NA,NA
0.202946392963517,0.80549834869392,0.11,0.076,1,"STXBP5","migrating","identity+mature",0.034,NA,NA,NA,NA
0.203631851707658,0.38256036448913,0.424,0.38,1,"EFHC1","migrating","identity+mature",0.044,NA,NA,NA,NA
0.204352375863747,0.541603643096959,0.153,0.111,1,"TMEM43","migrating","identity+mature",0.042,NA,NA,NA,NA
0.20495663554992,0.49100119658063,0.322,0.282,1,"KLHL8","migrating","identity+mature",0.04,NA,NA,NA,NA
0.204977297385293,0.258187383435048,0.449,0.373,1,"XIAP","migrating","identity+mature",0.076,NA,NA,NA,NA
0.205526435394747,0.503323175116634,0.237,0.193,1,"STK17A","migrating","identity+mature",0.044,NA,NA,NA,NA
0.206735244330216,0.536482467830117,0.186,0.143,1,"STK40","migrating","identity+mature",0.043,NA,NA,NA,NA
0.207066368203774,0.417601929706288,0.288,0.241,1,"RRP15","migrating","identity+mature",0.047,NA,NA,NA,NA
0.207067447847205,0.481309263663921,0.161,0.121,1,"MTMR7","migrating","identity+mature",0.04,NA,NA,NA,NA
0.207102664316021,0.44575732164532,0.356,0.314,1,"JARID2","migrating","identity+mature",0.042,NA,NA,NA,NA
0.207153651402647,0.307907586710625,0.458,0.408,1,"WNK1","migrating","identity+mature",0.05,NA,NA,NA,NA
0.207271395315841,0.315099668536505,0.568,0.536,1,"EIF4A3","migrating","identity+mature",0.0319999999999999,NA,NA,NA,NA
0.207344548466288,0.324815453448948,0.432,0.39,1,"CPEB4","migrating","identity+mature",0.042,NA,NA,NA,NA
0.207574157668436,0.478545051242699,0.28,0.243,1,"ZNF226","migrating","identity+mature",0.037,NA,NA,NA,NA
0.207695662966077,0.547673011593797,0.178,0.139,1,"THAP4","migrating","identity+mature",0.039,NA,NA,NA,NA
0.207750851737008,0.78897607494329,0.11,0.078,1,"ETAA1","migrating","identity+mature",0.032,NA,NA,NA,NA
0.207971355207401,0.522550441512032,0.297,0.258,1,"CNOT6L","migrating","identity+mature",0.039,NA,NA,NA,NA
0.208354185230023,0.376672672243608,0.263,0.217,1,"SMC2","migrating","identity+mature",0.046,NA,NA,NA,NA
0.208445264902239,0.439903386996431,0.127,0.089,1,"ZBTB40","migrating","identity+mature",0.038,NA,NA,NA,NA
0.208741812469484,0.42070988666924,0.195,0.15,1,"PI4KA","migrating","identity+mature",0.045,NA,NA,NA,NA
0.210624924358415,0.346926593996089,0.466,0.458,1,"MAGI2","migrating","identity+mature",0.00800000000000001,NA,NA,NA,NA
0.211192257074314,0.46915108828608,0.254,0.206,1,"ABHD5","migrating","identity+mature",0.048,NA,NA,NA,NA
0.211243478812259,0.818431241948876,0.263,0.219,1,"PNMA8B","migrating","identity+mature",0.044,NA,NA,NA,NA
0.2115369417452,0.602501833292566,0.169,0.13,1,"AMFR","migrating","identity+mature",0.039,NA,NA,NA,NA
0.211729295201076,0.48863412533763,0.229,0.178,1,"INO80C","migrating","identity+mature",0.051,NA,NA,NA,NA
0.211870440344761,0.279790830396258,0.458,0.432,1,"TRIP12","migrating","identity+mature",0.026,NA,NA,NA,NA
0.212131454985652,0.631164105826464,0.153,0.115,1,"STK11","migrating","identity+mature",0.038,NA,NA,NA,NA
0.213038871540076,0.712511750419951,0.144,0.108,1,"EIF4E3","migrating","identity+mature",0.036,NA,NA,NA,NA
0.213327987276918,0.499447733034444,0.288,0.243,1,"USF3","migrating","identity+mature",0.045,NA,NA,NA,NA
0.21335812097112,0.538499495450688,0.322,0.28,1,"ZNF688","migrating","identity+mature",0.042,NA,NA,NA,NA
0.213838719970369,0.643899477787316,0.169,0.13,1,"ATRNL1","migrating","identity+mature",0.039,NA,NA,NA,NA
0.214245537869982,0.617021317850904,0.237,0.199,1,"AATF","migrating","identity+mature",0.038,NA,NA,NA,NA
0.214488945050976,0.55364178381718,0.136,0.098,1,"HSPA12A","migrating","identity+mature",0.038,NA,NA,NA,NA
0.214515139661633,0.292938162583133,0.297,0.247,1,"FGF9","migrating","identity+mature",0.05,NA,NA,NA,NA
0.214535088783478,0.570183310370899,0.119,0.083,1,"TRAM1L1","migrating","identity+mature",0.036,NA,NA,NA,NA
0.214670694874676,0.455902661259902,0.28,0.234,1,"CWC22","migrating","identity+mature",0.046,NA,NA,NA,NA
0.215130745338825,0.344684740595337,0.415,0.378,1,"C18orf21","migrating","identity+mature",0.037,NA,NA,NA,NA
0.215532955992849,0.256566820654227,0.28,0.228,1,"CETN3","migrating","identity+mature",0.052,NA,NA,NA,NA
0.215833797734292,0.300169052597539,0.169,0.124,1,"STK38L","migrating","identity+mature",0.045,NA,NA,NA,NA
0.21587579829571,0.806394725535212,0.186,0.15,1,"WASHC2C","migrating","identity+mature",0.036,NA,NA,NA,NA
0.215903027346412,0.475607191367278,0.195,0.158,1,"RPIA","migrating","identity+mature",0.037,NA,NA,NA,NA
0.216151475878904,0.281991180959975,0.297,0.252,1,"B4GALT2","migrating","identity+mature",0.045,NA,NA,NA,NA
0.21629487122733,0.550430092356162,0.212,0.174,1,"BCAT1","migrating","identity+mature",0.038,NA,NA,NA,NA
0.216354664209716,0.41624591556618,0.237,0.195,1,"PHLPP1","migrating","identity+mature",0.042,NA,NA,NA,NA
0.216616448100811,0.434241230854115,0.203,0.16,1,"CLK3","migrating","identity+mature",0.043,NA,NA,NA,NA
0.21669510398334,0.268371968463861,0.356,0.321,1,"TXNDC15","migrating","identity+mature",0.035,NA,NA,NA,NA
0.216839661379225,0.59612287453329,0.102,0.069,1,"SCRIB","migrating","identity+mature",0.033,NA,NA,NA,NA
0.217476704880476,0.695080913458033,0.136,0.098,1,"NUP188","migrating","identity+mature",0.038,NA,NA,NA,NA
0.217496519935992,0.509414187745209,0.288,0.249,1,"CCDC136","migrating","identity+mature",0.039,NA,NA,NA,NA
0.217708314510755,0.789521666409589,0.144,0.108,1,"LRFN3","migrating","identity+mature",0.036,NA,NA,NA,NA
0.217821869433264,0.301414919556823,0.449,0.395,1,"ZNF720","migrating","identity+mature",0.054,NA,NA,NA,NA
0.218358051224001,0.402771230464744,0.195,0.15,1,"MEMO1","migrating","identity+mature",0.045,NA,NA,NA,NA
0.218737544063907,0.377315483739188,0.288,0.239,1,"HDAC6","migrating","identity+mature",0.049,NA,NA,NA,NA
0.219035305151146,0.570231476847963,0.102,0.069,1,"MAL2","migrating","identity+mature",0.033,NA,NA,NA,NA
0.219228736842346,0.3044387768147,0.441,0.386,1,"ZNF791","migrating","identity+mature",0.055,NA,NA,NA,NA
0.219241047517021,0.553595333521438,0.178,0.139,1,"LIN52","migrating","identity+mature",0.039,NA,NA,NA,NA
0.21965590947792,0.911468022957965,0.11,0.078,1,"SLC35F3","migrating","identity+mature",0.032,NA,NA,NA,NA
0.221205322900455,0.302740328454807,0.424,0.386,1,"PAX6","migrating","identity+mature",0.038,NA,NA,NA,NA
0.221416788869835,0.388861628766398,0.246,0.195,1,"PRPS1","migrating","identity+mature",0.051,NA,NA,NA,NA
0.221765595047384,0.327388056033429,0.398,0.36,1,"AIP","migrating","identity+mature",0.038,NA,NA,NA,NA
0.222883432763545,0.352386945140069,0.22,0.173,1,"IER2","migrating","identity+mature",0.047,NA,NA,NA,NA
0.222906351196228,0.3123695620373,0.186,0.139,1,"XPO7","migrating","identity+mature",0.047,NA,NA,NA,NA
0.2231448807711,0.442336262944826,0.246,0.206,1,"FANCL","migrating","identity+mature",0.04,NA,NA,NA,NA
0.223332753506492,0.360680522466469,0.322,0.286,1,"KARS","migrating","identity+mature",0.036,NA,NA,NA,NA
0.22353380015025,0.414758202967984,0.475,0.434,1,"GFPT1","migrating","identity+mature",0.041,NA,NA,NA,NA
0.223698036197709,0.585142494712449,0.195,0.158,1,"CACNG7","migrating","identity+mature",0.037,NA,NA,NA,NA
0.223734925474358,0.589215851329887,0.161,0.122,1,"YJU2","migrating","identity+mature",0.039,NA,NA,NA,NA
0.223915730487477,0.752418775191557,0.127,0.091,1,"USP4","migrating","identity+mature",0.036,NA,NA,NA,NA
0.223957480981782,0.389631365958758,0.475,0.449,1,"ZMIZ1","migrating","identity+mature",0.026,NA,NA,NA,NA
0.224165611718569,0.315411318234428,0.314,0.263,1,"UFSP2","migrating","identity+mature",0.051,NA,NA,NA,NA
0.224270968651924,0.307531376060947,0.551,0.519,1,"ATP6V1A","migrating","identity+mature",0.032,NA,NA,NA,NA
0.22438550671906,0.258538443384694,0.475,0.427,1,"RNF145","migrating","identity+mature",0.048,NA,NA,NA,NA
0.224840370821166,0.602715339710012,0.203,0.161,1,"C11orf68","migrating","identity+mature",0.042,NA,NA,NA,NA
0.225562004981457,0.751706169274982,0.102,0.071,1,"ETS2","migrating","identity+mature",0.031,NA,NA,NA,NA
0.225824015054052,0.497588985557784,0.144,0.106,1,"DHRS11","migrating","identity+mature",0.038,NA,NA,NA,NA
0.226002377887471,0.919554091280578,0.11,0.078,1,"NAXD","migrating","identity+mature",0.032,NA,NA,NA,NA
0.226282409234764,0.555469984162876,0.263,0.219,1,"PTPN4","migrating","identity+mature",0.044,NA,NA,NA,NA
0.226520132200193,0.535426566144164,0.186,0.147,1,"ERCC6","migrating","identity+mature",0.039,NA,NA,NA,NA
0.226690299807768,0.760492610444893,0.212,0.174,1,"LIN7B","migrating","identity+mature",0.038,NA,NA,NA,NA
0.226854432049371,0.818121708622586,0.178,0.139,1,"PCDH10","migrating","identity+mature",0.039,NA,NA,NA,NA
0.227162683010105,0.70047083825368,0.119,0.087,1,"EDIL3","migrating","identity+mature",0.032,NA,NA,NA,NA
0.228162442177532,0.587586245884919,0.195,0.16,1,"TMEM248","migrating","identity+mature",0.035,NA,NA,NA,NA
0.228346257961481,0.794346044250538,0.127,0.095,1,"ZNF133","migrating","identity+mature",0.032,NA,NA,NA,NA
0.228367922581089,0.343495463185173,0.297,0.247,1,"C19orf25","migrating","identity+mature",0.05,NA,NA,NA,NA
0.228944485094417,0.355384925391784,0.356,0.327,1,"CNTFR","migrating","identity+mature",0.029,NA,NA,NA,NA
0.229826324384637,0.42874697009003,0.136,0.096,1,"WASHC5","migrating","identity+mature",0.04,NA,NA,NA,NA
0.230271283314578,0.655149500263508,0.237,0.195,1,"SMIM4","migrating","identity+mature",0.042,NA,NA,NA,NA
0.230738903351907,0.571174947722774,0.11,0.078,1,"YPEL4","migrating","identity+mature",0.032,NA,NA,NA,NA
0.231160956093886,0.555052782285227,0.161,0.122,1,"PRKAG1","migrating","identity+mature",0.039,NA,NA,NA,NA
0.23127214018496,0.529217480699784,0.169,0.132,1,"FBXL3","migrating","identity+mature",0.037,NA,NA,NA,NA
0.231362909609197,0.26614443016252,0.492,0.443,1,"NBEA","migrating","identity+mature",0.049,NA,NA,NA,NA
0.231461590175587,0.343942719347133,0.161,0.121,1,"RSPO3","migrating","identity+mature",0.04,NA,NA,NA,NA
0.231507833248637,0.275563268544151,0.398,0.353,1,"EPHA4","migrating","identity+mature",0.045,NA,NA,NA,NA
0.231928875953926,0.289149810048542,0.5,0.492,1,"SMAP2","migrating","identity+mature",0.00800000000000001,NA,NA,NA,NA
0.232156695957015,0.496048768099766,0.144,0.108,1,"ALG6","migrating","identity+mature",0.036,NA,NA,NA,NA
0.232321586889449,0.568479105580319,0.102,0.071,1,"ANKHD1","migrating","identity+mature",0.031,NA,NA,NA,NA
0.232500413191398,0.943459232750328,0.102,0.072,1,"ALKBH6","migrating","identity+mature",0.03,NA,NA,NA,NA
0.232530983665967,0.287467737192965,0.585,0.571,1,"SPAST","migrating","identity+mature",0.014,NA,NA,NA,NA
0.232539797216505,0.825283504567172,0.136,0.102,1,"GPR107","migrating","identity+mature",0.034,NA,NA,NA,NA
0.232544865684899,0.299316126843578,0.542,0.499,1,"DNMT3A","migrating","identity+mature",0.043,NA,NA,NA,NA
0.232589087259615,0.399981399122911,0.136,0.096,1,"OTUD4","migrating","identity+mature",0.04,NA,NA,NA,NA
0.232628892668247,0.840620739337387,0.11,0.08,1,"NOM1","migrating","identity+mature",0.03,NA,NA,NA,NA
0.232750891346609,0.583793404234623,0.178,0.137,1,"TULP3","migrating","identity+mature",0.041,NA,NA,NA,NA
0.233713864982112,0.514473845896836,0.169,0.132,1,"MRPS27","migrating","identity+mature",0.037,NA,NA,NA,NA
0.234442663568749,0.529783281858579,0.212,0.174,1,"GRB10","migrating","identity+mature",0.038,NA,NA,NA,NA
0.235320766345073,0.566313780567854,0.119,0.085,1,"WDR19","migrating","identity+mature",0.034,NA,NA,NA,NA
0.235931448225109,0.465851107954168,0.246,0.204,1,"SPIN2B","migrating","identity+mature",0.042,NA,NA,NA,NA
0.235969442946619,0.431381331382693,0.356,0.319,1,"ZDHHC17","migrating","identity+mature",0.037,NA,NA,NA,NA
0.235995189014359,0.636631640148765,0.178,0.143,1,"TMEM170B","migrating","identity+mature",0.035,NA,NA,NA,NA
0.236004058502609,0.284109877653807,0.424,0.386,1,"MBTPS1","migrating","identity+mature",0.038,NA,NA,NA,NA
0.236253566162941,0.45139790747837,0.195,0.154,1,"BABAM2","migrating","identity+mature",0.041,NA,NA,NA,NA
0.236430853372021,0.41242462060505,0.136,0.098,1,"NANOS3","migrating","identity+mature",0.038,NA,NA,NA,NA
0.237182893360041,0.306108588324055,0.246,0.197,1,"UBE4B","migrating","identity+mature",0.049,NA,NA,NA,NA
0.237268018258842,0.417499677047745,0.246,0.204,1,"LMTK3","migrating","identity+mature",0.042,NA,NA,NA,NA
0.23731198350892,0.262848709145508,0.246,0.193,1,"HMGXB3","migrating","identity+mature",0.053,NA,NA,NA,NA
0.237777770471648,0.26705931696581,0.763,0.737,1,"ZNRF1","migrating","identity+mature",0.026,NA,NA,NA,NA
0.238582357454156,0.340792758303343,0.347,0.31,1,"PHF21A","migrating","identity+mature",0.037,NA,NA,NA,NA
0.238639573902518,0.687644417858987,0.136,0.1,1,"LRRTM4","migrating","identity+mature",0.036,NA,NA,NA,NA
0.238720319058774,0.80706789421629,0.119,0.085,1,"HIBADH","migrating","identity+mature",0.034,NA,NA,NA,NA
0.23900883625727,0.488454222980839,0.288,0.241,1,"FAM126B","migrating","identity+mature",0.047,NA,NA,NA,NA
0.239633869166584,0.525234549875479,0.212,0.171,1,"FIG4","migrating","identity+mature",0.041,NA,NA,NA,NA
0.239774085051825,0.7380843516811,0.178,0.143,1,"AC106869.1","migrating","identity+mature",0.035,NA,NA,NA,NA
0.240129992303972,0.31596863681184,0.542,0.503,1,"DNAJC21","migrating","identity+mature",0.039,NA,NA,NA,NA
0.240318284045332,0.582109238100382,0.153,0.115,1,"ABHD17C","migrating","identity+mature",0.038,NA,NA,NA,NA
0.240620503365033,0.256844070966996,0.398,0.34,1,"DEGS1","migrating","identity+mature",0.058,NA,NA,NA,NA
0.240621299704977,0.707376629066903,0.102,0.071,1,"INAFM2","migrating","identity+mature",0.031,NA,NA,NA,NA
0.240634460286557,0.350272387514073,0.263,0.223,1,"OSER1-DT","migrating","identity+mature",0.04,NA,NA,NA,NA
0.2412021802174,0.316633943527056,0.254,0.206,1,"INO80","migrating","identity+mature",0.048,NA,NA,NA,NA
0.24129266021059,0.590634866031544,0.119,0.085,1,"C21orf58","migrating","identity+mature",0.034,NA,NA,NA,NA
0.241513211709757,0.445891551687849,0.229,0.182,1,"POU6F2","migrating","identity+mature",0.047,NA,NA,NA,NA
0.242058385580581,0.353336634967103,0.483,0.427,1,"AKR7A2","migrating","identity+mature",0.056,NA,NA,NA,NA
0.242716526089738,0.295420992561391,0.559,0.529,1,"EIF6","migrating","identity+mature",0.03,NA,NA,NA,NA
0.242772544872393,0.384323007022,0.458,0.432,1,"C8orf33","migrating","identity+mature",0.026,NA,NA,NA,NA
0.243246273107453,0.66556246747119,0.178,0.143,1,"MAP3K9","migrating","identity+mature",0.035,NA,NA,NA,NA
0.24374194516544,0.279738351306818,0.305,0.25,1,"WDR70","migrating","identity+mature",0.055,NA,NA,NA,NA
0.244081623331747,0.533729290960783,0.127,0.093,1,"SUN2","migrating","identity+mature",0.034,NA,NA,NA,NA
0.244267662618615,0.495702896408332,0.161,0.124,1,"BBS12","migrating","identity+mature",0.037,NA,NA,NA,NA
0.24488787443677,0.259830721390555,0.331,0.275,1,"ELP2","migrating","identity+mature",0.056,NA,NA,NA,NA
0.244899707073249,0.271466040802732,0.237,0.187,1,"ZDHHC21","migrating","identity+mature",0.05,NA,NA,NA,NA
0.245193165906524,0.34461164125044,0.39,0.358,1,"CASC4","migrating","identity+mature",0.032,NA,NA,NA,NA
0.245377487349168,0.385078567017614,0.356,0.319,1,"MRPS9","migrating","identity+mature",0.037,NA,NA,NA,NA
0.245613452734289,0.267482757419573,0.186,0.143,1,"AC006450.3","migrating","identity+mature",0.043,NA,NA,NA,NA
0.246561423381808,0.836878402944141,0.102,0.072,1,"PHLPP2","migrating","identity+mature",0.03,NA,NA,NA,NA
0.247110658280821,0.619732004436935,0.136,0.1,1,"TMEM234","migrating","identity+mature",0.036,NA,NA,NA,NA
0.2472988168487,0.366429056992229,0.305,0.262,1,"TMEM9","migrating","identity+mature",0.043,NA,NA,NA,NA
0.247725881023096,0.411241124825298,0.237,0.199,1,"NIN","migrating","identity+mature",0.038,NA,NA,NA,NA
0.248766056909246,0.338852716568327,0.424,0.391,1,"SRRM3","migrating","identity+mature",0.033,NA,NA,NA,NA
0.248932067053894,0.685458654362106,0.186,0.152,1,"HEATR5B","migrating","identity+mature",0.034,NA,NA,NA,NA
0.249219375484007,0.407811319058997,0.424,0.384,1,"MRPL15","migrating","identity+mature",0.04,NA,NA,NA,NA
0.249965415931546,0.271300135833909,0.534,0.505,1,"WDR82","migrating","identity+mature",0.029,NA,NA,NA,NA
0.250160992135499,0.616311483611454,0.161,0.126,1,"TADA1","migrating","identity+mature",0.035,NA,NA,NA,NA
0.250254754021282,0.477157170338444,0.263,0.23,1,"TBC1D5","migrating","identity+mature",0.033,NA,NA,NA,NA
0.250398198930137,0.351798318785021,0.153,0.113,1,"GPR155","migrating","identity+mature",0.04,NA,NA,NA,NA
0.251061234899548,0.296467294534461,0.576,0.54,1,"LAPTM4B","migrating","identity+mature",0.0359999999999999,NA,NA,NA,NA
0.251437928616348,0.271263203825078,0.568,0.532,1,"TNRC6A","migrating","identity+mature",0.0359999999999999,NA,NA,NA,NA
0.251688671487421,0.438380326895116,0.237,0.195,1,"NR1D2","migrating","identity+mature",0.042,NA,NA,NA,NA
0.251740700500241,0.268462762980761,0.627,0.599,1,"PAFAH1B2","migrating","identity+mature",0.028,NA,NA,NA,NA
0.25219428184813,0.412273775100192,0.186,0.145,1,"SAP30L","migrating","identity+mature",0.041,NA,NA,NA,NA
0.252495789710103,0.357728644986476,0.305,0.271,1,"TANK","migrating","identity+mature",0.034,NA,NA,NA,NA
0.253520173505097,0.409887711147553,0.169,0.13,1,"ZBED3","migrating","identity+mature",0.039,NA,NA,NA,NA
0.253800213106467,0.449587651054119,0.178,0.141,1,"NUP155","migrating","identity+mature",0.037,NA,NA,NA,NA
0.253840315875497,0.369662181961046,0.195,0.156,1,"DHX32","migrating","identity+mature",0.039,NA,NA,NA,NA
0.25408652202293,0.55558577662528,0.169,0.134,1,"FUT11","migrating","identity+mature",0.035,NA,NA,NA,NA
0.254572113515787,0.399941324767312,0.381,0.33,1,"TCERG1","migrating","identity+mature",0.051,NA,NA,NA,NA
0.255382130278057,0.757327249396138,0.153,0.119,1,"RFC2","migrating","identity+mature",0.034,NA,NA,NA,NA
0.255766618539827,0.255874612357763,0.119,0.083,1,"ZNF470","migrating","identity+mature",0.036,NA,NA,NA,NA
0.255780642584211,0.360938558594796,0.271,0.228,1,"CEP295","migrating","identity+mature",0.043,NA,NA,NA,NA
0.255821591609972,0.562051630650723,0.161,0.126,1,"WRAP73","migrating","identity+mature",0.035,NA,NA,NA,NA
0.255929864927644,0.437721449827844,0.331,0.288,1,"G2E3","migrating","identity+mature",0.043,NA,NA,NA,NA
0.256508334362427,0.335981597809519,0.551,0.529,1,"C19orf70","migrating","identity+mature",0.022,NA,NA,NA,NA
0.256635177173738,0.365177700232159,0.263,0.217,1,"HTT","migrating","identity+mature",0.046,NA,NA,NA,NA
0.256756782137825,0.592547077347247,0.153,0.117,1,"MMP17","migrating","identity+mature",0.036,NA,NA,NA,NA
0.25732608076481,0.286785534564561,0.331,0.284,1,"RIF1","migrating","identity+mature",0.047,NA,NA,NA,NA
0.257412575873096,0.433551063615626,0.237,0.2,1,"BRAP","migrating","identity+mature",0.037,NA,NA,NA,NA
0.258028108985154,0.296855498847056,0.356,0.334,1,"PSMD3","migrating","identity+mature",0.022,NA,NA,NA,NA
0.2582777027405,0.469195452973858,0.186,0.148,1,"GPSM2","migrating","identity+mature",0.038,NA,NA,NA,NA
0.258386256691258,0.282674954791663,0.441,0.417,1,"ZNF43","migrating","identity+mature",0.024,NA,NA,NA,NA
0.25906051379259,0.697809251212745,0.153,0.121,1,"EXD2","migrating","identity+mature",0.032,NA,NA,NA,NA
0.259386733829512,0.446503695348897,0.161,0.124,1,"CPEB3","migrating","identity+mature",0.037,NA,NA,NA,NA
0.259602879153403,0.387852823209131,0.364,0.325,1,"STAG1","migrating","identity+mature",0.039,NA,NA,NA,NA
0.259882106400928,0.337811327035223,0.093,0.137,1,"ZNF623","migrating","identity+mature",-0.044,NA,NA,NA,NA
0.259955914156099,0.357779796092976,0.28,0.239,1,"CARS","migrating","identity+mature",0.041,NA,NA,NA,NA
0.260592143074546,0.379928461622732,0.237,0.187,1,"MRS2","migrating","identity+mature",0.05,NA,NA,NA,NA
0.261385559184621,0.380090237217855,0.237,0.197,1,"HERPUD2","migrating","identity+mature",0.04,NA,NA,NA,NA
0.262062919252366,0.25435127120112,0.127,0.176,1,"SYN1","migrating","identity+mature",-0.049,NA,NA,NA,NA
0.262067410030613,0.283723814562008,0.237,0.187,1,"RAB12","migrating","identity+mature",0.05,NA,NA,NA,NA
0.262157106413595,0.653676439155909,0.136,0.102,1,"NRIP3","migrating","identity+mature",0.034,NA,NA,NA,NA
0.262983286242221,0.475112926357107,0.127,0.093,1,"PGS1","migrating","identity+mature",0.034,NA,NA,NA,NA
0.263031096725805,0.313996375053042,0.407,0.377,1,"CTTNBP2","migrating","identity+mature",0.03,NA,NA,NA,NA
0.263665063178563,0.649475124305452,0.102,0.072,1,"ZNF19","migrating","identity+mature",0.03,NA,NA,NA,NA
0.26386582662273,0.523738688388355,0.127,0.093,1,"DOLPP1","migrating","identity+mature",0.034,NA,NA,NA,NA
0.264181566946237,0.566644721523855,0.229,0.191,1,"FAM104B","migrating","identity+mature",0.038,NA,NA,NA,NA
0.264239428832695,0.35947338535615,0.246,0.208,1,"TRAK1","migrating","identity+mature",0.038,NA,NA,NA,NA
0.264396736863328,0.252050623699479,0.322,0.28,1,"RIC3","migrating","identity+mature",0.042,NA,NA,NA,NA
0.264973996598803,0.251450364126971,0.415,0.373,1,"ZFYVE16","migrating","identity+mature",0.042,NA,NA,NA,NA
0.265137319854763,0.326829660074694,0.263,0.219,1,"RASSF8","migrating","identity+mature",0.044,NA,NA,NA,NA
0.265449946296933,0.406815514021964,0.246,0.204,1,"GOLIM4","migrating","identity+mature",0.042,NA,NA,NA,NA
0.265744441233848,0.786185515784966,0.144,0.113,1,"GTF2E1","migrating","identity+mature",0.031,NA,NA,NA,NA
0.266150904457783,0.3006728337566,0.153,0.115,1,"CHST11","migrating","identity+mature",0.038,NA,NA,NA,NA
0.266431267956159,0.255114012277396,0.432,0.393,1,"BPHL","migrating","identity+mature",0.039,NA,NA,NA,NA
0.267569395920132,0.498513757687905,0.254,0.217,1,"RABGGTB","migrating","identity+mature",0.037,NA,NA,NA,NA
0.267602327512758,0.351988104093318,0.297,0.263,1,"MTX1","migrating","identity+mature",0.034,NA,NA,NA,NA
0.26765691618414,0.567404673778722,0.11,0.08,1,"HSPA4L","migrating","identity+mature",0.03,NA,NA,NA,NA
0.268882522244299,0.558887737303538,0.169,0.135,1,"SPEF2","migrating","identity+mature",0.034,NA,NA,NA,NA
0.268886518247205,0.512781584676322,0.203,0.167,1,"CEP126","migrating","identity+mature",0.036,NA,NA,NA,NA
0.268979970815537,0.391840098688499,0.161,0.126,1,"CLVS1","migrating","identity+mature",0.035,NA,NA,NA,NA
0.269127103298641,0.478307692887248,0.102,0.072,1,"MINCR","migrating","identity+mature",0.03,NA,NA,NA,NA
0.269298574691868,0.322236694947298,0.237,0.195,1,"ARMCX5","migrating","identity+mature",0.042,NA,NA,NA,NA
0.26959362599854,0.303677139643719,0.517,0.486,1,"SETD5","migrating","identity+mature",0.031,NA,NA,NA,NA
0.270009761309643,0.311722571604473,0.203,0.163,1,"CEP164","migrating","identity+mature",0.04,NA,NA,NA,NA
0.270426244857004,0.466074198227908,0.356,0.328,1,"LYRM4","migrating","identity+mature",0.028,NA,NA,NA,NA
0.270630128728071,0.588673308788181,0.102,0.072,1,"RAB11FIP1","migrating","identity+mature",0.03,NA,NA,NA,NA
0.271039509396646,0.634104001713362,0.119,0.089,1,"NPTXR","migrating","identity+mature",0.03,NA,NA,NA,NA
0.271976103096481,0.593698736449828,0.11,0.08,1,"IGSF3","migrating","identity+mature",0.03,NA,NA,NA,NA
0.272778472373182,0.516883704051315,0.246,0.206,1,"MYO9A","migrating","identity+mature",0.04,NA,NA,NA,NA
0.272808260962317,0.414575218697443,0.263,0.228,1,"RNF220","migrating","identity+mature",0.035,NA,NA,NA,NA
0.27327026849166,0.749336993365414,0.161,0.13,1,"AMH","migrating","identity+mature",0.031,NA,NA,NA,NA
0.273922842438204,0.565247874461677,0.127,0.096,1,"PHETA1","migrating","identity+mature",0.031,NA,NA,NA,NA
0.274122889910107,0.437139564369783,0.237,0.195,1,"NUP54","migrating","identity+mature",0.042,NA,NA,NA,NA
0.274534615177032,0.356954136482468,0.458,0.417,1,"RIMS2","migrating","identity+mature",0.041,NA,NA,NA,NA
0.274582556357956,0.560957714323755,0.178,0.141,1,"BBC3","migrating","identity+mature",0.037,NA,NA,NA,NA
0.274934497445465,0.621882636110462,0.119,0.087,1,"OSBPL6","migrating","identity+mature",0.032,NA,NA,NA,NA
0.275265676851916,0.455789650109572,0.322,0.284,1,"POGK","migrating","identity+mature",0.038,NA,NA,NA,NA
0.275855233429563,0.373145178929028,0.11,0.08,1,"NUP205","migrating","identity+mature",0.03,NA,NA,NA,NA
0.275963663791811,0.469327373605719,0.195,0.156,1,"AKT2","migrating","identity+mature",0.039,NA,NA,NA,NA
0.276225344798338,0.766962267408526,0.178,0.15,1,"EXOC2","migrating","identity+mature",0.028,NA,NA,NA,NA
0.276294726119401,0.783658730499264,0.169,0.139,1,"AVEN","migrating","identity+mature",0.03,NA,NA,NA,NA
0.276980733665783,0.411829283277285,0.288,0.247,1,"HIP1","migrating","identity+mature",0.041,NA,NA,NA,NA
0.277052223071408,0.407041318748354,0.169,0.132,1,"AC074032.1","migrating","identity+mature",0.037,NA,NA,NA,NA
0.277222850649192,0.489522659114743,0.127,0.095,1,"DDX19A","migrating","identity+mature",0.032,NA,NA,NA,NA
0.277668450362768,0.369395509961082,0.212,0.171,1,"IRAK1BP1","migrating","identity+mature",0.041,NA,NA,NA,NA
0.278219243794806,0.389118382226732,0.237,0.197,1,"SUPT7L","migrating","identity+mature",0.04,NA,NA,NA,NA
0.27984967621214,0.43008694989543,0.297,0.267,1,"ZNF518B","migrating","identity+mature",0.03,NA,NA,NA,NA
0.280282824093224,0.688508743554443,0.102,0.072,1,"CENPH","migrating","identity+mature",0.03,NA,NA,NA,NA
0.28056943116891,0.451052701462916,0.22,0.186,1,"TBC1D19","migrating","identity+mature",0.034,NA,NA,NA,NA
0.280615916519855,0.329950114537814,0.297,0.256,1,"RNPC3","migrating","identity+mature",0.041,NA,NA,NA,NA
0.280678634625993,0.590681354200907,0.169,0.134,1,"KIF13A","migrating","identity+mature",0.035,NA,NA,NA,NA
0.280756965715318,0.540330587753589,0.11,0.08,1,"ZNF524","migrating","identity+mature",0.03,NA,NA,NA,NA
0.28126461048685,0.451471396844819,0.271,0.247,1,"PCCA","migrating","identity+mature",0.024,NA,NA,NA,NA
0.281679104191138,0.316560222816228,0.381,0.356,1,"NSF","migrating","identity+mature",0.025,NA,NA,NA,NA
0.281932795762018,1.06360135448061,0.119,0.091,1,"AC120042.3","migrating","identity+mature",0.028,NA,NA,NA,NA
0.282376322521302,0.401789147914579,0.297,0.258,1,"MRPL35","migrating","identity+mature",0.039,NA,NA,NA,NA
0.282444971215526,0.333153084957349,0.407,0.378,1,"NFASC","migrating","identity+mature",0.029,NA,NA,NA,NA
0.282550770171905,0.499160280901376,0.136,0.102,1,"SEC24B","migrating","identity+mature",0.034,NA,NA,NA,NA
0.282820226995048,0.297585845597424,0.653,0.659,1,"KANSL1","migrating","identity+mature",-0.006,NA,NA,NA,NA
0.283174420666299,0.335411866783033,0.195,0.158,1,"ZADH2","migrating","identity+mature",0.037,NA,NA,NA,NA
0.283243422455435,0.607064822961249,0.195,0.163,1,"NAA16","migrating","identity+mature",0.032,NA,NA,NA,NA
0.284652761967943,0.502756404688633,0.203,0.167,1,"TRMT1L","migrating","identity+mature",0.036,NA,NA,NA,NA
0.284760842427515,0.588001528771445,0.161,0.128,1,"VCPIP1","migrating","identity+mature",0.033,NA,NA,NA,NA
0.284908426995269,0.276256812378432,0.246,0.204,1,"RSU1","migrating","identity+mature",0.042,NA,NA,NA,NA
0.285381182878193,0.795514212131802,0.11,0.082,1,"DAPK3","migrating","identity+mature",0.028,NA,NA,NA,NA
0.286433271560961,0.340912029651913,0.339,0.302,1,"EAF1","migrating","identity+mature",0.037,NA,NA,NA,NA
0.286627441462506,0.586448178627359,0.144,0.111,1,"VLDLR","migrating","identity+mature",0.033,NA,NA,NA,NA
0.286872073242854,0.547519975356523,0.229,0.197,1,"HIC2","migrating","identity+mature",0.032,NA,NA,NA,NA
0.287100566927407,0.560157755860186,0.127,0.096,1,"TMEM41A","migrating","identity+mature",0.031,NA,NA,NA,NA
0.287103435551223,0.281345073241392,0.398,0.367,1,"PPCS","migrating","identity+mature",0.031,NA,NA,NA,NA
0.287120914829125,0.363263913495717,0.331,0.293,1,"CBLB","migrating","identity+mature",0.038,NA,NA,NA,NA
0.287295781750735,0.329858598664618,0.28,0.234,1,"NCOA2","migrating","identity+mature",0.046,NA,NA,NA,NA
0.287639250978831,0.292999052661172,0.288,0.241,1,"ZNF793-AS1","migrating","identity+mature",0.047,NA,NA,NA,NA
0.28793959730415,0.679747386157354,0.102,0.074,1,"RTKN","migrating","identity+mature",0.028,NA,NA,NA,NA
0.288313529459051,0.591327496925303,0.153,0.119,1,"CNPPD1","migrating","identity+mature",0.034,NA,NA,NA,NA
0.288668280155801,0.679825818460535,0.136,0.104,1,"FAM220A","migrating","identity+mature",0.032,NA,NA,NA,NA
0.289234868666433,0.466171796479374,0.186,0.154,1,"NECAP2","migrating","identity+mature",0.032,NA,NA,NA,NA
0.289538962594311,0.343036508396642,0.534,0.506,1,"SPOP","migrating","identity+mature",0.028,NA,NA,NA,NA
0.290005568827971,0.306901037447998,0.246,0.204,1,"IQCG","migrating","identity+mature",0.042,NA,NA,NA,NA
0.290693398851586,0.486028801475881,0.102,0.072,1,"ZNF823","migrating","identity+mature",0.03,NA,NA,NA,NA
0.290725570596292,0.397644329013644,0.246,0.2,1,"UCHL3","migrating","identity+mature",0.046,NA,NA,NA,NA
0.291111180365763,0.368422098712993,0.28,0.245,1,"FERMT2","migrating","identity+mature",0.035,NA,NA,NA,NA
0.291753767702908,0.4544806441282,0.229,0.199,1,"C2orf69","migrating","identity+mature",0.03,NA,NA,NA,NA
0.291886373201448,0.425156872503474,0.203,0.169,1,"MGAT2","migrating","identity+mature",0.034,NA,NA,NA,NA
0.29275136992016,0.521492602666328,0.119,0.089,1,"MTERF1","migrating","identity+mature",0.03,NA,NA,NA,NA
0.293167312492394,0.404118013670178,0.22,0.184,1,"AL450306.1","migrating","identity+mature",0.036,NA,NA,NA,NA
0.293179245251838,0.463666928970952,0.136,0.104,1,"FAM20B","migrating","identity+mature",0.032,NA,NA,NA,NA
0.293422088971439,0.512303026957794,0.203,0.173,1,"FBXL17","migrating","identity+mature",0.03,NA,NA,NA,NA
0.293613853943773,0.306852068306824,0.212,0.173,1,"GNPDA1","migrating","identity+mature",0.039,NA,NA,NA,NA
0.293735547724337,0.46689939349036,0.161,0.126,1,"DOT1L","migrating","identity+mature",0.035,NA,NA,NA,NA
0.293831387480869,0.326662420908967,0.186,0.148,1,"MLH3","migrating","identity+mature",0.038,NA,NA,NA,NA
0.294377887263179,0.706902874326065,0.11,0.082,1,"AC139530.1","migrating","identity+mature",0.028,NA,NA,NA,NA
0.294475515728179,0.721606316755212,0.102,0.074,1,"ZBTB48","migrating","identity+mature",0.028,NA,NA,NA,NA
0.295117000479847,0.317201280714987,0.39,0.354,1,"AHI1","migrating","identity+mature",0.036,NA,NA,NA,NA
0.29516373942626,0.354177216926046,0.246,0.204,1,"TAF13","migrating","identity+mature",0.042,NA,NA,NA,NA
0.295535991505457,0.50800670025327,0.254,0.221,1,"PPA2","migrating","identity+mature",0.033,NA,NA,NA,NA
0.296030324941546,0.289093106514525,0.085,0.121,1,"XAB2","migrating","identity+mature",-0.036,NA,NA,NA,NA
0.296548496348312,0.508080675980811,0.254,0.221,1,"RYK","migrating","identity+mature",0.033,NA,NA,NA,NA
0.296575134983411,0.507131462229231,0.186,0.148,1,"INTS3","migrating","identity+mature",0.038,NA,NA,NA,NA
0.296582298557278,0.529316227481537,0.136,0.106,1,"RBP7","migrating","identity+mature",0.03,NA,NA,NA,NA
0.296840755155702,0.350683216450367,0.28,0.243,1,"THOC1","migrating","identity+mature",0.037,NA,NA,NA,NA
0.297441850712795,0.266684224615264,0.169,0.132,1,"POLR3H","migrating","identity+mature",0.037,NA,NA,NA,NA
0.297502811370679,0.349735781993697,0.178,0.141,1,"FBXO25","migrating","identity+mature",0.037,NA,NA,NA,NA
0.297552159491305,0.544306995043339,0.169,0.137,1,"NUDCD1","migrating","identity+mature",0.032,NA,NA,NA,NA
0.297586260322612,0.445049161313493,0.246,0.21,1,"MAPK8IP3","migrating","identity+mature",0.036,NA,NA,NA,NA
0.297996626162571,0.404884318972757,0.229,0.191,1,"NCK1","migrating","identity+mature",0.038,NA,NA,NA,NA
0.298038324594583,0.556208140355424,0.161,0.13,1,"ZNF680","migrating","identity+mature",0.031,NA,NA,NA,NA
0.299542220254711,0.343275817519624,0.373,0.34,1,"ETF1","migrating","identity+mature",0.033,NA,NA,NA,NA
0.300120244769833,0.376648211193576,0.22,0.186,1,"ENTPD4","migrating","identity+mature",0.034,NA,NA,NA,NA
0.300474154632133,0.432902879561257,0.161,0.126,1,"AL356599.1","migrating","identity+mature",0.035,NA,NA,NA,NA
0.300628563162258,0.666864719041496,0.153,0.122,1,"ALS2","migrating","identity+mature",0.031,NA,NA,NA,NA
0.300679682231826,0.262604250021626,0.39,0.36,1,"UBTD2","migrating","identity+mature",0.03,NA,NA,NA,NA
0.301090245415657,0.266249890678731,0.542,0.531,1,"BICD1","migrating","identity+mature",0.011,NA,NA,NA,NA
0.301483068030443,0.539265691789891,0.246,0.212,1,"CCDC130","migrating","identity+mature",0.034,NA,NA,NA,NA
0.301653670164662,0.298999992550422,0.424,0.393,1,"WBP2","migrating","identity+mature",0.031,NA,NA,NA,NA
0.301976361109705,0.283373245756869,0.356,0.31,1,"CCDC43","migrating","identity+mature",0.046,NA,NA,NA,NA
0.302679479932428,0.379827766446898,0.195,0.16,1,"NDUFAF6","migrating","identity+mature",0.035,NA,NA,NA,NA
0.302827051597239,0.347804966574977,0.178,0.143,1,"SETDB1","migrating","identity+mature",0.035,NA,NA,NA,NA
0.303555534066782,0.272954142703375,0.5,0.481,1,"MLLT3","migrating","identity+mature",0.019,NA,NA,NA,NA
0.303715135959497,0.470049945849663,0.178,0.148,1,"CRELD1","migrating","identity+mature",0.03,NA,NA,NA,NA
0.304078569316084,0.555241706770979,0.11,0.082,1,"ZC3HC1","migrating","identity+mature",0.028,NA,NA,NA,NA
0.304418472512437,0.524615349907133,0.339,0.306,1,"MPP2","migrating","identity+mature",0.033,NA,NA,NA,NA
0.304452403184263,0.320607848757646,0.229,0.189,1,"ZNF134","migrating","identity+mature",0.04,NA,NA,NA,NA
0.30462706025497,0.352706282078063,0.153,0.121,1,"MTPAP","migrating","identity+mature",0.032,NA,NA,NA,NA
0.305542181078321,0.25527652395261,0.483,0.445,1,"GABARAP","migrating","identity+mature",0.038,NA,NA,NA,NA
0.305697192350927,0.272912384556277,0.229,0.187,1,"SERINC2","migrating","identity+mature",0.042,NA,NA,NA,NA
0.306663721486771,0.330431762992296,0.517,0.484,1,"G3BP1","migrating","identity+mature",0.033,NA,NA,NA,NA
0.306759550311104,0.628708925282013,0.102,0.074,1,"GPR6","migrating","identity+mature",0.028,NA,NA,NA,NA
0.306987959574939,0.283984514679543,0.263,0.221,1,"NLGN2","migrating","identity+mature",0.042,NA,NA,NA,NA
0.307137400237451,0.647632295555479,0.178,0.148,1,"STXBP5L","migrating","identity+mature",0.03,NA,NA,NA,NA
0.307375080675411,0.321278886362934,0.441,0.412,1,"NRCAM","migrating","identity+mature",0.029,NA,NA,NA,NA
0.30818959289656,0.5665395611285,0.161,0.128,1,"FRRS1L","migrating","identity+mature",0.033,NA,NA,NA,NA
0.308962970081896,0.483971279034732,0.322,0.291,1,"EIF2AK2","migrating","identity+mature",0.031,NA,NA,NA,NA
0.308988699802924,0.291145612371853,0.263,0.23,1,"TMEM218","migrating","identity+mature",0.033,NA,NA,NA,NA
0.309537357743901,0.525767737136209,0.169,0.137,1,"KMT5C","migrating","identity+mature",0.032,NA,NA,NA,NA
0.31026075426524,0.49571624765844,0.297,0.263,1,"FNBP1","migrating","identity+mature",0.034,NA,NA,NA,NA
0.310289300112494,0.370538148650304,0.246,0.204,1,"WDFY3","migrating","identity+mature",0.042,NA,NA,NA,NA
0.310306981971333,0.314243915591704,0.229,0.189,1,"CSGALNACT2","migrating","identity+mature",0.04,NA,NA,NA,NA
0.310355837416117,0.376133208020967,0.373,0.343,1,"USP48","migrating","identity+mature",0.03,NA,NA,NA,NA
0.310791270786717,0.347435452614701,0.203,0.169,1,"FAM221A","migrating","identity+mature",0.034,NA,NA,NA,NA
0.310868672844564,0.325726714294778,0.169,0.132,1,"MACROD2","migrating","identity+mature",0.037,NA,NA,NA,NA
0.310917301406722,0.430371696887073,0.288,0.256,1,"NELL2","migrating","identity+mature",0.032,NA,NA,NA,NA
0.31096706687412,0.324098983349661,0.263,0.223,1,"PIK3C2B","migrating","identity+mature",0.04,NA,NA,NA,NA
0.311017405703303,0.251841663912824,0.347,0.312,1,"RPAP3","migrating","identity+mature",0.035,NA,NA,NA,NA
0.31120498495848,0.290251761508327,0.39,0.354,1,"EXOSC8","migrating","identity+mature",0.036,NA,NA,NA,NA
0.311793929898431,0.615015254958551,0.11,0.083,1,"NUDT12","migrating","identity+mature",0.027,NA,NA,NA,NA
0.312984800305835,0.468305832041415,0.22,0.184,1,"UBXN2B","migrating","identity+mature",0.036,NA,NA,NA,NA
0.313462461463586,0.444984618604964,0.203,0.171,1,"DDHD2","migrating","identity+mature",0.032,NA,NA,NA,NA
0.314061580147052,0.425186308152801,0.136,0.104,1,"CERS1","migrating","identity+mature",0.032,NA,NA,NA,NA
0.31619325105801,0.95591586740425,0.127,0.1,1,"KATNB1","migrating","identity+mature",0.027,NA,NA,NA,NA
0.316420472292611,0.395625556723888,0.161,0.128,1,"NFRKB","migrating","identity+mature",0.033,NA,NA,NA,NA
0.316620528310327,0.391761694146182,0.119,0.089,1,"CRB2","migrating","identity+mature",0.03,NA,NA,NA,NA
0.316876765887365,0.474271524446067,0.195,0.167,1,"ADGRL2","migrating","identity+mature",0.028,NA,NA,NA,NA
0.316975149514902,0.295113929043651,0.169,0.134,1,"PPP1R3F","migrating","identity+mature",0.035,NA,NA,NA,NA
0.317159716552433,0.587583533532726,0.102,0.074,1,"NAA80","migrating","identity+mature",0.028,NA,NA,NA,NA
0.317159716552433,0.355973548249751,0.102,0.074,1,"ETV6","migrating","identity+mature",0.028,NA,NA,NA,NA
0.317190197214017,0.366304811102045,0.28,0.243,1,"SS18","migrating","identity+mature",0.037,NA,NA,NA,NA
0.318477593020883,0.38957886972475,0.22,0.191,1,"GATAD2A","migrating","identity+mature",0.029,NA,NA,NA,NA
0.318923666869823,0.266229879590761,0.475,0.464,1,"TMEM106B","migrating","identity+mature",0.011,NA,NA,NA,NA
0.319153817552559,0.590725249893485,0.127,0.098,1,"RANBP17","migrating","identity+mature",0.029,NA,NA,NA,NA
0.319553571261245,0.28839653354656,0.178,0.141,1,"CASC15","migrating","identity+mature",0.037,NA,NA,NA,NA
0.319694094478481,0.585150558604025,0.169,0.137,1,"YES1","migrating","identity+mature",0.032,NA,NA,NA,NA
0.32005834186082,0.30573752201275,0.331,0.299,1,"HDAC5","migrating","identity+mature",0.032,NA,NA,NA,NA
0.320411588147246,0.295948570192811,0.449,0.443,1,"FKBP4","migrating","identity+mature",0.006,NA,NA,NA,NA
0.320726573550071,0.69989233671973,0.11,0.083,1,"ST6GALNAC5","migrating","identity+mature",0.027,NA,NA,NA,NA
0.320751574954887,0.454038703185444,0.288,0.26,1,"ZNF664","migrating","identity+mature",0.028,NA,NA,NA,NA
0.320782869408708,0.3957769246926,0.347,0.315,1,"VKORC1L1","migrating","identity+mature",0.032,NA,NA,NA,NA
0.321076597628075,0.690223256468414,0.127,0.1,1,"LZTS2","migrating","identity+mature",0.027,NA,NA,NA,NA
0.321088547644263,0.559100819893469,0.161,0.132,1,"CREB3L4","migrating","identity+mature",0.029,NA,NA,NA,NA
0.32119403503634,0.517157663037768,0.178,0.145,1,"CENPW","migrating","identity+mature",0.033,NA,NA,NA,NA
0.321787486373235,0.621450752106734,0.136,0.106,1,"TRMT13","migrating","identity+mature",0.03,NA,NA,NA,NA
0.322306619933064,0.661544501757025,0.136,0.108,1,"TYW5","migrating","identity+mature",0.028,NA,NA,NA,NA
0.322623809945951,0.360255065985461,0.339,0.299,1,"ASPHD1","migrating","identity+mature",0.04,NA,NA,NA,NA
0.322896389533162,0.488846194788166,0.153,0.121,1,"KEAP1","migrating","identity+mature",0.032,NA,NA,NA,NA
0.324210872879572,0.561762588454157,0.119,0.091,1,"MAPK14","migrating","identity+mature",0.028,NA,NA,NA,NA
0.324334544327203,0.349173891036653,0.119,0.089,1,"NEK5","migrating","identity+mature",0.03,NA,NA,NA,NA
0.324349866430038,0.303180828245582,0.585,0.547,1,"RBM6","migrating","identity+mature",0.0379999999999999,NA,NA,NA,NA
0.324428472447561,0.297865981405801,0.398,0.378,1,"ACVR2A","migrating","identity+mature",0.02,NA,NA,NA,NA
0.324457630930718,0.331295237934789,0.195,0.165,1,"GTF2H3","migrating","identity+mature",0.03,NA,NA,NA,NA
0.324524086472436,0.709821228787892,0.127,0.1,1,"INPP1","migrating","identity+mature",0.027,NA,NA,NA,NA
0.324909909060931,0.36332184224055,0.339,0.31,1,"ZNF264","migrating","identity+mature",0.029,NA,NA,NA,NA
0.32501528433371,0.317921772358951,0.407,0.371,1,"VPS41","migrating","identity+mature",0.036,NA,NA,NA,NA
0.325482211174197,0.414106753334872,0.254,0.221,1,"JAZF1","migrating","identity+mature",0.033,NA,NA,NA,NA
0.325522664075566,0.597633569601243,0.11,0.083,1,"JRK","migrating","identity+mature",0.027,NA,NA,NA,NA
0.32601028375195,0.395932188741515,0.305,0.288,1,"PSD3","migrating","identity+mature",0.017,NA,NA,NA,NA
0.326427219404329,0.319897684755997,0.246,0.212,1,"ANKRD50","migrating","identity+mature",0.034,NA,NA,NA,NA
0.326818924135385,0.343146319334777,0.178,0.147,1,"TMEM67","migrating","identity+mature",0.031,NA,NA,NA,NA
0.327207133699788,0.300230284664153,0.153,0.119,1,"NR2C2","migrating","identity+mature",0.034,NA,NA,NA,NA
0.327386103719434,0.39487114052748,0.169,0.134,1,"AC023034.1","migrating","identity+mature",0.035,NA,NA,NA,NA
0.327472151186255,0.40667923266582,0.339,0.31,1,"CD2BP2","migrating","identity+mature",0.029,NA,NA,NA,NA
0.32780797330598,0.403621455944455,0.22,0.187,1,"PMPCA","migrating","identity+mature",0.033,NA,NA,NA,NA
0.329282782337628,0.428472780114794,0.203,0.169,1,"CCNB1IP1","migrating","identity+mature",0.034,NA,NA,NA,NA
0.330229522174113,0.295640097481787,0.195,0.158,1,"PRKAA1","migrating","identity+mature",0.037,NA,NA,NA,NA
0.330310496879695,0.662901282373646,0.212,0.189,1,"ZNF559","migrating","identity+mature",0.023,NA,NA,NA,NA
0.330605625059828,0.76835923943583,0.102,0.076,1,"CLEC16A","migrating","identity+mature",0.026,NA,NA,NA,NA
0.330906076536989,0.496435648313103,0.11,0.083,1,"P4HA1","migrating","identity+mature",0.027,NA,NA,NA,NA
0.331205650599215,0.660873477504894,0.203,0.176,1,"LINC01351","migrating","identity+mature",0.027,NA,NA,NA,NA
0.331593145032242,0.662691797688637,0.178,0.148,1,"FOXK1","migrating","identity+mature",0.03,NA,NA,NA,NA
0.331606869217895,0.463672666135289,0.144,0.113,1,"CYB5R1","migrating","identity+mature",0.031,NA,NA,NA,NA
0.331693554289187,0.405487066196315,0.22,0.186,1,"OSBPL2","migrating","identity+mature",0.034,NA,NA,NA,NA
0.332532267590844,0.564398491690727,0.11,0.083,1,"WEE1","migrating","identity+mature",0.027,NA,NA,NA,NA
0.332890151484868,0.3796018234573,0.212,0.18,1,"STK33","migrating","identity+mature",0.032,NA,NA,NA,NA
0.334708147166151,0.336888831551349,0.381,0.349,1,"C1orf50","migrating","identity+mature",0.032,NA,NA,NA,NA
0.335431718009102,0.440545731046066,0.161,0.13,1,"IGSF9","migrating","identity+mature",0.031,NA,NA,NA,NA
0.33555091063042,0.256352738686947,0.178,0.143,1,"HABP4","migrating","identity+mature",0.035,NA,NA,NA,NA
0.335774696480254,0.470975559013293,0.169,0.137,1,"PPP1R15B","migrating","identity+mature",0.032,NA,NA,NA,NA
0.335844684547911,0.528998343362654,0.212,0.178,1,"MBTD1","migrating","identity+mature",0.034,NA,NA,NA,NA
0.335879780916882,0.263333180129105,0.5,0.462,1,"PTPRO","migrating","identity+mature",0.038,NA,NA,NA,NA
0.336518398664913,0.319928028203857,0.229,0.191,1,"CIC","migrating","identity+mature",0.038,NA,NA,NA,NA
0.337506498366782,0.349204535168991,0.441,0.429,1,"KNOP1","migrating","identity+mature",0.012,NA,NA,NA,NA
0.337594687017471,0.429743457153326,0.288,0.256,1,"IVNS1ABP","migrating","identity+mature",0.032,NA,NA,NA,NA
0.337908528439118,0.354292261672209,0.356,0.321,1,"ZNF430","migrating","identity+mature",0.035,NA,NA,NA,NA
0.338543568959135,0.404976907249158,0.288,0.26,1,"NUDT4","migrating","identity+mature",0.028,NA,NA,NA,NA
0.339493053178345,0.714059200775748,0.169,0.139,1,"RSPH4A","migrating","identity+mature",0.03,NA,NA,NA,NA
0.339912833171885,0.313921114901326,0.449,0.458,1,"CLIP1","migrating","identity+mature",-0.00900000000000001,NA,NA,NA,NA
0.34068097001103,0.401698813580676,0.254,0.219,1,"APAF1","migrating","identity+mature",0.035,NA,NA,NA,NA
0.3407001711728,0.354997482587643,0.22,0.186,1,"PHOSPHO2","migrating","identity+mature",0.034,NA,NA,NA,NA
0.341085046356545,0.569843200572607,0.271,0.25,1,"RPA3","migrating","identity+mature",0.021,NA,NA,NA,NA
0.34126476474361,0.680592790825278,0.102,0.078,1,"STK35","migrating","identity+mature",0.024,NA,NA,NA,NA
0.341395179529775,0.497563135982058,0.178,0.147,1,"DPP3","migrating","identity+mature",0.031,NA,NA,NA,NA
0.341554571752365,0.536727976263978,0.153,0.122,1,"NFXL1","migrating","identity+mature",0.031,NA,NA,NA,NA
0.341714320778356,0.537768575767488,0.102,0.076,1,"CDC25A","migrating","identity+mature",0.026,NA,NA,NA,NA
0.341802314210708,0.312554023423975,0.339,0.304,1,"BORCS7","migrating","identity+mature",0.035,NA,NA,NA,NA
0.342642146223526,0.453638340626366,0.144,0.113,1,"PEX10","migrating","identity+mature",0.031,NA,NA,NA,NA
0.34288698195812,0.554392018335284,0.169,0.137,1,"DHDDS","migrating","identity+mature",0.032,NA,NA,NA,NA
0.343605604767791,0.46293750499894,0.203,0.173,1,"GBA2","migrating","identity+mature",0.03,NA,NA,NA,NA
0.34434691798057,0.286334314980245,0.297,0.262,1,"ULK2","migrating","identity+mature",0.035,NA,NA,NA,NA
0.345474483385695,0.517128151070468,0.161,0.134,1,"LAS1L","migrating","identity+mature",0.027,NA,NA,NA,NA
0.346230842569133,0.588184753351516,0.136,0.108,1,"PRKD3","migrating","identity+mature",0.028,NA,NA,NA,NA
0.346975427192962,0.358503400242059,0.263,0.236,1,"TSEN15","migrating","identity+mature",0.027,NA,NA,NA,NA
0.34726494229557,0.316493480920909,0.508,0.501,1,"GLUL","migrating","identity+mature",0.00700000000000001,NA,NA,NA,NA
0.347562729147935,0.359371453277065,0.119,0.093,1,"CYP3A5","migrating","identity+mature",0.026,NA,NA,NA,NA
0.349023459029901,0.300488059739659,0.364,0.336,1,"ZDHHC4","migrating","identity+mature",0.028,NA,NA,NA,NA
0.349267600309929,0.448119283617084,0.237,0.212,1,"WDR20","migrating","identity+mature",0.025,NA,NA,NA,NA
0.351058177084885,0.282146981667794,0.246,0.206,1,"LRRC27","migrating","identity+mature",0.04,NA,NA,NA,NA
0.351154891075507,0.298188722294082,0.229,0.195,1,"KDSR","migrating","identity+mature",0.034,NA,NA,NA,NA
0.35157137322706,1.18879925140039,0.153,0.124,1,"CALB2","migrating","identity+mature",0.029,NA,NA,NA,NA
0.35203881725217,0.38795486417314,0.449,0.427,1,"PRPF38B","migrating","identity+mature",0.022,NA,NA,NA,NA
0.352638958329682,0.406097882747624,0.28,0.245,1,"SMIM20","migrating","identity+mature",0.035,NA,NA,NA,NA
0.35339415062625,0.686978980516805,0.136,0.111,1,"PPP1R37","migrating","identity+mature",0.025,NA,NA,NA,NA
0.353576185615357,0.386984462686744,0.11,0.083,1,"AL928654.1","migrating","identity+mature",0.027,NA,NA,NA,NA
0.353840868388721,0.269794883936271,0.432,0.412,1,"DCTN4","migrating","identity+mature",0.02,NA,NA,NA,NA
0.355313165759806,0.464547507242006,0.153,0.122,1,"NUP133","migrating","identity+mature",0.031,NA,NA,NA,NA
0.356399285644798,0.37401482549674,0.322,0.299,1,"RGMB","migrating","identity+mature",0.023,NA,NA,NA,NA
0.35648415138697,0.891967476644657,0.127,0.104,1,"IRF2","migrating","identity+mature",0.023,NA,NA,NA,NA
0.356561803077788,0.65098684201259,0.178,0.152,1,"ARHGEF11","migrating","identity+mature",0.026,NA,NA,NA,NA
0.356742799138921,0.275442720744213,0.339,0.295,1,"IPO7","migrating","identity+mature",0.044,NA,NA,NA,NA
0.35676545059658,0.446806471320395,0.229,0.199,1,"CNOT1","migrating","identity+mature",0.03,NA,NA,NA,NA
0.356886129180694,0.644131537810247,0.102,0.078,1,"PTPN18","migrating","identity+mature",0.024,NA,NA,NA,NA
0.357448042356135,0.454066846896883,0.212,0.186,1,"PPFIBP1","migrating","identity+mature",0.026,NA,NA,NA,NA
0.359441634377333,0.458452105623798,0.119,0.093,1,"UBE3B","migrating","identity+mature",0.026,NA,NA,NA,NA
0.359864846598088,0.477557474811897,0.271,0.25,1,"TTC39C","migrating","identity+mature",0.021,NA,NA,NA,NA
0.35989509862329,0.496773453574004,0.271,0.241,1,"SDAD1","migrating","identity+mature",0.03,NA,NA,NA,NA
0.360122621329713,0.676878651594957,0.102,0.078,1,"GOLPH3L","migrating","identity+mature",0.024,NA,NA,NA,NA
0.360622173307232,0.452307909812788,0.153,0.122,1,"DHFR","migrating","identity+mature",0.031,NA,NA,NA,NA
0.360622173307232,0.455827945056236,0.153,0.122,1,"BMT2","migrating","identity+mature",0.031,NA,NA,NA,NA
0.360807448157004,0.600928741346083,0.119,0.093,1,"NAA25","migrating","identity+mature",0.026,NA,NA,NA,NA
0.361662209215285,0.414538586577147,0.254,0.224,1,"ADGRB3","migrating","identity+mature",0.03,NA,NA,NA,NA
0.36215401858151,0.667977114620153,0.186,0.161,1,"TRIOBP","migrating","identity+mature",0.025,NA,NA,NA,NA
0.362715814460954,0.348747923217576,0.229,0.193,1,"PRIM1","migrating","identity+mature",0.036,NA,NA,NA,NA
0.362760250187556,0.292721704566006,0.161,0.13,1,"NECTIN3","migrating","identity+mature",0.031,NA,NA,NA,NA
0.364053441239271,0.286468776904015,0.203,0.171,1,"SUGP1","migrating","identity+mature",0.032,NA,NA,NA,NA
0.364636066332416,0.316550659019082,0.22,0.189,1,"CTNND1","migrating","identity+mature",0.031,NA,NA,NA,NA
0.364971126607176,0.621304222419285,0.119,0.095,1,"NDST4","migrating","identity+mature",0.024,NA,NA,NA,NA
0.365026707824569,0.270486623374829,0.576,0.579,1,"MTIF3","migrating","identity+mature",-0.003,NA,NA,NA,NA
0.365160035093862,0.29657260222678,0.297,0.265,1,"CEP95","migrating","identity+mature",0.032,NA,NA,NA,NA
0.36545834213834,0.572279412624849,0.102,0.078,1,"HEMK1","migrating","identity+mature",0.024,NA,NA,NA,NA
0.365591092588027,0.532277821290897,0.212,0.184,1,"LINC02440","migrating","identity+mature",0.028,NA,NA,NA,NA
0.365940463522109,0.596377763179367,0.22,0.193,1,"SATB1","migrating","identity+mature",0.027,NA,NA,NA,NA
0.366083011952703,0.316895606468004,0.356,0.336,1,"INPP5F","migrating","identity+mature",0.02,NA,NA,NA,NA
0.367248694104336,0.341708378309234,0.415,0.427,1,"EHBP1","migrating","identity+mature",-0.012,NA,NA,NA,NA
0.367841897904908,0.770168496400829,0.186,0.161,1,"FNDC5","migrating","identity+mature",0.025,NA,NA,NA,NA
0.369950425932194,0.365889008395736,0.381,0.362,1,"PTBP3","migrating","identity+mature",0.019,NA,NA,NA,NA
0.370142850670544,0.305067332827718,0.314,0.289,1,"SEPT9","migrating","identity+mature",0.025,NA,NA,NA,NA
0.370394501647407,0.289630561557886,0.153,0.124,1,"ZBTB7A","migrating","identity+mature",0.029,NA,NA,NA,NA
0.371172379253974,0.666893081796068,0.136,0.111,1,"TRIM11","migrating","identity+mature",0.025,NA,NA,NA,NA
0.37125451857767,0.617650357896355,0.22,0.191,1,"CPLX2","migrating","identity+mature",0.029,NA,NA,NA,NA
0.371995174852147,0.451030020536536,0.178,0.152,1,"MARF1","migrating","identity+mature",0.026,NA,NA,NA,NA
0.372239607339059,0.274272362155653,0.11,0.148,1,"XPNPEP3","migrating","identity+mature",-0.038,NA,NA,NA,NA
0.372462163606915,0.710070817671455,0.195,0.171,1,"MICAL1","migrating","identity+mature",0.024,NA,NA,NA,NA
0.372979415003511,0.273022702534158,0.415,0.399,1,"PPP2R3C","migrating","identity+mature",0.016,NA,NA,NA,NA
0.373363156541002,0.264122487329088,0.195,0.16,1,"ASTN1","migrating","identity+mature",0.035,NA,NA,NA,NA
0.374158001127174,0.508899572899272,0.102,0.078,1,"TIGD2","migrating","identity+mature",0.024,NA,NA,NA,NA
0.374437502871975,0.525361314605451,0.169,0.139,1,"MAVS","migrating","identity+mature",0.03,NA,NA,NA,NA
0.375356826799811,0.278125381796249,0.339,0.306,1,"CCPG1","migrating","identity+mature",0.033,NA,NA,NA,NA
0.376079270833564,0.662582643459929,0.144,0.119,1,"NAT9","migrating","identity+mature",0.025,NA,NA,NA,NA
0.376098585485797,0.403653370716886,0.203,0.171,1,"AC009414.2","migrating","identity+mature",0.032,NA,NA,NA,NA
0.376381787362718,0.448915795136891,0.22,0.199,1,"RRP7A","migrating","identity+mature",0.021,NA,NA,NA,NA
0.376829203533968,0.295724355046112,0.22,0.187,1,"KHDC4","migrating","identity+mature",0.033,NA,NA,NA,NA
0.37731576760839,0.270187254685696,0.381,0.347,1,"SPATC1L","migrating","identity+mature",0.034,NA,NA,NA,NA
0.377685411554695,0.522570297763914,0.11,0.085,1,"PSMD5","migrating","identity+mature",0.025,NA,NA,NA,NA
0.378192938160753,0.283201898706327,0.229,0.199,1,"ZNF649","migrating","identity+mature",0.03,NA,NA,NA,NA
0.378471755205211,0.470439961024282,0.195,0.165,1,"DNASE1","migrating","identity+mature",0.03,NA,NA,NA,NA
0.378970379025657,0.424799959358821,0.11,0.083,1,"MPP6","migrating","identity+mature",0.027,NA,NA,NA,NA
0.37943735443487,0.607273488275103,0.195,0.171,1,"PREP","migrating","identity+mature",0.024,NA,NA,NA,NA
0.379487542484931,0.559754756719188,0.203,0.18,1,"SPINDOC","migrating","identity+mature",0.023,NA,NA,NA,NA
0.37966124054602,0.654360972068359,0.11,0.089,1,"FBXW9","migrating","identity+mature",0.021,NA,NA,NA,NA
0.380375443012072,0.448931290662701,0.136,0.109,1,"TCTN3","migrating","identity+mature",0.027,NA,NA,NA,NA
0.380801122752133,0.594317030226586,0.127,0.102,1,"PHLDA1","migrating","identity+mature",0.025,NA,NA,NA,NA
0.381167480749538,0.33342651704525,0.186,0.16,1,"AC005921.2","migrating","identity+mature",0.026,NA,NA,NA,NA
0.381684170880212,0.480966674213712,0.119,0.093,1,"ZIK1","migrating","identity+mature",0.026,NA,NA,NA,NA
0.381918749561906,0.390310862078203,0.339,0.315,1,"MFSD14C","migrating","identity+mature",0.024,NA,NA,NA,NA
0.382747107561063,0.385857631803109,0.169,0.147,1,"NCOA5","migrating","identity+mature",0.022,NA,NA,NA,NA
0.383390718377035,0.285261804259013,0.441,0.423,1,"CRIPT","migrating","identity+mature",0.018,NA,NA,NA,NA
0.383488010950748,0.306683426759788,0.127,0.1,1,"ZNF621","migrating","identity+mature",0.027,NA,NA,NA,NA
0.384072758047221,0.751035281604933,0.127,0.104,1,"ZNF555","migrating","identity+mature",0.023,NA,NA,NA,NA
0.384226091049873,0.644801390266422,0.102,0.08,1,"RUBCN","migrating","identity+mature",0.022,NA,NA,NA,NA
0.384248334044553,0.316511400810665,0.237,0.208,1,"BX890604.1","migrating","identity+mature",0.029,NA,NA,NA,NA
0.38453812761548,0.421575507701461,0.153,0.124,1,"ANKRD6","migrating","identity+mature",0.029,NA,NA,NA,NA
0.385091947350247,0.430756593698433,0.119,0.093,1,"HACD2","migrating","identity+mature",0.026,NA,NA,NA,NA
0.38513410415604,0.567351578684453,0.102,0.078,1,"AL133163.3","migrating","identity+mature",0.024,NA,NA,NA,NA
0.385163424943463,0.473030181846737,0.127,0.102,1,"AC005332.7","migrating","identity+mature",0.025,NA,NA,NA,NA
0.386061564220323,0.266418710637561,0.305,0.276,1,"LETM1","migrating","identity+mature",0.029,NA,NA,NA,NA
0.386224223478371,0.279667387639227,0.415,0.404,1,"WDR6","migrating","identity+mature",0.011,NA,NA,NA,NA
0.386231986726091,0.592692321289597,0.119,0.093,1,"AC015802.6","migrating","identity+mature",0.026,NA,NA,NA,NA
0.386782709974056,0.378367856869812,0.254,0.23,1,"GLS","migrating","identity+mature",0.024,NA,NA,NA,NA
0.387033267347981,0.393464819707048,0.237,0.206,1,"TSC2","migrating","identity+mature",0.031,NA,NA,NA,NA
0.387956850706335,0.369402297649484,0.186,0.161,1,"AL353194.1","migrating","identity+mature",0.025,NA,NA,NA,NA
0.389327054760388,0.47142532890682,0.212,0.184,1,"OLMALINC","migrating","identity+mature",0.028,NA,NA,NA,NA
0.389447786839091,0.25824572374937,0.322,0.295,1,"FAF1","migrating","identity+mature",0.027,NA,NA,NA,NA
0.389763796638738,0.309665732280202,0.203,0.176,1,"ACTR1B","migrating","identity+mature",0.027,NA,NA,NA,NA
0.39007490399897,0.364203835599576,0.102,0.078,1,"SZT2","migrating","identity+mature",0.024,NA,NA,NA,NA
0.390558283273419,0.57045563505666,0.153,0.128,1,"AC036176.1","migrating","identity+mature",0.025,NA,NA,NA,NA
0.39119727668287,0.263800933775354,0.517,0.51,1,"MSH6","migrating","identity+mature",0.00700000000000001,NA,NA,NA,NA
0.392581303569969,0.290319714898398,0.229,0.193,1,"GRIK2","migrating","identity+mature",0.036,NA,NA,NA,NA
0.392607167631249,0.389253428260088,0.136,0.109,1,"GPR176","migrating","identity+mature",0.027,NA,NA,NA,NA
0.39380567074372,0.290496778075247,0.102,0.078,1,"WWOX","migrating","identity+mature",0.024,NA,NA,NA,NA
0.394118757539065,0.420481415061589,0.136,0.108,1,"TMEM209","migrating","identity+mature",0.028,NA,NA,NA,NA
0.394955115741818,0.469429973179758,0.169,0.145,1,"STRN","migrating","identity+mature",0.024,NA,NA,NA,NA
0.395022664180832,0.494882853712663,0.127,0.104,1,"POLR1E","migrating","identity+mature",0.023,NA,NA,NA,NA
0.395596067963415,0.477756431200007,0.144,0.119,1,"KIF22","migrating","identity+mature",0.025,NA,NA,NA,NA
0.39605949047498,0.364328316038968,0.356,0.343,1,"CLUAP1","migrating","identity+mature",0.013,NA,NA,NA,NA
0.396376683141896,0.445576370622115,0.136,0.109,1,"SNTB2","migrating","identity+mature",0.027,NA,NA,NA,NA
0.396438692687367,0.596626280990375,0.136,0.111,1,"ASXL2","migrating","identity+mature",0.025,NA,NA,NA,NA
0.397204517064941,0.416898234641554,0.178,0.152,1,"LNPEP","migrating","identity+mature",0.026,NA,NA,NA,NA
0.397369169913065,0.330882472025987,0.127,0.1,1,"PYGO2","migrating","identity+mature",0.027,NA,NA,NA,NA
0.397835304683939,0.291805693036121,0.178,0.148,1,"MID1IP1","migrating","identity+mature",0.03,NA,NA,NA,NA
0.398265640026339,0.291018859406371,0.356,0.334,1,"PEX2","migrating","identity+mature",0.022,NA,NA,NA,NA
0.399428058856584,0.342873128064214,0.161,0.134,1,"METTL17","migrating","identity+mature",0.027,NA,NA,NA,NA
0.400778539954277,0.630304102531813,0.11,0.089,1,"SLC35F1","migrating","identity+mature",0.021,NA,NA,NA,NA
0.401356611791701,0.326463484027793,0.28,0.252,1,"WDR43","migrating","identity+mature",0.028,NA,NA,NA,NA
0.401388766027028,0.495794954800562,0.153,0.126,1,"SHANK2","migrating","identity+mature",0.027,NA,NA,NA,NA
0.401741667039318,0.448028342865827,0.203,0.176,1,"ZNF100","migrating","identity+mature",0.027,NA,NA,NA,NA
0.402951755087243,0.261546798001084,0.22,0.187,1,"GZF1","migrating","identity+mature",0.033,NA,NA,NA,NA
0.402997968671957,0.485967959182506,0.11,0.085,1,"C16orf58","migrating","identity+mature",0.025,NA,NA,NA,NA
0.403456323479421,0.549768170166657,0.136,0.111,1,"PRTG","migrating","identity+mature",0.025,NA,NA,NA,NA
0.403512700381812,0.861226247716471,0.102,0.082,1,"ODF2","migrating","identity+mature",0.02,NA,NA,NA,NA
0.403993520331444,0.481940639237792,0.144,0.119,1,"FBXO33","migrating","identity+mature",0.025,NA,NA,NA,NA
0.404158529965273,0.387082316384312,0.11,0.087,1,"HAS3","migrating","identity+mature",0.023,NA,NA,NA,NA
0.405780427145809,0.468570045154157,0.263,0.234,1,"PSMG1","migrating","identity+mature",0.029,NA,NA,NA,NA
0.407073596329556,0.295325022519167,0.229,0.195,1,"ITPA","migrating","identity+mature",0.034,NA,NA,NA,NA
0.407258072711459,0.312241923500049,0.297,0.256,1,"KYAT3","migrating","identity+mature",0.041,NA,NA,NA,NA
0.408222160883827,0.402306844702475,0.322,0.301,1,"ZNF681","migrating","identity+mature",0.021,NA,NA,NA,NA
0.409516986539747,0.650398249079797,0.169,0.145,1,"CACNA1E","migrating","identity+mature",0.024,NA,NA,NA,NA
0.409676222805464,0.372312201044946,0.22,0.197,1,"RFX7","migrating","identity+mature",0.023,NA,NA,NA,NA
0.409696766276155,0.535105641890693,0.102,0.08,1,"AC016727.1","migrating","identity+mature",0.022,NA,NA,NA,NA
0.409983462837464,0.32353208821052,0.356,0.341,1,"NBAS","migrating","identity+mature",0.015,NA,NA,NA,NA
0.41008871465066,0.322215001583007,0.237,0.215,1,"SHB","migrating","identity+mature",0.022,NA,NA,NA,NA
0.410621927431587,0.383650241712429,0.364,0.341,1,"BABAM1","migrating","identity+mature",0.023,NA,NA,NA,NA
0.410643565456437,0.69463679117579,0.119,0.096,1,"AC018647.2","migrating","identity+mature",0.023,NA,NA,NA,NA
0.410990560136042,0.574500866403445,0.169,0.145,1,"DDX41","migrating","identity+mature",0.024,NA,NA,NA,NA
0.411051243852139,0.304265439928026,0.178,0.15,1,"CDYL","migrating","identity+mature",0.028,NA,NA,NA,NA
0.411678231713092,0.419338617473116,0.331,0.31,1,"CCDC47","migrating","identity+mature",0.021,NA,NA,NA,NA
0.411883790330684,0.380974924720377,0.288,0.263,1,"PPP3R1","migrating","identity+mature",0.025,NA,NA,NA,NA
0.412000254911127,0.417865287697675,0.28,0.254,1,"ING1","migrating","identity+mature",0.026,NA,NA,NA,NA
0.412045079981743,0.656620424334613,0.119,0.098,1,"MRPL24","migrating","identity+mature",0.021,NA,NA,NA,NA
0.412988163836914,0.390512890530708,0.178,0.15,1,"NINL","migrating","identity+mature",0.028,NA,NA,NA,NA
0.414724712644855,0.461701566052188,0.144,0.121,1,"MALT1","migrating","identity+mature",0.023,NA,NA,NA,NA
0.414787882057901,0.789029832990583,0.144,0.122,1,"GPRASP2","migrating","identity+mature",0.022,NA,NA,NA,NA
0.414950040806939,0.321502926890555,0.195,0.167,1,"MIS12","migrating","identity+mature",0.028,NA,NA,NA,NA
0.415270327524721,0.426612535841526,0.22,0.195,1,"NEGR1","migrating","identity+mature",0.025,NA,NA,NA,NA
0.415977242724129,0.373188474073687,0.28,0.249,1,"RIMKLB","migrating","identity+mature",0.031,NA,NA,NA,NA
0.416340807783928,0.41661359487888,0.11,0.087,1,"MFSD13A","migrating","identity+mature",0.023,NA,NA,NA,NA
0.416988570122751,0.274948031539038,0.339,0.317,1,"LIN7A","migrating","identity+mature",0.022,NA,NA,NA,NA
0.417218220748982,0.344168013022867,0.136,0.109,1,"GALNS","migrating","identity+mature",0.027,NA,NA,NA,NA
0.417355879890197,0.330819147695262,0.237,0.208,1,"MRPS25","migrating","identity+mature",0.029,NA,NA,NA,NA
0.41738489973038,0.362787432505924,0.169,0.143,1,"AEBP2","migrating","identity+mature",0.026,NA,NA,NA,NA
0.417628480836517,0.34080300018186,0.161,0.134,1,"REXO2","migrating","identity+mature",0.027,NA,NA,NA,NA
0.41788343361076,0.336493149892648,0.169,0.143,1,"MEIS1","migrating","identity+mature",0.026,NA,NA,NA,NA
0.418123063760412,0.252268576744923,0.246,0.213,1,"FBXO16","migrating","identity+mature",0.033,NA,NA,NA,NA
0.419229778629867,0.369776914856207,0.229,0.2,1,"MAP3K4","migrating","identity+mature",0.029,NA,NA,NA,NA
0.419260592074685,0.45197912142038,0.102,0.08,1,"ZNF571","migrating","identity+mature",0.022,NA,NA,NA,NA
0.420224400874777,0.309679949250243,0.534,0.527,1,"TXNIP","migrating","identity+mature",0.00700000000000001,NA,NA,NA,NA
0.420385453004986,0.611529557349548,0.136,0.113,1,"DELE1","migrating","identity+mature",0.023,NA,NA,NA,NA
0.421150049252839,0.425773284698587,0.127,0.102,1,"BCOR","migrating","identity+mature",0.025,NA,NA,NA,NA
0.421165879300179,0.31081457227348,0.364,0.347,1,"ZNF626","migrating","identity+mature",0.017,NA,NA,NA,NA
0.421174248860453,0.296640823128558,0.373,0.356,1,"TMEM196","migrating","identity+mature",0.017,NA,NA,NA,NA
0.422073253241461,0.470050515939424,0.153,0.13,1,"WDR75","migrating","identity+mature",0.023,NA,NA,NA,NA
0.422586178690915,0.556805847060366,0.11,0.089,1,"MAPKBP1","migrating","identity+mature",0.021,NA,NA,NA,NA
0.422744321063612,0.307177204764515,0.237,0.208,1,"HBP1","migrating","identity+mature",0.029,NA,NA,NA,NA
0.422868380613464,0.392057860076514,0.169,0.141,1,"AC078846.1","migrating","identity+mature",0.028,NA,NA,NA,NA
0.422983174526064,0.463103119248909,0.229,0.206,1,"PCIF1","migrating","identity+mature",0.023,NA,NA,NA,NA
0.423071135066345,0.945787145836447,0.186,0.165,1,"USP27X","migrating","identity+mature",0.021,NA,NA,NA,NA
0.424220762220708,0.434709567294215,0.39,0.36,1,"HIST1H1E","migrating","identity+mature",0.03,NA,NA,NA,NA
0.424393558774501,0.528203958136631,0.169,0.145,1,"GPATCH1","migrating","identity+mature",0.024,NA,NA,NA,NA
0.42468439371494,0.25970644302975,0.246,0.215,1,"ATG101","migrating","identity+mature",0.031,NA,NA,NA,NA
0.425175511329663,0.482337092853041,0.178,0.156,1,"ZNF581","migrating","identity+mature",0.022,NA,NA,NA,NA
0.425273634932378,0.398427435036142,0.271,0.249,1,"UTP18","migrating","identity+mature",0.022,NA,NA,NA,NA
0.425389636598677,0.272012998286187,0.237,0.215,1,"CCS","migrating","identity+mature",0.022,NA,NA,NA,NA
0.425699634585188,0.377298663942895,0.203,0.174,1,"LRRIQ1","migrating","identity+mature",0.029,NA,NA,NA,NA
0.426153725405363,0.384107658687787,0.246,0.228,1,"PUDP","migrating","identity+mature",0.018,NA,NA,NA,NA
0.426412277725537,0.363987155023711,0.169,0.143,1,"NLK","migrating","identity+mature",0.026,NA,NA,NA,NA
0.426747422074709,0.307198669773558,0.136,0.109,1,"BICD2","migrating","identity+mature",0.027,NA,NA,NA,NA
0.426864122344497,0.315655460044102,0.11,0.087,1,"GSTZ1","migrating","identity+mature",0.023,NA,NA,NA,NA
0.427104431121977,0.341364801149679,0.144,0.121,1,"GTF2IRD2","migrating","identity+mature",0.023,NA,NA,NA,NA
0.427655107718736,0.262374901193732,0.237,0.212,1,"ERVK3-1","migrating","identity+mature",0.025,NA,NA,NA,NA
0.428304184143266,0.380715530835468,0.102,0.08,1,"AC100810.1","migrating","identity+mature",0.022,NA,NA,NA,NA
0.428377574066431,0.623270386057893,0.169,0.147,1,"EVI5","migrating","identity+mature",0.022,NA,NA,NA,NA
0.429385783832898,0.537947799283906,0.11,0.089,1,"FAM120A","migrating","identity+mature",0.021,NA,NA,NA,NA
0.430328676711135,0.272202158607771,0.432,0.43,1,"PCMTD2","migrating","identity+mature",0.002,NA,NA,NA,NA
0.430939949945691,0.426250826500628,0.11,0.089,1,"TARS2","migrating","identity+mature",0.021,NA,NA,NA,NA
0.431920024992879,0.278010137871266,0.161,0.135,1,"ZNF140","migrating","identity+mature",0.026,NA,NA,NA,NA
0.431940651810652,0.314167055686252,0.28,0.26,1,"TARSL2","migrating","identity+mature",0.02,NA,NA,NA,NA
0.432743849740644,0.384697516436704,0.161,0.137,1,"ENTR1","migrating","identity+mature",0.024,NA,NA,NA,NA
0.43278869149525,0.305153787140461,0.178,0.152,1,"CLIC4","migrating","identity+mature",0.026,NA,NA,NA,NA
0.43287090205854,0.344701069806618,0.203,0.176,1,"GATC","migrating","identity+mature",0.027,NA,NA,NA,NA
0.43414929510252,0.760684822468646,0.169,0.152,1,"CRNDE","migrating","identity+mature",0.017,NA,NA,NA,NA
0.434231820191269,0.389277001390323,0.229,0.2,1,"WRNIP1","migrating","identity+mature",0.029,NA,NA,NA,NA
0.43456920307056,0.291288213174871,0.314,0.291,1,"NUDT2","migrating","identity+mature",0.023,NA,NA,NA,NA
0.435802091313975,0.270934889698027,0.229,0.199,1,"STK16","migrating","identity+mature",0.03,NA,NA,NA,NA
0.436102656935752,0.373304955854177,0.347,0.327,1,"CASC3","migrating","identity+mature",0.02,NA,NA,NA,NA
0.436131340338344,0.428158704998625,0.28,0.256,1,"CPT1C","migrating","identity+mature",0.024,NA,NA,NA,NA
0.436271276854156,0.256341174124292,0.178,0.152,1,"MTERF2","migrating","identity+mature",0.026,NA,NA,NA,NA
0.437314667401544,0.411877906067727,0.119,0.095,1,"AL021368.2","migrating","identity+mature",0.024,NA,NA,NA,NA
0.437442635270619,0.29159719807634,0.085,0.113,1,"RNF19B","migrating","identity+mature",-0.028,NA,NA,NA,NA
0.438819366072427,0.293096982250071,0.432,0.434,1,"RAP1GDS1","migrating","identity+mature",-0.002,NA,NA,NA,NA
0.43979203290076,0.686341590225029,0.127,0.104,1,"AC114316.2","migrating","identity+mature",0.023,NA,NA,NA,NA
0.441588300187136,0.640081985426324,0.22,0.204,1,"PITPNM1","migrating","identity+mature",0.016,NA,NA,NA,NA
0.441853682984077,0.379632423686664,0.127,0.104,1,"DCAF8","migrating","identity+mature",0.023,NA,NA,NA,NA
0.441853699612731,0.333136491478122,0.127,0.104,1,"ERCC2","migrating","identity+mature",0.023,NA,NA,NA,NA
0.441937183378412,0.749294451896775,0.169,0.148,1,"KHDRBS2","migrating","identity+mature",0.021,NA,NA,NA,NA
0.442673537583028,0.272492486245123,0.263,0.23,1,"DENND1B","migrating","identity+mature",0.033,NA,NA,NA,NA
0.443409962617319,0.626361640355653,0.136,0.113,1,"XPO5","migrating","identity+mature",0.023,NA,NA,NA,NA
0.443614983908118,0.352977567872511,0.178,0.154,1,"C6orf47","migrating","identity+mature",0.024,NA,NA,NA,NA
0.444555371319491,0.462892439094206,0.229,0.208,1,"SDHAF2","migrating","identity+mature",0.021,NA,NA,NA,NA
0.444804739764538,0.282323151621303,0.169,0.143,1,"SARNP","migrating","identity+mature",0.026,NA,NA,NA,NA
0.446144727365411,0.452365594294176,0.169,0.147,1,"ADAT1","migrating","identity+mature",0.022,NA,NA,NA,NA
0.446239269297751,0.381190277746049,0.22,0.195,1,"C1orf53","migrating","identity+mature",0.025,NA,NA,NA,NA
0.446535915978423,0.885292384496092,0.119,0.1,1,"RBMS1","migrating","identity+mature",0.019,NA,NA,NA,NA
0.44849291772687,0.267438947058351,0.186,0.16,1,"PPP1R12B","migrating","identity+mature",0.026,NA,NA,NA,NA
0.449201797437845,0.377281578838722,0.297,0.278,1,"MEGF9","migrating","identity+mature",0.019,NA,NA,NA,NA
0.449232532831954,0.424370354762717,0.153,0.13,1,"CLCN5","migrating","identity+mature",0.023,NA,NA,NA,NA
0.449729867700016,0.327730558777195,0.483,0.462,1,"PPIP5K2","migrating","identity+mature",0.021,NA,NA,NA,NA
0.450460649926389,0.524972073456228,0.102,0.082,1,"BRPF1","migrating","identity+mature",0.02,NA,NA,NA,NA
0.450805776174143,0.422651135330407,0.178,0.15,1,"FAM98A","migrating","identity+mature",0.028,NA,NA,NA,NA
0.452092393521197,0.451307976764692,0.119,0.096,1,"AIMP2","migrating","identity+mature",0.023,NA,NA,NA,NA
0.452165120796505,0.286855953219747,0.483,0.484,1,"LMAN1","migrating","identity+mature",-0.001,NA,NA,NA,NA
0.452204122675032,0.259853279866558,0.297,0.276,1,"ACTL6A","migrating","identity+mature",0.021,NA,NA,NA,NA
0.452883639390049,0.288579562988552,0.136,0.111,1,"C6orf120","migrating","identity+mature",0.025,NA,NA,NA,NA
0.453224358092929,0.520023165345191,0.161,0.137,1,"HPCAL4","migrating","identity+mature",0.024,NA,NA,NA,NA
0.454108703994628,0.546433479762585,0.195,0.169,1,"NAA60","migrating","identity+mature",0.026,NA,NA,NA,NA
0.454197202267878,0.640935640457322,0.203,0.182,1,"ENOX2","migrating","identity+mature",0.021,NA,NA,NA,NA
0.454533659976844,0.7725606115292,0.127,0.108,1,"MBP","migrating","identity+mature",0.019,NA,NA,NA,NA
0.454820274638284,0.367975026450916,0.212,0.189,1,"EIF3J-DT","migrating","identity+mature",0.023,NA,NA,NA,NA
0.456681166510345,0.287207756200629,0.229,0.204,1,"TIMM22","migrating","identity+mature",0.025,NA,NA,NA,NA
0.457046480200463,0.338080781870775,0.119,0.096,1,"BRF1","migrating","identity+mature",0.023,NA,NA,NA,NA
0.457916281569825,0.320555824094762,0.195,0.171,1,"NECTIN2","migrating","identity+mature",0.024,NA,NA,NA,NA
0.458463824299955,0.608337423191835,0.102,0.082,1,"C1orf194","migrating","identity+mature",0.02,NA,NA,NA,NA
0.459049803034698,0.476917736894886,0.153,0.13,1,"CSRNP2","migrating","identity+mature",0.023,NA,NA,NA,NA
0.459455964589456,0.471350117382176,0.144,0.124,1,"AL078639.1","migrating","identity+mature",0.02,NA,NA,NA,NA
0.459549950004138,0.52584259541481,0.11,0.091,1,"EXOSC2","migrating","identity+mature",0.019,NA,NA,NA,NA
0.46047349824057,0.299806850444929,0.212,0.186,1,"PCID2","migrating","identity+mature",0.026,NA,NA,NA,NA
0.460818929477717,0.37042674058075,0.347,0.327,1,"AKR1A1","migrating","identity+mature",0.02,NA,NA,NA,NA
0.46202763316355,0.393607624204941,0.322,0.304,1,"ZNF429","migrating","identity+mature",0.018,NA,NA,NA,NA
0.462386025355617,0.314768590034854,0.297,0.273,1,"CHEK1","migrating","identity+mature",0.024,NA,NA,NA,NA
0.462415642016342,0.251977543943358,0.653,0.666,1,"PHIP","migrating","identity+mature",-0.013,NA,NA,NA,NA
0.46367457050646,0.370669995013806,0.11,0.089,1,"METTL13","migrating","identity+mature",0.021,NA,NA,NA,NA
0.463795694481325,0.365450192557499,0.119,0.098,1,"CPD","migrating","identity+mature",0.021,NA,NA,NA,NA
0.465161505480426,0.409781769697809,0.119,0.096,1,"PRR13","migrating","identity+mature",0.023,NA,NA,NA,NA
0.465496234927608,0.569049975561812,0.161,0.145,1,"INTS8","migrating","identity+mature",0.016,NA,NA,NA,NA
0.466721095493668,0.396024672791673,0.153,0.132,1,"PSPH","migrating","identity+mature",0.021,NA,NA,NA,NA
0.466731044732977,0.269389912184241,0.254,0.234,1,"ACTR8","migrating","identity+mature",0.02,NA,NA,NA,NA
0.468161556608622,0.38186122628585,0.119,0.098,1,"MIF4GD","migrating","identity+mature",0.021,NA,NA,NA,NA
0.470676654039195,0.463918000456885,0.127,0.108,1,"PRKAB2","migrating","identity+mature",0.019,NA,NA,NA,NA
0.473155133848735,0.47189131676769,0.195,0.176,1,"B3GALT2","migrating","identity+mature",0.019,NA,NA,NA,NA
0.473988685187684,0.272391393703024,0.246,0.224,1,"TCOF1","migrating","identity+mature",0.022,NA,NA,NA,NA
0.475288738458793,0.566248507937951,0.144,0.124,1,"SNHG15","migrating","identity+mature",0.02,NA,NA,NA,NA
0.475892438041197,0.323925198068511,0.178,0.152,1,"RNF40","migrating","identity+mature",0.026,NA,NA,NA,NA
0.476979286163872,0.316289274042073,0.415,0.378,1,"ABCF1","migrating","identity+mature",0.037,NA,NA,NA,NA
0.477744638638625,0.565233282698437,0.161,0.143,1,"SMCR5","migrating","identity+mature",0.018,NA,NA,NA,NA
0.478103414040766,0.258084852965918,0.203,0.182,1,"HIST1H2AE","migrating","identity+mature",0.021,NA,NA,NA,NA
0.478141743768732,0.2795142841943,0.356,0.336,1,"HMGXB4","migrating","identity+mature",0.02,NA,NA,NA,NA
0.478263492336339,0.668619739838534,0.102,0.083,1,"IPO9-AS1","migrating","identity+mature",0.019,NA,NA,NA,NA
0.478538077722094,0.360499426067819,0.229,0.208,1,"CCDC137","migrating","identity+mature",0.021,NA,NA,NA,NA
0.4795427941755,0.711366461281775,0.144,0.126,1,"GPRC5B","migrating","identity+mature",0.018,NA,NA,NA,NA
0.479615199441037,0.266787519551929,0.636,0.636,1,"NDUFB6","migrating","identity+mature",0,NA,NA,NA,NA
0.479882633423996,0.551672952711545,0.186,0.169,1,"ST3GAL5","migrating","identity+mature",0.017,NA,NA,NA,NA
0.480051344818699,0.315274856417714,0.11,0.089,1,"PPIL6","migrating","identity+mature",0.021,NA,NA,NA,NA
0.480179622687095,0.2851732303464,0.407,0.406,1,"C12orf45","migrating","identity+mature",0.000999999999999945,NA,NA,NA,NA
0.481073063852666,0.297984162523177,0.203,0.18,1,"SPDL1","migrating","identity+mature",0.023,NA,NA,NA,NA
0.481079622581629,0.326961857791771,0.127,0.106,1,"ZDHHC15","migrating","identity+mature",0.021,NA,NA,NA,NA
0.482402962347834,0.263345407721638,0.466,0.469,1,"TAF15","migrating","identity+mature",-0.00299999999999995,NA,NA,NA,NA
0.482534196401931,0.311945073186319,0.356,0.347,1,"AL450998.2","migrating","identity+mature",0.00900000000000001,NA,NA,NA,NA
0.482768882526271,0.39457944000688,0.203,0.182,1,"SMIM13","migrating","identity+mature",0.021,NA,NA,NA,NA
0.483659898230056,0.595409442681242,0.119,0.1,1,"MED15","migrating","identity+mature",0.019,NA,NA,NA,NA
0.484285039059699,0.269196400094409,0.195,0.171,1,"REPS1","migrating","identity+mature",0.024,NA,NA,NA,NA
0.484329369319168,0.313289152121352,0.271,0.256,1,"PTPRS","migrating","identity+mature",0.015,NA,NA,NA,NA
0.486193059435701,0.527467595429969,0.119,0.1,1,"CEMIP2","migrating","identity+mature",0.019,NA,NA,NA,NA
0.486689301073816,0.321805753381331,0.11,0.089,1,"IGSF8","migrating","identity+mature",0.021,NA,NA,NA,NA
0.487131191771041,0.531018234126109,0.127,0.108,1,"SORBS1","migrating","identity+mature",0.019,NA,NA,NA,NA
0.487178187280477,0.394496273998965,0.339,0.323,1,"LINC00685","migrating","identity+mature",0.016,NA,NA,NA,NA
0.487563871810396,0.293319703678456,0.11,0.091,1,"HSCB","migrating","identity+mature",0.019,NA,NA,NA,NA
0.488288663244658,0.422397744920166,0.144,0.122,1,"WWP1","migrating","identity+mature",0.022,NA,NA,NA,NA
0.489178880526214,0.400908260011582,0.305,0.291,1,"ADAM10","migrating","identity+mature",0.014,NA,NA,NA,NA
0.489209891088052,0.451127027392008,0.339,0.336,1,"GSK3A","migrating","identity+mature",0.003,NA,NA,NA,NA
0.4893513009232,0.27118119907552,0.263,0.241,1,"DCHS1","migrating","identity+mature",0.022,NA,NA,NA,NA
0.490427124961492,0.334697895304013,0.136,0.117,1,"FAM234B","migrating","identity+mature",0.019,NA,NA,NA,NA
0.491612179867888,0.757952921176334,0.119,0.098,1,"RAI14","migrating","identity+mature",0.021,NA,NA,NA,NA
0.491790240079364,0.28225853381765,0.254,0.232,1,"FBRSL1","migrating","identity+mature",0.022,NA,NA,NA,NA
0.49206560763379,0.542399654907771,0.127,0.108,1,"CCDC22","migrating","identity+mature",0.019,NA,NA,NA,NA
0.492705597827928,0.307476398938867,0.11,0.089,1,"HDAC9","migrating","identity+mature",0.021,NA,NA,NA,NA
0.493019471800936,0.4274845600494,0.161,0.141,1,"LARP4B","migrating","identity+mature",0.02,NA,NA,NA,NA
0.493540818080008,0.295596086002195,0.119,0.098,1,"LIPE-AS1","migrating","identity+mature",0.021,NA,NA,NA,NA
0.49379272024322,0.497420137380912,0.212,0.187,1,"A1BG","migrating","identity+mature",0.025,NA,NA,NA,NA
0.493863469917085,0.33269661981363,0.297,0.286,1,"ZNF827","migrating","identity+mature",0.011,NA,NA,NA,NA
0.494106822445278,0.280478569861428,0.161,0.137,1,"PACRG","migrating","identity+mature",0.024,NA,NA,NA,NA
0.494749381490391,0.566109208146351,0.102,0.083,1,"TUBD1","migrating","identity+mature",0.019,NA,NA,NA,NA
0.495023664193937,0.26487062686776,0.212,0.187,1,"MCAT","migrating","identity+mature",0.025,NA,NA,NA,NA
0.495302046020407,0.347236918610205,0.144,0.122,1,"DZIP1","migrating","identity+mature",0.022,NA,NA,NA,NA
0.495664201109482,0.324874021864693,0.144,0.126,1,"MTFMT","migrating","identity+mature",0.018,NA,NA,NA,NA
0.495708278654771,0.286302484916603,0.169,0.15,1,"TMEM80","migrating","identity+mature",0.019,NA,NA,NA,NA
0.49664147280137,0.310898207928932,0.347,0.34,1,"ILKAP","migrating","identity+mature",0.00699999999999995,NA,NA,NA,NA
0.496809971480076,0.537855344935231,0.195,0.18,1,"CARD19","migrating","identity+mature",0.015,NA,NA,NA,NA
0.497349021270457,0.31069149483374,0.271,0.25,1,"HIST2H2BE","migrating","identity+mature",0.021,NA,NA,NA,NA
0.49735267043214,0.365775773699761,0.331,0.317,1,"GGPS1","migrating","identity+mature",0.014,NA,NA,NA,NA
0.497687304451322,0.548885851468004,0.212,0.202,1,"TRUB2","migrating","identity+mature",0.00999999999999998,NA,NA,NA,NA
0.498069306007169,0.276940095532701,0.203,0.178,1,"ABCB7","migrating","identity+mature",0.025,NA,NA,NA,NA
0.498275221284933,0.251702215224472,0.254,0.234,1,"KCTD17","migrating","identity+mature",0.02,NA,NA,NA,NA
0.498980025676192,0.602739898805242,0.11,0.093,1,"AC002310.1","migrating","identity+mature",0.017,NA,NA,NA,NA
0.499302578171045,0.323886122161934,0.263,0.25,1,"RHNO1","migrating","identity+mature",0.013,NA,NA,NA,NA
0.499883701491003,0.695824000651714,0.102,0.085,1,"INTS7","migrating","identity+mature",0.017,NA,NA,NA,NA
0.500647090593879,0.433539953187422,0.119,0.098,1,"WDR3","migrating","identity+mature",0.021,NA,NA,NA,NA
0.501236643427617,0.402536384747005,0.195,0.176,1,"CENPT","migrating","identity+mature",0.019,NA,NA,NA,NA
0.50230711863803,0.448093008859271,0.102,0.085,1,"AC009113.1","migrating","identity+mature",0.017,NA,NA,NA,NA
0.502340555740958,0.262717988067647,0.186,0.16,1,"SETD9","migrating","identity+mature",0.026,NA,NA,NA,NA
0.503183342537325,0.261621330925226,0.39,0.371,1,"TSEN34","migrating","identity+mature",0.019,NA,NA,NA,NA
0.503246328760768,0.43921528148622,0.144,0.126,1,"SHMT2","migrating","identity+mature",0.018,NA,NA,NA,NA
0.5035545076905,0.274947464587226,0.458,0.468,1,"RAB21","migrating","identity+mature",-0.01,NA,NA,NA,NA
0.503809456348012,0.354435729051926,0.169,0.147,1,"PEX26","migrating","identity+mature",0.022,NA,NA,NA,NA
0.503820499139107,0.281557078418073,0.424,0.417,1,"ARMH4","migrating","identity+mature",0.00700000000000001,NA,NA,NA,NA
0.50516602094004,0.481167234649735,0.169,0.154,1,"SRBD1","migrating","identity+mature",0.015,NA,NA,NA,NA
0.505435106493218,0.29822223541753,0.22,0.2,1,"BMI1","migrating","identity+mature",0.02,NA,NA,NA,NA
0.506885319384933,0.4277473569372,0.229,0.21,1,"NUAK1","migrating","identity+mature",0.019,NA,NA,NA,NA
0.507028322194594,0.428798330012853,0.127,0.108,1,"ZNF329","migrating","identity+mature",0.019,NA,NA,NA,NA
0.507109550279651,0.267755965447284,0.144,0.122,1,"SETDB2","migrating","identity+mature",0.022,NA,NA,NA,NA
0.507304371570296,0.267878022422928,0.195,0.171,1,"AAGAB","migrating","identity+mature",0.024,NA,NA,NA,NA
0.50769144159675,0.743563104069066,0.102,0.087,1,"RAB15","migrating","identity+mature",0.015,NA,NA,NA,NA
0.508889917263792,0.298645328868144,0.297,0.263,1,"ZNF71","migrating","identity+mature",0.034,NA,NA,NA,NA
0.509672775406302,0.457353588376207,0.11,0.091,1,"SLC50A1","migrating","identity+mature",0.019,NA,NA,NA,NA
0.509726833237322,0.316470684441427,0.169,0.148,1,"ERCC3","migrating","identity+mature",0.021,NA,NA,NA,NA
0.510704816989874,0.339384613208269,0.136,0.115,1,"HKR1","migrating","identity+mature",0.021,NA,NA,NA,NA
0.51080508424412,0.269194379116775,0.229,0.202,1,"FRY","migrating","identity+mature",0.027,NA,NA,NA,NA
0.511479705260331,0.383137207043431,0.144,0.126,1,"PI4KB","migrating","identity+mature",0.018,NA,NA,NA,NA
0.512201121668451,0.313906614933871,0.331,0.315,1,"ZMYND8","migrating","identity+mature",0.016,NA,NA,NA,NA
0.51400816505914,0.716679379184309,0.119,0.102,1,"AGK","migrating","identity+mature",0.017,NA,NA,NA,NA
0.515379153420324,0.543734989485258,0.144,0.128,1,"TMEM181","migrating","identity+mature",0.016,NA,NA,NA,NA
0.51587237929178,0.316410105400598,0.246,0.224,1,"TSFM","migrating","identity+mature",0.022,NA,NA,NA,NA
0.516869069967129,0.363082645599996,0.229,0.213,1,"TRAPPC9","migrating","identity+mature",0.016,NA,NA,NA,NA
0.516895253660866,0.416779830966296,0.136,0.119,1,"PCED1A","migrating","identity+mature",0.017,NA,NA,NA,NA
0.517649978940548,0.308794885420384,0.136,0.117,1,"DIO3","migrating","identity+mature",0.019,NA,NA,NA,NA
0.518262255863639,0.557509236059239,0.153,0.135,1,"WDR12","migrating","identity+mature",0.018,NA,NA,NA,NA
0.518475351523431,0.319521855698644,0.11,0.093,1,"LZTS3","migrating","identity+mature",0.017,NA,NA,NA,NA
0.518586845678692,0.423903369619691,0.254,0.236,1,"XKR6","migrating","identity+mature",0.018,NA,NA,NA,NA
0.518855718855639,0.262582414167015,0.347,0.345,1,"FSD1L","migrating","identity+mature",0.002,NA,NA,NA,NA
0.519308787643942,0.371643248768671,0.186,0.165,1,"CEP70","migrating","identity+mature",0.021,NA,NA,NA,NA
0.519348099885646,0.303426129625624,0.229,0.212,1,"FBRS","migrating","identity+mature",0.017,NA,NA,NA,NA
0.519520355944908,0.267440071986167,0.203,0.184,1,"LRP8","migrating","identity+mature",0.019,NA,NA,NA,NA
0.520962062640081,0.337520218790101,0.119,0.098,1,"DXO","migrating","identity+mature",0.021,NA,NA,NA,NA
0.520998524076737,0.485336253636008,0.331,0.315,1,"PDZD4","migrating","identity+mature",0.016,NA,NA,NA,NA
0.521007375272899,0.401777231760964,0.254,0.239,1,"UGGT1","migrating","identity+mature",0.015,NA,NA,NA,NA
0.521567042107354,0.324087998749997,0.28,0.254,1,"APIP","migrating","identity+mature",0.026,NA,NA,NA,NA
0.522577590975079,0.27348578334328,0.246,0.226,1,"FOXK2","migrating","identity+mature",0.02,NA,NA,NA,NA
0.522623358389565,0.760132325930264,0.102,0.085,1,"CHUK","migrating","identity+mature",0.017,NA,NA,NA,NA
0.523239415471222,0.381968657436604,0.11,0.093,1,"AC021504.1","migrating","identity+mature",0.017,NA,NA,NA,NA
0.523932232821621,0.396889208870014,0.144,0.124,1,"MCUB","migrating","identity+mature",0.02,NA,NA,NA,NA
0.525039256238251,0.360861840779462,0.136,0.117,1,"STX10","migrating","identity+mature",0.019,NA,NA,NA,NA
0.526173285712608,0.518031618774676,0.153,0.134,1,"AKAP1","migrating","identity+mature",0.019,NA,NA,NA,NA
0.526339331735475,0.261543220775805,0.144,0.124,1,"ZNF34","migrating","identity+mature",0.02,NA,NA,NA,NA
0.52798591069738,0.385816150353701,0.127,0.108,1,"AC137767.1","migrating","identity+mature",0.019,NA,NA,NA,NA
0.529339838151303,0.273655833261438,0.356,0.343,1,"DGCR6L","migrating","identity+mature",0.013,NA,NA,NA,NA
0.529562702388715,0.298949866606783,0.288,0.275,1,"GALNT2","migrating","identity+mature",0.013,NA,NA,NA,NA
0.531023991522013,0.503262890226665,0.119,0.104,1,"CRLS1","migrating","identity+mature",0.015,NA,NA,NA,NA
0.531716736813835,0.526299684792606,0.161,0.143,1,"TRIM41","migrating","identity+mature",0.018,NA,NA,NA,NA
0.532198995956913,0.304747105973865,0.212,0.193,1,"RBCK1","migrating","identity+mature",0.019,NA,NA,NA,NA
0.532253309386402,0.387880342138933,0.136,0.119,1,"TIGD1","migrating","identity+mature",0.017,NA,NA,NA,NA
0.533168595273301,0.323304858658307,0.203,0.186,1,"SMUG1","migrating","identity+mature",0.017,NA,NA,NA,NA
0.533327552002494,0.289880966441924,0.195,0.176,1,"TRAP1","migrating","identity+mature",0.019,NA,NA,NA,NA
0.533343819823367,0.664124765463658,0.127,0.109,1,"SCLT1","migrating","identity+mature",0.018,NA,NA,NA,NA
0.533375017278608,0.250062274615442,0.297,0.286,1,"MRPL40","migrating","identity+mature",0.011,NA,NA,NA,NA
0.5350265865601,0.319792707520794,0.178,0.156,1,"MIS18A","migrating","identity+mature",0.022,NA,NA,NA,NA
0.535896221123055,0.344938753328197,0.237,0.217,1,"TMED8","migrating","identity+mature",0.02,NA,NA,NA,NA
0.536585147943456,0.295120833293253,0.356,0.338,1,"ZCCHC3","migrating","identity+mature",0.018,NA,NA,NA,NA
0.536876512582029,0.442513320118148,0.102,0.085,1,"TPPP3","migrating","identity+mature",0.017,NA,NA,NA,NA
0.537670753666572,0.462471606556905,0.22,0.197,1,"ANKRD36B","migrating","identity+mature",0.023,NA,NA,NA,NA
0.541190256256237,0.512171968594067,0.102,0.085,1,"LYRM9","migrating","identity+mature",0.017,NA,NA,NA,NA
0.541930616675159,0.484250898576799,0.153,0.132,1,"MZF1","migrating","identity+mature",0.021,NA,NA,NA,NA
0.54205684948601,0.349485039247106,0.144,0.126,1,"PCDHB9","migrating","identity+mature",0.018,NA,NA,NA,NA
0.542293849256491,0.291343837565955,0.229,0.215,1,"TPST1","migrating","identity+mature",0.014,NA,NA,NA,NA
0.54269921233578,0.25423294515087,0.195,0.232,1,"AKAP17A","migrating","identity+mature",-0.037,NA,NA,NA,NA
0.543217240844972,0.304810240791205,0.161,0.143,1,"ARSD","migrating","identity+mature",0.018,NA,NA,NA,NA
0.543397135214618,0.372350589748773,0.153,0.135,1,"TCHP","migrating","identity+mature",0.018,NA,NA,NA,NA
0.544999254740004,0.286005460874048,0.347,0.315,1,"DLG3","migrating","identity+mature",0.032,NA,NA,NA,NA
0.54547339537322,0.264145035835291,0.271,0.252,1,"PLEKHB2","migrating","identity+mature",0.019,NA,NA,NA,NA
0.54752645701085,0.275103964393733,0.136,0.117,1,"GNE","migrating","identity+mature",0.019,NA,NA,NA,NA
0.547657180418903,0.397926196761631,0.195,0.178,1,"LINC00665","migrating","identity+mature",0.017,NA,NA,NA,NA
0.547796435669239,0.594839129635955,0.11,0.095,1,"FARS2","migrating","identity+mature",0.015,NA,NA,NA,NA
0.548230573887084,0.26125281116151,0.254,0.236,1,"RAB30","migrating","identity+mature",0.018,NA,NA,NA,NA
0.548770158329427,0.418453062067763,0.229,0.212,1,"TET3","migrating","identity+mature",0.017,NA,NA,NA,NA
0.549013574542638,0.489797317191301,0.161,0.143,1,"ABCA1","migrating","identity+mature",0.018,NA,NA,NA,NA
0.54949290499218,0.337827606194114,0.127,0.109,1,"KCTD2","migrating","identity+mature",0.018,NA,NA,NA,NA
0.549994354937419,0.530420854755457,0.144,0.126,1,"LINC00672","migrating","identity+mature",0.018,NA,NA,NA,NA
0.550073083090898,0.522426706250495,0.102,0.087,1,"PLPP1","migrating","identity+mature",0.015,NA,NA,NA,NA
0.550823360360382,0.29356503695897,0.237,0.289,1,"STOX2","migrating","identity+mature",-0.052,NA,NA,NA,NA
0.551338818846112,0.427323434016563,0.178,0.158,1,"UTP3","migrating","identity+mature",0.02,NA,NA,NA,NA
0.551767271416968,0.293432873579427,0.178,0.163,1,"MRPS18A","migrating","identity+mature",0.015,NA,NA,NA,NA
0.552448133615696,0.387734458811891,0.144,0.126,1,"DRAM2","migrating","identity+mature",0.018,NA,NA,NA,NA
0.553063243936344,0.37438944400889,0.161,0.147,1,"CRTC3","migrating","identity+mature",0.014,NA,NA,NA,NA
0.55318012271106,0.336435987758023,0.186,0.167,1,"ZNF576","migrating","identity+mature",0.019,NA,NA,NA,NA
0.553263442019828,0.373632605446261,0.246,0.226,1,"MAST1","migrating","identity+mature",0.02,NA,NA,NA,NA
0.553363114328777,0.268357913352958,0.314,0.312,1,"ZFP37","migrating","identity+mature",0.002,NA,NA,NA,NA
0.553856366656316,0.357871951496163,0.136,0.117,1,"RXRB","migrating","identity+mature",0.019,NA,NA,NA,NA
0.553954367121877,0.482872577884547,0.161,0.145,1,"SLC12A2","migrating","identity+mature",0.016,NA,NA,NA,NA
0.554282021000713,0.256998854179809,0.288,0.28,1,"DIDO1","migrating","identity+mature",0.00799999999999995,NA,NA,NA,NA
0.55476761604549,0.366823758112096,0.136,0.119,1,"AC009403.1","migrating","identity+mature",0.017,NA,NA,NA,NA
0.555447771509646,0.547189160187783,0.11,0.095,1,"COPS7A","migrating","identity+mature",0.015,NA,NA,NA,NA
0.555720700980311,0.373919340291803,0.161,0.141,1,"KCTD1","migrating","identity+mature",0.02,NA,NA,NA,NA
0.556019370777296,0.431334848427664,0.127,0.109,1,"AC005332.5","migrating","identity+mature",0.018,NA,NA,NA,NA
0.556769396492311,0.410318478625155,0.203,0.189,1,"CAB39L","migrating","identity+mature",0.014,NA,NA,NA,NA
0.557554472447517,0.27275033868629,0.288,0.276,1,"CCDC30","migrating","identity+mature",0.012,NA,NA,NA,NA
0.557844422710959,0.451487097265734,0.212,0.193,1,"DPH5","migrating","identity+mature",0.019,NA,NA,NA,NA
0.558772669621816,0.505248197684023,0.186,0.171,1,"ZNF330","migrating","identity+mature",0.015,NA,NA,NA,NA
0.559125760960673,0.270137600810711,0.169,0.152,1,"CCNT1","migrating","identity+mature",0.017,NA,NA,NA,NA
0.560298375447829,0.961250327556017,0.102,0.089,1,"EPHB6","migrating","identity+mature",0.013,NA,NA,NA,NA
0.560556062992903,0.44326258178678,0.322,0.321,1,"ARMC10","migrating","identity+mature",0.001,NA,NA,NA,NA
0.560733147611189,0.672280427126967,0.153,0.139,1,"RASA2","migrating","identity+mature",0.014,NA,NA,NA,NA
0.56139687013657,0.294627969646081,0.22,0.2,1,"ZBTB43","migrating","identity+mature",0.02,NA,NA,NA,NA
0.56241985182551,0.296146281950486,0.398,0.397,1,"DPM3","migrating","identity+mature",0.001,NA,NA,NA,NA
0.56243753335021,0.526030612645786,0.169,0.154,1,"DIRAS1","migrating","identity+mature",0.015,NA,NA,NA,NA
0.562832762512701,0.273349408183742,0.288,0.265,1,"MAEA","migrating","identity+mature",0.023,NA,NA,NA,NA
0.563877120802829,0.368632150717473,0.161,0.145,1,"SLC39A1","migrating","identity+mature",0.016,NA,NA,NA,NA
0.564000388723389,0.335298969432056,0.331,0.327,1,"MINDY3","migrating","identity+mature",0.004,NA,NA,NA,NA
0.564577809623836,0.471413926363963,0.102,0.087,1,"SAP130","migrating","identity+mature",0.015,NA,NA,NA,NA
0.564698799617931,0.35027610655775,0.136,0.117,1,"TAF1B","migrating","identity+mature",0.019,NA,NA,NA,NA
0.565833195239136,0.563162812020683,0.144,0.128,1,"NCK1-DT","migrating","identity+mature",0.016,NA,NA,NA,NA
0.566038343223048,0.465623289921136,0.102,0.087,1,"STON2","migrating","identity+mature",0.015,NA,NA,NA,NA
0.566697193658938,0.550823769725904,0.169,0.158,1,"SLC52A2","migrating","identity+mature",0.011,NA,NA,NA,NA
0.567208351514087,0.304454428845499,0.195,0.178,1,"FAM189B","migrating","identity+mature",0.017,NA,NA,NA,NA
0.567389242074717,0.250581927880745,0.28,0.265,1,"MRPL23","migrating","identity+mature",0.015,NA,NA,NA,NA
0.569473445958629,0.287053117006168,0.203,0.182,1,"LTA4H","migrating","identity+mature",0.021,NA,NA,NA,NA
0.569773088497345,0.356704723620842,0.127,0.113,1,"B3GALT4","migrating","identity+mature",0.014,NA,NA,NA,NA
0.56984781862875,0.340883933768414,0.322,0.31,1,"ST7","migrating","identity+mature",0.012,NA,NA,NA,NA
0.570202209666642,0.348024030772704,0.237,0.224,1,"PCAT7","migrating","identity+mature",0.013,NA,NA,NA,NA
0.570611143460241,0.722573991132115,0.136,0.126,1,"PROCA1","migrating","identity+mature",0.01,NA,NA,NA,NA
0.5718354898316,0.373914390026128,0.093,0.117,1,"TIGD3","migrating","identity+mature",-0.024,NA,NA,NA,NA
0.572700650713064,0.274190743368283,0.237,0.223,1,"TBC1D15","migrating","identity+mature",0.014,NA,NA,NA,NA
0.573042552548952,0.262063175202377,0.186,0.167,1,"CNDP2","migrating","identity+mature",0.019,NA,NA,NA,NA
0.574690108845066,0.333935458955773,0.356,0.343,1,"SMAD5","migrating","identity+mature",0.013,NA,NA,NA,NA
0.575096263843309,0.267737057460121,0.314,0.306,1,"FBXO3","migrating","identity+mature",0.00800000000000001,NA,NA,NA,NA
0.576336522865124,0.558915875398763,0.127,0.113,1,"CTPS2","migrating","identity+mature",0.014,NA,NA,NA,NA
0.576753225895899,0.550351588177033,0.11,0.096,1,"PRMT9","migrating","identity+mature",0.014,NA,NA,NA,NA
0.578328804100734,0.494888831341243,0.186,0.169,1,"NUDT16","migrating","identity+mature",0.017,NA,NA,NA,NA
0.578525540984517,0.530961847175893,0.102,0.087,1,"MTMR1","migrating","identity+mature",0.015,NA,NA,NA,NA
0.578850069118785,0.335662439740537,0.161,0.141,1,"RETREG1","migrating","identity+mature",0.02,NA,NA,NA,NA
0.579051448178516,0.27312033431627,0.203,0.184,1,"C10orf88","migrating","identity+mature",0.019,NA,NA,NA,NA
0.580493733336172,0.282807342952533,0.263,0.252,1,"MAP3K2","migrating","identity+mature",0.011,NA,NA,NA,NA
0.582337711004538,0.342914606244226,0.161,0.147,1,"NF2","migrating","identity+mature",0.014,NA,NA,NA,NA
0.582438340095447,0.488421156640598,0.153,0.137,1,"ZCCHC2","migrating","identity+mature",0.016,NA,NA,NA,NA
0.582459190671497,0.29832937713452,0.305,0.301,1,"PPIL1","migrating","identity+mature",0.004,NA,NA,NA,NA
0.583181082179244,0.256659701375975,0.246,0.23,1,"LONRF1","migrating","identity+mature",0.016,NA,NA,NA,NA
0.585961960399488,0.435718307126918,0.11,0.096,1,"RBM45","migrating","identity+mature",0.014,NA,NA,NA,NA
0.588623561545846,0.415844508928709,0.246,0.236,1,"ARFIP1","migrating","identity+mature",0.01,NA,NA,NA,NA
0.591156580463437,0.37884432417596,0.271,0.269,1,"POP4","migrating","identity+mature",0.002,NA,NA,NA,NA
0.592337459320079,0.332460723026,0.119,0.104,1,"DTNB","migrating","identity+mature",0.015,NA,NA,NA,NA
0.594468235061203,0.391501143910646,0.11,0.095,1,"SPIRE2","migrating","identity+mature",0.015,NA,NA,NA,NA
0.595098041208735,0.374756538154924,0.127,0.111,1,"GNL3L","migrating","identity+mature",0.016,NA,NA,NA,NA
0.595238338432636,0.398190928747256,0.11,0.096,1,"FUZ","migrating","identity+mature",0.014,NA,NA,NA,NA
0.595907212091272,0.263360903872559,0.136,0.119,1,"SUSD4","migrating","identity+mature",0.017,NA,NA,NA,NA
0.596788895678837,0.283145136633249,0.314,0.31,1,"PCBD1","migrating","identity+mature",0.004,NA,NA,NA,NA
0.596881909421497,0.444726023682869,0.314,0.321,1,"RCHY1","migrating","identity+mature",-0.00700000000000001,NA,NA,NA,NA
0.59711526955938,0.309995511471416,0.127,0.111,1,"MAFG-DT","migrating","identity+mature",0.016,NA,NA,NA,NA
0.597758389228817,0.265624174877536,0.271,0.265,1,"GPHN","migrating","identity+mature",0.006,NA,NA,NA,NA
0.599963628169307,0.358152920487277,0.119,0.104,1,"DBF4","migrating","identity+mature",0.015,NA,NA,NA,NA
0.600121003313849,0.359322002703174,0.102,0.087,1,"MTF1","migrating","identity+mature",0.015,NA,NA,NA,NA
0.60018266224684,0.619526290447065,0.119,0.106,1,"PEX3","migrating","identity+mature",0.013,NA,NA,NA,NA
0.601263566474026,0.294727434071856,0.144,0.174,1,"FBXO30","migrating","identity+mature",-0.03,NA,NA,NA,NA
0.602375679195069,0.322246452919401,0.102,0.087,1,"SEC24A","migrating","identity+mature",0.015,NA,NA,NA,NA
0.604703321330226,0.366872043580148,0.212,0.197,1,"UIMC1","migrating","identity+mature",0.015,NA,NA,NA,NA
0.605152468121587,0.415110553556453,0.178,0.163,1,"GLMN","migrating","identity+mature",0.015,NA,NA,NA,NA
0.605282385134313,0.363363670714017,0.153,0.139,1,"SASS6","migrating","identity+mature",0.014,NA,NA,NA,NA
0.606348798693483,0.456776340789272,0.136,0.122,1,"AC091271.1","migrating","identity+mature",0.014,NA,NA,NA,NA
0.607223236666117,0.287854887018417,0.212,0.258,1,"AGPS","migrating","identity+mature",-0.046,NA,NA,NA,NA
0.60743217490645,0.457018982873394,0.161,0.145,1,"PTPA","migrating","identity+mature",0.016,NA,NA,NA,NA
0.607442808345695,0.343603131435199,0.153,0.139,1,"SPTY2D1","migrating","identity+mature",0.014,NA,NA,NA,NA
0.607710876068419,0.373959738107856,0.339,0.336,1,"TENM3","migrating","identity+mature",0.003,NA,NA,NA,NA
0.607805855555104,0.356874500793609,0.119,0.106,1,"CCDC84","migrating","identity+mature",0.013,NA,NA,NA,NA
0.607889349735883,0.495637661288646,0.712,0.77,1,"CDKN1C","migrating","identity+mature",-0.058,NA,NA,NA,NA
0.60812880183609,0.42358304572904,0.102,0.089,1,"UBA6-AS1","migrating","identity+mature",0.013,NA,NA,NA,NA
0.608685087209967,0.406360434609214,0.237,0.221,1,"ANXA5","migrating","identity+mature",0.016,NA,NA,NA,NA
0.608808647196069,0.70615906848029,0.136,0.126,1,"ZNF682","migrating","identity+mature",0.01,NA,NA,NA,NA
0.609162487157486,0.305433063136463,0.102,0.087,1,"CABLES2","migrating","identity+mature",0.015,NA,NA,NA,NA
0.609311079964423,0.297409917298606,0.22,0.21,1,"NOL11","migrating","identity+mature",0.01,NA,NA,NA,NA
0.610433916498508,0.294562113352283,0.119,0.104,1,"BCKDK","migrating","identity+mature",0.015,NA,NA,NA,NA
0.610874225421524,0.356982723576372,0.195,0.184,1,"PPOX","migrating","identity+mature",0.011,NA,NA,NA,NA
0.611882292584488,0.561664627718063,0.102,0.089,1,"PTPN13","migrating","identity+mature",0.013,NA,NA,NA,NA
0.613363811861782,0.393944008057587,0.127,0.111,1,"PLBD2","migrating","identity+mature",0.016,NA,NA,NA,NA
0.613382003171519,0.342910643688495,0.271,0.263,1,"LPIN1","migrating","identity+mature",0.00800000000000001,NA,NA,NA,NA
0.613822102737066,0.338964238426953,0.212,0.199,1,"MARK4","migrating","identity+mature",0.013,NA,NA,NA,NA
0.614958986649748,0.37677759278316,0.254,0.252,1,"IQCE","migrating","identity+mature",0.002,NA,NA,NA,NA
0.616399961861104,0.491337123302812,0.102,0.089,1,"SERAC1","migrating","identity+mature",0.013,NA,NA,NA,NA
0.617083178162878,0.264327646077481,0.339,0.328,1,"ILF3-DT","migrating","identity+mature",0.011,NA,NA,NA,NA
0.617617459150951,0.487883036773628,0.203,0.199,1,"LANCL2","migrating","identity+mature",0.004,NA,NA,NA,NA
0.619009414779827,0.261154585553288,0.144,0.13,1,"ZNF112","migrating","identity+mature",0.014,NA,NA,NA,NA
0.619330375346599,0.329284452081782,0.297,0.295,1,"FAM120AOS","migrating","identity+mature",0.002,NA,NA,NA,NA
0.619718775327206,0.334423658341157,0.102,0.124,1,"FUT9","migrating","identity+mature",-0.022,NA,NA,NA,NA
0.620201624306635,0.443815435725166,0.153,0.141,1,"SLC25A12","migrating","identity+mature",0.012,NA,NA,NA,NA
0.621781493221462,0.435373511184072,0.169,0.16,1,"SLC35C2","migrating","identity+mature",0.00900000000000001,NA,NA,NA,NA
0.622115205173062,0.317268012566162,0.398,0.408,1,"LZIC","migrating","identity+mature",-0.00999999999999995,NA,NA,NA,NA
0.624613230478186,0.338529692089979,0.127,0.113,1,"LMBRD2","migrating","identity+mature",0.014,NA,NA,NA,NA
0.625295885390009,0.549704916520836,0.127,0.113,1,"EED","migrating","identity+mature",0.014,NA,NA,NA,NA
0.626194952435573,0.4873029262008,0.195,0.187,1,"TMEM65","migrating","identity+mature",0.00800000000000001,NA,NA,NA,NA
0.627302250426633,0.259551876872144,0.28,0.271,1,"SIKE1","migrating","identity+mature",0.00900000000000001,NA,NA,NA,NA
0.627395230351168,0.347812782285532,0.127,0.111,1,"COQ8B","migrating","identity+mature",0.016,NA,NA,NA,NA
0.627425267028772,0.254165925890682,0.254,0.239,1,"NDUFA7","migrating","identity+mature",0.015,NA,NA,NA,NA
0.628493550714486,0.437159873759674,0.297,0.295,1,"THUMPD3","migrating","identity+mature",0.002,NA,NA,NA,NA
0.628979276339734,0.408046714391814,0.127,0.115,1,"LDLRAD3","migrating","identity+mature",0.012,NA,NA,NA,NA
0.629267712133354,0.478876177380708,0.169,0.154,1,"HPRT1","migrating","identity+mature",0.015,NA,NA,NA,NA
0.630039849883096,0.380581471853504,0.102,0.089,1,"RINT1","migrating","identity+mature",0.013,NA,NA,NA,NA
0.630801390429012,0.469394476796547,0.102,0.089,1,"CENPS","migrating","identity+mature",0.013,NA,NA,NA,NA
0.631241023667372,0.330551042349298,0.144,0.169,1,"TM7SF3","migrating","identity+mature",-0.025,NA,NA,NA,NA
0.631416059093187,0.287309938689198,0.153,0.141,1,"GUF1","migrating","identity+mature",0.012,NA,NA,NA,NA
0.631845830422352,0.322477934412695,0.169,0.156,1,"U2AF1L4","migrating","identity+mature",0.013,NA,NA,NA,NA
0.633988367506077,0.427574020720765,0.136,0.122,1,"TECPR1","migrating","identity+mature",0.014,NA,NA,NA,NA
0.634107164148451,1.10314776983206,0.102,0.091,1,"PRSS23","migrating","identity+mature",0.011,NA,NA,NA,NA
0.634989191046413,0.420094123860442,0.297,0.293,1,"BIRC2","migrating","identity+mature",0.004,NA,NA,NA,NA
0.635577554511511,0.318093875121523,0.178,0.165,1,"CREBL2","migrating","identity+mature",0.013,NA,NA,NA,NA
0.637753157324899,0.257524514397699,0.144,0.132,1,"JMJD8","migrating","identity+mature",0.012,NA,NA,NA,NA
0.641877733407212,0.29366247430653,0.237,0.226,1,"ZNF143","migrating","identity+mature",0.011,NA,NA,NA,NA
0.641963216331515,0.447635588145263,0.11,0.1,1,"TMEM131L","migrating","identity+mature",0.01,NA,NA,NA,NA
0.644235871344916,0.309812372280304,0.356,0.351,1,"SLC30A9","migrating","identity+mature",0.005,NA,NA,NA,NA
0.646174683513184,0.30875111939484,0.144,0.132,1,"TFIP11","migrating","identity+mature",0.012,NA,NA,NA,NA
0.646501668916644,0.404003047914445,0.246,0.239,1,"RLIM","migrating","identity+mature",0.00700000000000001,NA,NA,NA,NA
0.647041396112759,0.265997983201384,0.11,0.096,1,"KMT2D","migrating","identity+mature",0.014,NA,NA,NA,NA
0.647442560725152,0.527774422917706,0.11,0.098,1,"TARBP1","migrating","identity+mature",0.012,NA,NA,NA,NA
0.647487315706478,0.27755986962351,0.186,0.173,1,"MED23","migrating","identity+mature",0.013,NA,NA,NA,NA
0.648068503043435,0.375329413245744,0.161,0.152,1,"PIGQ","migrating","identity+mature",0.00900000000000001,NA,NA,NA,NA
0.648366832097465,0.253216281880038,0.305,0.297,1,"GPANK1","migrating","identity+mature",0.00800000000000001,NA,NA,NA,NA
0.651131022745063,0.392194917646611,0.11,0.096,1,"ATL2","migrating","identity+mature",0.014,NA,NA,NA,NA
0.651666439136075,0.283946599242079,0.322,0.325,1,"PIGX","migrating","identity+mature",-0.003,NA,NA,NA,NA
0.653200662657347,0.304497284119764,0.127,0.15,1,"FKBP11","migrating","identity+mature",-0.023,NA,NA,NA,NA
0.654799863054586,0.324141952218228,0.169,0.156,1,"MICAL3","migrating","identity+mature",0.013,NA,NA,NA,NA
0.655536047707975,0.402756657126489,0.169,0.16,1,"NMT2","migrating","identity+mature",0.00900000000000001,NA,NA,NA,NA
0.655578388018298,0.374639134368946,0.11,0.098,1,"ANKRD16","migrating","identity+mature",0.012,NA,NA,NA,NA
0.65643198621799,0.405062690127772,0.229,0.221,1,"SPTBN2","migrating","identity+mature",0.00800000000000001,NA,NA,NA,NA
0.658617952039429,0.499641841953151,0.085,0.1,1,"SLC25A17","migrating","identity+mature",-0.015,NA,NA,NA,NA
0.662699056766766,0.366289471804627,0.127,0.115,1,"ALMS1","migrating","identity+mature",0.012,NA,NA,NA,NA
0.663010263282175,0.324956139094176,0.11,0.098,1,"DCPS","migrating","identity+mature",0.012,NA,NA,NA,NA
0.664216998522153,0.256167612689778,0.542,0.555,1,"ZNF358","migrating","identity+mature",-0.013,NA,NA,NA,NA
0.665784240861499,0.333705132074277,0.28,0.275,1,"DECR1","migrating","identity+mature",0.005,NA,NA,NA,NA
0.666089054464556,0.495801439781929,0.178,0.167,1,"LYSMD1","migrating","identity+mature",0.011,NA,NA,NA,NA
0.66623952274858,0.6009665801,0.127,0.119,1,"FEM1A","migrating","identity+mature",0.00800000000000001,NA,NA,NA,NA
0.666995144954903,0.277215276285343,0.212,0.2,1,"PDS5A","migrating","identity+mature",0.012,NA,NA,NA,NA
0.667024416172843,0.398113050838065,0.102,0.089,1,"TOX","migrating","identity+mature",0.013,NA,NA,NA,NA
0.668583641635468,0.45966885729455,0.102,0.091,1,"ABHD6","migrating","identity+mature",0.011,NA,NA,NA,NA
0.669592023716177,0.283295303627624,0.246,0.236,1,"ZNF787","migrating","identity+mature",0.01,NA,NA,NA,NA
0.669924136257444,0.666923679499539,0.119,0.139,1,"SMPD4","migrating","identity+mature",-0.02,NA,NA,NA,NA
0.670055515693812,0.471160938911228,0.203,0.197,1,"KBTBD4","migrating","identity+mature",0.006,NA,NA,NA,NA
0.670100181153351,0.278063194111545,0.288,0.33,1,"CLIC1","migrating","identity+mature",-0.042,NA,NA,NA,NA
0.67081989829405,0.270562215839917,0.161,0.148,1,"BRPF3","migrating","identity+mature",0.013,NA,NA,NA,NA
0.6714902537692,0.25574630701526,0.186,0.173,1,"AC026979.2","migrating","identity+mature",0.013,NA,NA,NA,NA
0.671813586506775,0.407986593346455,0.11,0.1,1,"ALDH18A1","migrating","identity+mature",0.01,NA,NA,NA,NA
0.671918635092257,0.402866248745385,0.212,0.206,1,"NR2C1","migrating","identity+mature",0.006,NA,NA,NA,NA
0.672074727951331,0.332134052466361,0.161,0.148,1,"CTDSP2","migrating","identity+mature",0.013,NA,NA,NA,NA
0.673360632487898,0.584844300881315,0.119,0.109,1,"STT3A","migrating","identity+mature",0.01,NA,NA,NA,NA
0.673370878904686,0.268796540365386,0.297,0.334,1,"SPECC1","migrating","identity+mature",-0.037,NA,NA,NA,NA
0.674350193326156,0.343846179084747,0.144,0.132,1,"RIPOR1","migrating","identity+mature",0.012,NA,NA,NA,NA
0.676742147514382,0.331810031549421,0.22,0.212,1,"GNL1","migrating","identity+mature",0.00800000000000001,NA,NA,NA,NA
0.676750091054373,0.267826685438829,0.297,0.291,1,"TP53RK","migrating","identity+mature",0.006,NA,NA,NA,NA
0.677784769515551,0.410224131718991,0.195,0.186,1,"DYNC2H1","migrating","identity+mature",0.00900000000000001,NA,NA,NA,NA
0.681922843505306,0.3543749629328,0.246,0.236,1,"GNG8","migrating","identity+mature",0.01,NA,NA,NA,NA
0.682721668421462,0.317714355382126,0.229,0.219,1,"PUM2","migrating","identity+mature",0.01,NA,NA,NA,NA
0.683816082379708,0.308163732021567,0.331,0.317,1,"KIAA1551","migrating","identity+mature",0.014,NA,NA,NA,NA
0.68572886806779,0.80267927124825,0.11,0.102,1,"SOCS2","migrating","identity+mature",0.00800000000000001,NA,NA,NA,NA
0.686674710414286,0.25929291309449,0.178,0.169,1,"ZMYM3","migrating","identity+mature",0.00899999999999998,NA,NA,NA,NA
0.687339511194201,0.296500179698026,0.186,0.174,1,"AK9","migrating","identity+mature",0.012,NA,NA,NA,NA
0.68807862426946,0.258624653838953,0.093,0.109,1,"WASHC2A","migrating","identity+mature",-0.016,NA,NA,NA,NA
0.690235510229246,0.370934498026264,0.297,0.293,1,"ZNF605","migrating","identity+mature",0.004,NA,NA,NA,NA
0.690283071313133,0.346331610486514,0.136,0.124,1,"PLCG2","migrating","identity+mature",0.012,NA,NA,NA,NA
0.690662067560326,0.272825638719142,0.161,0.15,1,"TMEM68","migrating","identity+mature",0.011,NA,NA,NA,NA
0.690844624993861,0.442341803501836,0.169,0.161,1,"TTC21B","migrating","identity+mature",0.00800000000000001,NA,NA,NA,NA
0.694284574994748,0.499749469954524,0.144,0.132,1,"HS2ST1","migrating","identity+mature",0.012,NA,NA,NA,NA
0.697529708624267,0.487819080881893,0.127,0.119,1,"SLC25A26","migrating","identity+mature",0.00800000000000001,NA,NA,NA,NA
0.698021241925656,0.497186835765411,0.144,0.134,1,"MYO9B","migrating","identity+mature",0.00999999999999998,NA,NA,NA,NA
0.69845661460385,0.297221539029163,0.169,0.158,1,"KCNH8","migrating","identity+mature",0.011,NA,NA,NA,NA
0.703020237722723,0.374677173089867,0.169,0.163,1,"CASP2","migrating","identity+mature",0.006,NA,NA,NA,NA
0.703720854592174,0.322184807694698,0.254,0.247,1,"PLEKHA1","migrating","identity+mature",0.00700000000000001,NA,NA,NA,NA
0.705497470424748,0.284379275815507,0.254,0.25,1,"C12orf43","migrating","identity+mature",0.004,NA,NA,NA,NA
0.706198452143386,0.40005796950431,0.161,0.15,1,"LATS1","migrating","identity+mature",0.011,NA,NA,NA,NA
0.707333972886082,0.256677889548614,0.28,0.276,1,"PRRT2","migrating","identity+mature",0.004,NA,NA,NA,NA
0.707363193726113,0.267755374752241,0.144,0.137,1,"PTBP1","migrating","identity+mature",0.00699999999999998,NA,NA,NA,NA
0.707366168497728,0.564449210521099,0.161,0.152,1,"ZSCAN30","migrating","identity+mature",0.00900000000000001,NA,NA,NA,NA
0.70737339368063,0.32781081261464,0.127,0.119,1,"DNPH1","migrating","identity+mature",0.00800000000000001,NA,NA,NA,NA
0.707527753841804,0.336567604770247,0.136,0.126,1,"PHYKPL","migrating","identity+mature",0.01,NA,NA,NA,NA
0.708024003922885,0.262968738993154,0.331,0.33,1,"YIF1A","migrating","identity+mature",0.001,NA,NA,NA,NA
0.708956567678652,0.755566407886193,0.11,0.102,1,"PRTFDC1","migrating","identity+mature",0.00800000000000001,NA,NA,NA,NA
0.709135705323922,0.368575635134926,0.203,0.2,1,"EIF4ENIF1","migrating","identity+mature",0.003,NA,NA,NA,NA
0.709225199286315,0.294065787088371,0.102,0.117,1,"SHROOM2","migrating","identity+mature",-0.015,NA,NA,NA,NA
0.709337383485611,0.315183471951576,0.246,0.241,1,"CEP63","migrating","identity+mature",0.005,NA,NA,NA,NA
0.709827247106346,0.303398203097493,0.085,0.1,1,"RTL10","migrating","identity+mature",-0.015,NA,NA,NA,NA
0.7120618024717,0.28801534260365,0.144,0.134,1,"PHC3","migrating","identity+mature",0.00999999999999998,NA,NA,NA,NA
0.713534546923148,0.274965818067686,0.322,0.31,1,"SSH2","migrating","identity+mature",0.012,NA,NA,NA,NA
0.715088287156615,0.345298966503521,0.11,0.1,1,"SCUBE1","migrating","identity+mature",0.01,NA,NA,NA,NA
0.71516422499852,0.308854557166206,0.322,0.36,1,"RSRC1","migrating","identity+mature",-0.038,NA,NA,NA,NA
0.715787778983645,0.310241677153594,0.169,0.165,1,"CNTRL","migrating","identity+mature",0.004,NA,NA,NA,NA
0.715965095039914,0.397102102131361,0.246,0.232,1,"RASSF8-AS1","migrating","identity+mature",0.014,NA,NA,NA,NA
0.717049193527995,0.251931081316235,0.119,0.108,1,"STXBP3","migrating","identity+mature",0.011,NA,NA,NA,NA
0.718802151514204,0.466599625227606,0.102,0.095,1,"SLC8A2","migrating","identity+mature",0.00699999999999999,NA,NA,NA,NA
0.719734929790042,0.273466621734666,0.144,0.135,1,"CNOT10","migrating","identity+mature",0.00899999999999998,NA,NA,NA,NA
0.719902705064086,0.448440109420569,0.136,0.13,1,"CYB561A3","migrating","identity+mature",0.006,NA,NA,NA,NA
0.720528398713053,0.392143536230347,0.093,0.108,1,"SELENOM","migrating","identity+mature",-0.015,NA,NA,NA,NA
0.720884186206881,0.250359619929559,0.195,0.187,1,"EXOSC4","migrating","identity+mature",0.00800000000000001,NA,NA,NA,NA
0.721344193933888,0.250678430034923,0.178,0.199,1,"KCTD13","migrating","identity+mature",-0.021,NA,NA,NA,NA
0.722010723750169,0.448069425272192,0.161,0.152,1,"EIF2B3","migrating","identity+mature",0.00900000000000001,NA,NA,NA,NA
0.722104392385458,0.395289196873491,0.169,0.161,1,"KLC4","migrating","identity+mature",0.00800000000000001,NA,NA,NA,NA
0.722906578733683,0.298033389576284,0.263,0.263,1,"NRM","migrating","identity+mature",0,NA,NA,NA,NA
0.723779929006141,0.47615027622431,0.229,0.223,1,"PCGF3","migrating","identity+mature",0.006,NA,NA,NA,NA
0.724008063215926,0.436342285680091,0.136,0.13,1,"ZKSCAN2","migrating","identity+mature",0.006,NA,NA,NA,NA
0.724756203278025,0.475712369076612,0.102,0.093,1,"FAM213B","migrating","identity+mature",0.00899999999999999,NA,NA,NA,NA
0.724780041374059,0.260460584584755,0.246,0.241,1,"DHRS4-AS1","migrating","identity+mature",0.005,NA,NA,NA,NA
0.725253271233018,0.269346884799913,0.237,0.226,1,"DCLRE1C","migrating","identity+mature",0.011,NA,NA,NA,NA
0.725310284598995,0.292624196257927,0.288,0.28,1,"CAPN2","migrating","identity+mature",0.00799999999999995,NA,NA,NA,NA
0.726578711266591,0.264258332486336,0.186,0.18,1,"SPNS1","migrating","identity+mature",0.006,NA,NA,NA,NA
0.728089786790853,0.313315517756621,0.161,0.152,1,"FTSJ1","migrating","identity+mature",0.00900000000000001,NA,NA,NA,NA
0.728451471987773,0.445156245671035,0.11,0.104,1,"RANGRF","migrating","identity+mature",0.006,NA,NA,NA,NA
0.729839829027278,0.297476229544973,0.178,0.169,1,"FBH1","migrating","identity+mature",0.00899999999999998,NA,NA,NA,NA
0.730781726480279,0.328974310831387,0.153,0.147,1,"FAM193B","migrating","identity+mature",0.006,NA,NA,NA,NA
0.731362604543732,0.543315743748857,0.195,0.191,1,"PIP4K2A","migrating","identity+mature",0.004,NA,NA,NA,NA
0.732689072518238,0.259267992804221,0.119,0.109,1,"BORCS5","migrating","identity+mature",0.01,NA,NA,NA,NA
0.733406193668313,0.275944594277553,0.246,0.243,1,"SCRN3","migrating","identity+mature",0.003,NA,NA,NA,NA
0.736863624508205,0.296425858473249,0.153,0.145,1,"AC245452.1","migrating","identity+mature",0.00800000000000001,NA,NA,NA,NA
0.737418493496261,0.287275122682483,0.144,0.137,1,"SLC16A14","migrating","identity+mature",0.00699999999999998,NA,NA,NA,NA
0.737456727065509,0.360222420272418,0.195,0.186,1,"ZNF516","migrating","identity+mature",0.00900000000000001,NA,NA,NA,NA
0.738236457823058,0.35526145889902,0.119,0.109,1,"CHFR","migrating","identity+mature",0.01,NA,NA,NA,NA
0.739516947789682,0.43746077129315,0.229,0.223,1,"IMPA1","migrating","identity+mature",0.006,NA,NA,NA,NA
0.739916617149345,0.405127955904712,0.237,0.237,1,"ASH2L","migrating","identity+mature",0,NA,NA,NA,NA
0.740863343993303,0.261426666941834,0.102,0.095,1,"DNAJC3","migrating","identity+mature",0.00699999999999999,NA,NA,NA,NA
0.741527131763047,0.291896700995677,0.178,0.171,1,"ST6GAL1","migrating","identity+mature",0.00699999999999998,NA,NA,NA,NA
0.744297025558114,0.339979784566055,0.144,0.139,1,"WDR25","migrating","identity+mature",0.00499999999999998,NA,NA,NA,NA
0.744664675890877,0.461295359211458,0.195,0.195,1,"IRS2","migrating","identity+mature",0,NA,NA,NA,NA
0.744910948633735,0.397704607304236,0.119,0.111,1,"KLHL2","migrating","identity+mature",0.00799999999999999,NA,NA,NA,NA
0.744997649931568,0.322989055918418,0.136,0.13,1,"DYRK4","migrating","identity+mature",0.006,NA,NA,NA,NA
0.746246014829782,0.430473508607914,0.169,0.165,1,"SPPL2B","migrating","identity+mature",0.004,NA,NA,NA,NA
0.746614978838097,0.365582823581736,0.254,0.263,1,"SCRT1","migrating","identity+mature",-0.00900000000000001,NA,NA,NA,NA
0.747865913486288,0.293544383316448,0.102,0.115,1,"AC240274.1","migrating","identity+mature",-0.013,NA,NA,NA,NA
0.751596626938284,0.57190772680609,0.093,0.106,1,"PLAGL1","migrating","identity+mature",-0.013,NA,NA,NA,NA
0.752268531624253,0.335344134188516,0.136,0.13,1,"CRLF3","migrating","identity+mature",0.006,NA,NA,NA,NA
0.753444637574358,0.318211925712973,0.102,0.093,1,"KIAA0753","migrating","identity+mature",0.00899999999999999,NA,NA,NA,NA
0.75467337470556,0.344641465818749,0.093,0.106,1,"PFKL","migrating","identity+mature",-0.013,NA,NA,NA,NA
0.755688479355716,0.646956393251618,0.186,0.182,1,"PURG","migrating","identity+mature",0.004,NA,NA,NA,NA
0.756915150698447,0.555417804574122,0.136,0.132,1,"PLEKHH3","migrating","identity+mature",0.004,NA,NA,NA,NA
0.762382197171217,0.44250925958085,0.11,0.102,1,"MAN1B1","migrating","identity+mature",0.00800000000000001,NA,NA,NA,NA
0.764738644314698,0.402240920916143,0.102,0.095,1,"HOMER2","migrating","identity+mature",0.00699999999999999,NA,NA,NA,NA
0.765226534362136,0.271567833522038,0.246,0.241,1,"AFTPH","migrating","identity+mature",0.005,NA,NA,NA,NA
0.765798076443079,0.561336292601287,0.093,0.108,1,"CCDC191","migrating","identity+mature",-0.015,NA,NA,NA,NA
0.767273883287304,0.298185266602607,0.178,0.174,1,"BCDIN3D","migrating","identity+mature",0.004,NA,NA,NA,NA
0.768111473764971,0.257451223635477,0.28,0.289,1,"DNAAF4","migrating","identity+mature",-0.00899999999999995,NA,NA,NA,NA
0.770184437023248,0.261703113878676,0.356,0.364,1,"GALNT11","migrating","identity+mature",-0.00800000000000001,NA,NA,NA,NA
0.770330044508021,0.314945124866529,0.195,0.186,1,"PHTF2","migrating","identity+mature",0.00900000000000001,NA,NA,NA,NA
0.773061855907435,0.263785883144874,0.161,0.152,1,"WDFY2","migrating","identity+mature",0.00900000000000001,NA,NA,NA,NA
0.776658747757324,0.294501660067665,0.169,0.167,1,"GDAP2","migrating","identity+mature",0.002,NA,NA,NA,NA
0.776754055164376,0.305902388547604,0.212,0.208,1,"TNPO2","migrating","identity+mature",0.004,NA,NA,NA,NA
0.777499738985317,0.479169364853657,0.102,0.096,1,"SPRED1","migrating","identity+mature",0.00599999999999999,NA,NA,NA,NA
0.777941450291837,0.295266869647506,0.263,0.263,1,"DCUN1D4","migrating","identity+mature",0,NA,NA,NA,NA
0.779108662001544,0.407528617532242,0.153,0.15,1,"ZNF382","migrating","identity+mature",0.003,NA,NA,NA,NA
0.781576912119736,0.361781830080377,0.153,0.147,1,"ANO10","migrating","identity+mature",0.006,NA,NA,NA,NA
0.781586953346698,0.296803260320023,0.102,0.095,1,"MTG2","migrating","identity+mature",0.00699999999999999,NA,NA,NA,NA
0.783846412332415,0.432289202510491,0.119,0.115,1,"RPF2","migrating","identity+mature",0.00399999999999999,NA,NA,NA,NA
0.784297065774801,0.36821608449119,0.11,0.104,1,"KAT14","migrating","identity+mature",0.006,NA,NA,NA,NA
0.785354982775839,0.295000974154303,0.169,0.165,1,"MED24","migrating","identity+mature",0.004,NA,NA,NA,NA
0.786221192194013,0.510184824098305,0.322,0.347,1,"SLC25A29","migrating","identity+mature",-0.025,NA,NA,NA,NA
0.788010604120826,0.255284722931856,0.136,0.148,1,"PUS7L","migrating","identity+mature",-0.012,NA,NA,NA,NA
0.788393407412549,0.261740285361328,0.127,0.141,1,"POLR2M","migrating","identity+mature",-0.014,NA,NA,NA,NA
0.789170417685951,0.371279749659292,0.169,0.165,1,"C12orf4","migrating","identity+mature",0.004,NA,NA,NA,NA
0.789301513656006,0.411717313844721,0.144,0.158,1,"TBCD","migrating","identity+mature",-0.014,NA,NA,NA,NA
0.789779833387392,0.55683636696152,0.119,0.115,1,"TSHZ3","migrating","identity+mature",0.00399999999999999,NA,NA,NA,NA
0.791128502515742,0.486693846555175,0.161,0.16,1,"PSMA6","migrating","identity+mature",0.001,NA,NA,NA,NA
0.791566699315029,0.554980373335717,0.119,0.113,1,"ADGRA3","migrating","identity+mature",0.00599999999999999,NA,NA,NA,NA
0.792720518596492,0.388076768672877,0.153,0.165,1,"SENP1","migrating","identity+mature",-0.012,NA,NA,NA,NA
0.793781604319302,0.301620679573231,0.254,0.286,1,"ZNF655","migrating","identity+mature",-0.032,NA,NA,NA,NA
0.79437786618416,0.399773662511713,0.161,0.156,1,"B3GAT2","migrating","identity+mature",0.005,NA,NA,NA,NA
0.794508982952267,0.366238156569369,0.161,0.161,1,"LMBR1","migrating","identity+mature",0,NA,NA,NA,NA
0.797519502261533,0.51816558045968,0.102,0.096,1,"C11orf80","migrating","identity+mature",0.00599999999999999,NA,NA,NA,NA
0.797657190793896,0.267460816892538,0.297,0.328,1,"ADGRL1","migrating","identity+mature",-0.031,NA,NA,NA,NA
0.798764590474672,0.292311342195383,0.161,0.158,1,"CHMP7","migrating","identity+mature",0.003,NA,NA,NA,NA
0.800160792195672,0.251466437430016,0.195,0.217,1,"IGF2R","migrating","identity+mature",-0.022,NA,NA,NA,NA
0.801722150809297,0.349394066022566,0.169,0.161,1,"C5orf49","migrating","identity+mature",0.00800000000000001,NA,NA,NA,NA
0.801818276540621,0.427741064590968,0.161,0.16,1,"TRAPPC11","migrating","identity+mature",0.001,NA,NA,NA,NA
0.802140528930388,0.35465830939659,0.11,0.104,1,"USP38","migrating","identity+mature",0.006,NA,NA,NA,NA
0.804315713104782,0.323818305587348,0.178,0.176,1,"MED17","migrating","identity+mature",0.002,NA,NA,NA,NA
0.804565528818185,0.296816521403013,0.144,0.137,1,"LINC01006","migrating","identity+mature",0.00699999999999998,NA,NA,NA,NA
0.805817969497842,0.432126700383634,0.153,0.148,1,"WDFY1","migrating","identity+mature",0.005,NA,NA,NA,NA
0.806086405807094,0.403387133043288,0.11,0.106,1,"FCHO2","migrating","identity+mature",0.004,NA,NA,NA,NA
0.807519277889308,0.42119873724998,0.136,0.132,1,"VPS39","migrating","identity+mature",0.004,NA,NA,NA,NA
0.811244722418058,0.289034668744607,0.169,0.189,1,"CEP104","migrating","identity+mature",-0.02,NA,NA,NA,NA
0.812272450668193,0.260143651148736,0.11,0.104,1,"HDAC7","migrating","identity+mature",0.006,NA,NA,NA,NA
0.812421155428556,0.315764932871687,0.102,0.096,1,"TMEM159","migrating","identity+mature",0.00599999999999999,NA,NA,NA,NA
0.813632466643319,0.287410393641034,0.102,0.096,1,"TYW3","migrating","identity+mature",0.00599999999999999,NA,NA,NA,NA
0.814308547157387,0.361968973070292,0.11,0.119,1,"CEP44","migrating","identity+mature",-0.00899999999999999,NA,NA,NA,NA
0.814586446608488,0.374943524544449,0.127,0.141,1,"WDR77","migrating","identity+mature",-0.014,NA,NA,NA,NA
0.818286198041267,0.334492362090363,0.119,0.111,1,"ZNF346","migrating","identity+mature",0.00799999999999999,NA,NA,NA,NA
0.818742022821227,0.263862840206655,0.127,0.141,1,"CDIP1","migrating","identity+mature",-0.014,NA,NA,NA,NA
0.82045503746872,0.283118330789538,0.263,0.26,1,"GNG5","migrating","identity+mature",0.003,NA,NA,NA,NA
0.820821622352382,0.343314365880379,0.186,0.204,1,"ABHD17B","migrating","identity+mature",-0.018,NA,NA,NA,NA
0.82087030674998,0.28480904813878,0.11,0.104,1,"MCCC1","migrating","identity+mature",0.006,NA,NA,NA,NA
0.821634684605015,0.564891954118695,0.11,0.121,1,"LRRC73","migrating","identity+mature",-0.011,NA,NA,NA,NA
0.823597788509529,0.433197233112453,0.161,0.158,1,"USB1","migrating","identity+mature",0.003,NA,NA,NA,NA
0.82822620748419,0.34287894072415,0.169,0.167,1,"TPRG1L","migrating","identity+mature",0.002,NA,NA,NA,NA
0.828849348346479,0.383437182621326,0.119,0.117,1,"DENND6A","migrating","identity+mature",0.00199999999999999,NA,NA,NA,NA
0.831072617493243,0.308803656634108,0.136,0.13,1,"FAM98C","migrating","identity+mature",0.006,NA,NA,NA,NA
0.831967256200334,0.30382413440409,0.127,0.124,1,"ZNF467","migrating","identity+mature",0.003,NA,NA,NA,NA
0.832909362664817,0.31554143951324,0.127,0.122,1,"TMEM175","migrating","identity+mature",0.005,NA,NA,NA,NA
0.834895291370893,0.253498080608539,0.144,0.143,1,"SEC16A","migrating","identity+mature",0.001,NA,NA,NA,NA
0.835006972639883,0.280842813507949,0.161,0.18,1,"MED25","migrating","identity+mature",-0.019,NA,NA,NA,NA
0.837792514813511,0.28912937384238,0.127,0.124,1,"MAT2B","migrating","identity+mature",0.003,NA,NA,NA,NA
0.840906225768688,0.449449386832052,0.178,0.178,1,"NOL8","migrating","identity+mature",0,NA,NA,NA,NA
0.842799559079768,0.324681731175363,0.144,0.143,1,"MPDU1","migrating","identity+mature",0.001,NA,NA,NA,NA
0.843007937916108,0.457483820297456,0.127,0.137,1,"PYGB","migrating","identity+mature",-0.01,NA,NA,NA,NA
0.843518655030372,0.605859535141015,0.169,0.171,1,"CCDC93","migrating","identity+mature",-0.002,NA,NA,NA,NA
0.843812071030406,0.26402060779693,0.314,0.323,1,"ZRSR2","migrating","identity+mature",-0.00900000000000001,NA,NA,NA,NA
0.844099202297329,0.501508975188172,0.127,0.139,1,"PMEPA1","migrating","identity+mature",-0.012,NA,NA,NA,NA
0.844694457833512,0.257338899524171,0.11,0.121,1,"MIOS","migrating","identity+mature",-0.011,NA,NA,NA,NA
0.847977989763745,0.423684415427007,0.22,0.223,1,"CARM1","migrating","identity+mature",-0.003,NA,NA,NA,NA
0.850134742032622,0.257153759626589,0.178,0.176,1,"TBC1D12","migrating","identity+mature",0.002,NA,NA,NA,NA
0.855057126819285,0.30880656498448,0.237,0.237,1,"MXD1","migrating","identity+mature",0,NA,NA,NA,NA
0.857226233873835,0.393255051292458,0.195,0.197,1,"HEBP1","migrating","identity+mature",-0.002,NA,NA,NA,NA
0.858238476997846,0.266706201012406,0.203,0.206,1,"ODR4","migrating","identity+mature",-0.00299999999999997,NA,NA,NA,NA
0.858257358156321,0.273905988665642,0.119,0.128,1,"LINC01122","migrating","identity+mature",-0.00900000000000001,NA,NA,NA,NA
0.859155520012041,0.324684916778612,0.178,0.178,1,"FBXO28","migrating","identity+mature",0,NA,NA,NA,NA
0.860118625251611,0.276559671852356,0.263,0.291,1,"CDK5RAP3","migrating","identity+mature",-0.028,NA,NA,NA,NA
0.861719905813915,0.282707421984805,0.153,0.161,1,"CTBP1-DT","migrating","identity+mature",-0.00800000000000001,NA,NA,NA,NA
0.862595777947679,0.302104073427485,0.119,0.115,1,"MED12","migrating","identity+mature",0.00399999999999999,NA,NA,NA,NA
0.863375224601327,0.398516680751592,0.119,0.117,1,"CDK9","migrating","identity+mature",0.00199999999999999,NA,NA,NA,NA
0.865234274127741,0.534439695593048,0.127,0.122,1,"BAIAP2-DT","migrating","identity+mature",0.005,NA,NA,NA,NA
0.865397695332171,0.300932543241857,0.093,0.1,1,"AHCYL2","migrating","identity+mature",-0.00700000000000001,NA,NA,NA,NA
0.86550566564449,0.28455679714024,0.195,0.193,1,"BRD3OS","migrating","identity+mature",0.002,NA,NA,NA,NA
0.866696723654339,0.277191139117071,0.144,0.141,1,"ADO","migrating","identity+mature",0.003,NA,NA,NA,NA
0.871100868461307,0.333307212587911,0.178,0.199,1,"CAP2","migrating","identity+mature",-0.021,NA,NA,NA,NA
0.872498594040247,0.588619455908336,0.11,0.106,1,"ADCYAP1","migrating","identity+mature",0.004,NA,NA,NA,NA
0.872754233154616,0.283596469368698,0.195,0.191,1,"FBXL19","migrating","identity+mature",0.004,NA,NA,NA,NA
0.872851292472792,0.254456943705503,0.119,0.128,1,"ZNF227","migrating","identity+mature",-0.00900000000000001,NA,NA,NA,NA
0.873176489649195,0.260684820102701,0.102,0.1,1,"UBL4A","migrating","identity+mature",0.00199999999999999,NA,NA,NA,NA
0.875250404810414,0.364392346020647,0.11,0.108,1,"INTS13","migrating","identity+mature",0.002,NA,NA,NA,NA
0.877047901697914,0.295863328741431,0.136,0.148,1,"NIFK-AS1","migrating","identity+mature",-0.012,NA,NA,NA,NA
0.878014467854858,0.285359061421446,0.102,0.098,1,"SLC38A7","migrating","identity+mature",0.00399999999999999,NA,NA,NA,NA
0.87802576592355,0.28394259213694,0.254,0.267,1,"RCOR2","migrating","identity+mature",-0.013,NA,NA,NA,NA
0.878817039011448,0.271208160131769,0.203,0.219,1,"STAM2","migrating","identity+mature",-0.016,NA,NA,NA,NA
0.879644373568172,0.393300206951601,0.169,0.163,1,"EEF1AKMT2","migrating","identity+mature",0.006,NA,NA,NA,NA
0.880327549719919,0.378872086839406,0.203,0.206,1,"PPFIA3","migrating","identity+mature",-0.00299999999999997,NA,NA,NA,NA
0.881008220506839,0.30346289184298,0.127,0.124,1,"PPP2R5D","migrating","identity+mature",0.003,NA,NA,NA,NA
0.881370391891196,0.305906801209221,0.169,0.182,1,"AVL9","migrating","identity+mature",-0.013,NA,NA,NA,NA
0.881833946755876,0.406991551407797,0.153,0.152,1,"SYNE1","migrating","identity+mature",0.001,NA,NA,NA,NA
0.884448387069692,0.376506628525128,0.203,0.202,1,"MGA","migrating","identity+mature",0.001,NA,NA,NA,NA
0.885171223511628,0.287010999701965,0.11,0.121,1,"GGA3","migrating","identity+mature",-0.011,NA,NA,NA,NA
0.88597483069892,0.35418272490959,0.153,0.163,1,"CSNK1G1","migrating","identity+mature",-0.01,NA,NA,NA,NA
0.886908642573706,0.306582792437871,0.119,0.115,1,"RGS3","migrating","identity+mature",0.00399999999999999,NA,NA,NA,NA
0.888383031880319,0.298397116512485,0.178,0.182,1,"PHYH","migrating","identity+mature",-0.004,NA,NA,NA,NA
0.889086547796183,0.295092619005914,0.212,0.215,1,"DOPEY1","migrating","identity+mature",-0.003,NA,NA,NA,NA
0.889980765994011,0.4274836278125,0.144,0.145,1,"GRK4","migrating","identity+mature",-0.001,NA,NA,NA,NA
0.891456402015598,0.299816911946105,0.263,0.28,1,"AFDN-DT","migrating","identity+mature",-0.017,NA,NA,NA,NA
0.892840077583656,0.322157825430653,0.178,0.184,1,"AC012306.2","migrating","identity+mature",-0.006,NA,NA,NA,NA
0.894826048895118,0.330328928348514,0.144,0.145,1,"MBD1","migrating","identity+mature",-0.001,NA,NA,NA,NA
0.894991670079857,0.324802821880184,0.195,0.202,1,"TMEM158","migrating","identity+mature",-0.00700000000000001,NA,NA,NA,NA
0.89842817738081,0.334907938469912,0.102,0.098,1,"XPOT","migrating","identity+mature",0.00399999999999999,NA,NA,NA,NA
0.899974371494056,0.294107019333397,0.102,0.109,1,"ZNF232","migrating","identity+mature",-0.00700000000000001,NA,NA,NA,NA
0.90102329391918,0.316205227761453,0.195,0.206,1,"NXT1","migrating","identity+mature",-0.011,NA,NA,NA,NA
0.901547459402533,0.542771881177983,0.119,0.121,1,"MAFB","migrating","identity+mature",-0.002,NA,NA,NA,NA
0.902153583623741,0.465469726698639,0.11,0.109,1,"SETD1B","migrating","identity+mature",0.001,NA,NA,NA,NA
0.902509167102801,0.301246092322808,0.119,0.119,1,"VAMP7","migrating","identity+mature",0,NA,NA,NA,NA
0.902610480662181,0.274616121450722,0.186,0.187,1,"APEH","migrating","identity+mature",-0.001,NA,NA,NA,NA
0.90880362156197,0.391800879419614,0.11,0.109,1,"MSRB1","migrating","identity+mature",0.001,NA,NA,NA,NA
0.90943332300629,0.378408849064878,0.119,0.121,1,"CASC10","migrating","identity+mature",-0.002,NA,NA,NA,NA
0.911393471455357,0.31371575651387,0.195,0.2,1,"USP6NL","migrating","identity+mature",-0.005,NA,NA,NA,NA
0.912789107711734,0.291432605731591,0.169,0.169,1,"CHKA","migrating","identity+mature",0,NA,NA,NA,NA
0.913618124886279,0.256210628216622,0.136,0.135,1,"SARM1","migrating","identity+mature",0.001,NA,NA,NA,NA
0.915378287973056,0.40195641476727,0.203,0.208,1,"TAF1","migrating","identity+mature",-0.00499999999999998,NA,NA,NA,NA
0.917735193917242,0.431368802664802,0.144,0.147,1,"ATIC","migrating","identity+mature",-0.003,NA,NA,NA,NA
0.920816471906794,0.360982959693982,0.169,0.174,1,"RANGAP1","migrating","identity+mature",-0.00499999999999998,NA,NA,NA,NA
0.922726101914522,0.25600829283798,0.331,0.365,1,"PWAR6","migrating","identity+mature",-0.034,NA,NA,NA,NA
0.924351540919955,0.371522602619255,0.102,0.1,1,"BCL2L13","migrating","identity+mature",0.00199999999999999,NA,NA,NA,NA
0.9281709072111,0.355059713980556,0.212,0.224,1,"KDM5C","migrating","identity+mature",-0.012,NA,NA,NA,NA
0.930813980433313,0.43748848353827,0.093,0.1,1,"INTS4","migrating","identity+mature",-0.00700000000000001,NA,NA,NA,NA
0.935042226116407,0.381153009728608,0.119,0.119,1,"FRMD4B","migrating","identity+mature",0,NA,NA,NA,NA
0.936498155243834,0.370192256805149,0.186,0.2,1,"FGFBP3","migrating","identity+mature",-0.014,NA,NA,NA,NA
0.937034670145417,0.501229789620661,0.102,0.106,1,"S100A13","migrating","identity+mature",-0.004,NA,NA,NA,NA
0.939989846761586,0.341145954775486,0.186,0.199,1,"USP12","migrating","identity+mature",-0.013,NA,NA,NA,NA
0.940459175802032,0.262155337568094,0.246,0.25,1,"EGLN1","migrating","identity+mature",-0.004,NA,NA,NA,NA
0.941636245999119,0.693524308877175,0.119,0.126,1,"GTPBP1","migrating","identity+mature",-0.00700000000000001,NA,NA,NA,NA
0.945002120561013,0.302653300571199,0.203,0.217,1,"DHX57","migrating","identity+mature",-0.014,NA,NA,NA,NA
0.947749912229865,0.25928806024104,0.297,0.315,1,"ANKIB1","migrating","identity+mature",-0.018,NA,NA,NA,NA
0.949534378760043,0.625192559973407,0.119,0.124,1,"MTMR12","migrating","identity+mature",-0.005,NA,NA,NA,NA
0.949849288157751,0.391792772434101,0.102,0.106,1,"SNX19","migrating","identity+mature",-0.004,NA,NA,NA,NA
0.950282538149005,0.310270043949001,0.195,0.199,1,"DEDD","migrating","identity+mature",-0.004,NA,NA,NA,NA
0.954014997693895,0.28472185746541,0.119,0.124,1,"PTCHD1","migrating","identity+mature",-0.005,NA,NA,NA,NA
0.954175624863135,0.258703502198584,0.229,0.249,1,"ANKRD39","migrating","identity+mature",-0.02,NA,NA,NA,NA
0.954488155152128,0.259850361514246,0.11,0.113,1,"TRIT1","migrating","identity+mature",-0.003,NA,NA,NA,NA
0.954939913399642,0.271689823449841,0.186,0.193,1,"MPV17","migrating","identity+mature",-0.00700000000000001,NA,NA,NA,NA
0.956791442683043,0.250499503991282,0.314,0.34,1,"ATP11C","migrating","identity+mature",-0.026,NA,NA,NA,NA
0.95693805011852,0.303865985999279,0.186,0.195,1,"ABHD12","migrating","identity+mature",-0.00900000000000001,NA,NA,NA,NA
0.957590208683835,0.365963610021012,0.102,0.104,1,"CUTC","migrating","identity+mature",-0.002,NA,NA,NA,NA
0.959476146464603,0.346933501188855,0.169,0.182,1,"KANSL1L","migrating","identity+mature",-0.013,NA,NA,NA,NA
0.963120456483822,0.286191449122561,0.212,0.215,1,"FAM171A1","migrating","identity+mature",-0.003,NA,NA,NA,NA
0.965239701297159,0.36201632098011,0.153,0.158,1,"RNASEK","migrating","identity+mature",-0.005,NA,NA,NA,NA
0.965318646786594,0.539493613460251,0.161,0.171,1,"USP5","migrating","identity+mature",-0.01,NA,NA,NA,NA
0.965385786282794,0.317959154604135,0.127,0.132,1,"ARHGAP28","migrating","identity+mature",-0.005,NA,NA,NA,NA
0.967060397658829,0.293640490370732,0.102,0.102,1,"MARCH8","migrating","identity+mature",0,NA,NA,NA,NA
0.969700300102147,0.320339104329687,0.102,0.104,1,"SLC2A13","migrating","identity+mature",-0.002,NA,NA,NA,NA
0.9717485556474,0.276413276466866,0.212,0.223,1,"ZFYVE21","migrating","identity+mature",-0.011,NA,NA,NA,NA
0.973150179379575,0.427300393092247,0.11,0.113,1,"BRF2","migrating","identity+mature",-0.003,NA,NA,NA,NA
0.974709273900996,0.384496515794638,0.161,0.169,1,"R3HDM4","migrating","identity+mature",-0.00800000000000001,NA,NA,NA,NA
0.974984570793498,0.275409321148532,0.212,0.223,1,"TBC1D7","migrating","identity+mature",-0.011,NA,NA,NA,NA
0.976100095296772,0.304584989683979,0.314,0.34,1,"MMAB","migrating","identity+mature",-0.026,NA,NA,NA,NA
0.976437077712692,0.398686357371472,0.119,0.124,1,"ABCF2.1","migrating","identity+mature",-0.005,NA,NA,NA,NA
0.977041274996806,0.354680363579054,0.127,0.132,1,"ZKSCAN7","migrating","identity+mature",-0.005,NA,NA,NA,NA
0.97881281295029,0.255329297546978,0.195,0.199,1,"SLIT2","migrating","identity+mature",-0.004,NA,NA,NA,NA
0.980383317872265,0.279413545835397,0.212,0.226,1,"PIGS","migrating","identity+mature",-0.014,NA,NA,NA,NA
0.98146680631392,0.289702569010301,0.144,0.152,1,"SERGEF","migrating","identity+mature",-0.00800000000000001,NA,NA,NA,NA
0.982200487911361,0.460277720672734,0.195,0.21,1,"INTS1","migrating","identity+mature",-0.015,NA,NA,NA,NA
0.983359711419666,0.362207168493203,0.136,0.141,1,"IMPACT","migrating","identity+mature",-0.00499999999999998,NA,NA,NA,NA
0.984785591586099,0.273223351709464,0.169,0.174,1,"CTPS1","migrating","identity+mature",-0.00499999999999998,NA,NA,NA,NA
0.986788240862207,0.457221428564456,0.237,0.252,1,"SRRT","migrating","identity+mature",-0.015,NA,NA,NA,NA
0.99231611673623,0.281695838781144,0.144,0.145,1,"DNAJC11","migrating","identity+mature",-0.001,NA,NA,NA,NA
0.996086972487292,0.368378903898337,0.136,0.139,1,"ITGB3BP","migrating","identity+mature",-0.003,NA,NA,NA,NA
0.998177629035503,0.304281961176773,0.127,0.132,1,"SRPRB","migrating","identity+mature",-0.005,NA,NA,NA,NA
0.998375509703208,0.272008137219737,0.169,0.173,1,"ACOT8","migrating","identity+mature",-0.00399999999999998,NA,NA,NA,NA
8.33362841768976e-45,2.43858723106869,0.803,0.257,2.79493229872479e-40,"SCG2","mature","identity+migrating",0.546,NA,NA,NA,NA
5.0463204743623e-40,1.53665171192193,0.944,0.447,1.69243496069163e-35,"EMX2","mature","identity+migrating",0.497,NA,NA,NA,NA
4.24727170625299e-34,1.35021660387733,0.955,0.505,1.42444998484313e-29,"LHX5-AS1","mature","identity+migrating",0.45,NA,NA,NA,NA
3.38521422175383e-29,1.34140361103881,0.848,0.351,1.1353331456918e-24,"PPP1R17","mature","identity+migrating",0.497,NA,NA,NA,NA
7.60625498407632e-29,1.40366649389165,0.823,0.351,2.55098579655952e-24,"SAMD3","mature","identity+migrating",0.472,NA,NA,NA,NA
8.79745323997433e-29,1.29887401684293,0.854,0.357,2.95048986762259e-24,"TBR1","mature","identity+migrating",0.497,NA,NA,NA,NA
4.06705806086067e-27,1.35258945057403,0.874,0.573,1.36400993245145e-22,"SCG5","mature","identity+migrating",0.301,NA,NA,NA,NA
1.11854984503546e-26,0.888709636827104,0.985,0.832,3.75139247027993e-22,"PSMD14","mature","identity+migrating",0.153,NA,NA,NA,NA
1.96950498139682e-25,1.4409142674784,0.737,0.309,6.60532580660865e-21,"GABRA2","mature","identity+migrating",0.428,NA,NA,NA,NA
1.47385062702655e-22,1.31858273652798,0.702,0.285,4.94300023292165e-18,"MGAT4C","mature","identity+migrating",0.417,NA,NA,NA,NA
4.59495066248298e-22,1.13141716318109,0.869,0.529,1.54105455318354e-17,"PIK3R1","mature","identity+migrating",0.34,NA,NA,NA,NA
4.89340485204016e-22,1.16340644181785,0.889,0.573,1.64115011927723e-17,"PTN","mature","identity+migrating",0.316,NA,NA,NA,NA
3.05901178707172e-21,1.51873089618094,0.616,0.244,1.02593137314811e-16,"LHX5","mature","identity+migrating",0.372,NA,NA,NA,NA
4.80752401104347e-21,0.606566747193599,1,0.959,1.61234740282376e-16,"UBE2E3","mature","identity+migrating",0.041,NA,NA,NA,NA
6.25566534067533e-21,1.54857323339251,0.621,0.251,2.09802504195569e-16,"LHX1","mature","identity+migrating",0.37,NA,NA,NA,NA
6.40322383324606e-21,1.7958825483603,0.545,0.183,2.14751320919406e-16,"PTPRE","mature","identity+migrating",0.362,NA,NA,NA,NA
2.26287437277572e-20,1.76514912724357,0.561,0.214,7.5892280714152e-16,"LHX9","mature","identity+migrating",0.347,NA,NA,NA,NA
7.85322231130095e-18,1.18410575466991,0.712,0.375,2.63381369876411e-13,"PCSK2","mature","identity+migrating",0.337,NA,NA,NA,NA
1.49089094916088e-17,1.10509188664155,0.854,0.619,5.00015006529576e-13,"FABP7","mature","identity+migrating",0.235,NA,NA,NA,NA
2.44946945695721e-17,1.34571657059232,0.566,0.22,8.2150306647431e-13,"AR","mature","identity+migrating",0.346,NA,NA,NA,NA
5.26318262186837e-17,1.63931221875862,0.52,0.198,1.76516618772221e-12,"CDH12","mature","identity+migrating",0.322,NA,NA,NA,NA
7.54665705459265e-17,0.98762929890316,0.833,0.575,2.53099784296928e-12,"AC004540.2","mature","identity+migrating",0.258,NA,NA,NA,NA
2.25237039636841e-16,1.88013930186477,0.439,0.153,7.55399983534036e-12,"BMP3","mature","identity+migrating",0.286,NA,NA,NA,NA
2.87483431312424e-15,1.48914918195818,0.475,0.183,9.64161931935608e-11,"CACNA2D1","mature","identity+migrating",0.292,NA,NA,NA,NA
4.8574589863052e-15,1.29693776822397,0.646,0.368,1.62909459482704e-10,"ANKS1B","mature","identity+migrating",0.278,NA,NA,NA,NA
5.43524490147039e-15,0.912197601023107,0.808,0.58,1.82287243505514e-10,"NEO1","mature","identity+migrating",0.228,NA,NA,NA,NA
2.10240646736132e-14,0.338669046022371,1,1,7.05105081023641e-10,"BASP1","mature","identity+migrating",0,NA,NA,NA,NA
2.4352793191371e-14,1.08787554977695,0.631,0.312,8.16743978052199e-10,"PCSK1","mature","identity+migrating",0.319,NA,NA,NA,NA
4.02801776375259e-14,0.752708273286984,0.596,0.251,1.35091659760734e-09,"NRN1","mature","identity+migrating",0.345,NA,NA,NA,NA
1.14904544382648e-13,0.991069166265587,0.545,0.227,3.85366860950524e-09,"EMX2OS","mature","identity+migrating",0.318,NA,NA,NA,NA
2.12717846062892e-13,0.67432488386666,0.914,0.793,7.13413112125728e-09,"POU2F2","mature","identity+migrating",0.121,NA,NA,NA,NA
2.19406286123998e-13,1.12430040795749,0.662,0.379,7.35844802402665e-09,"RAB11FIP2","mature","identity+migrating",0.283,NA,NA,NA,NA
3.73310351382258e-13,0.646089263820651,0.949,0.817,1.25200825646582e-08,"CNTNAP2","mature","identity+migrating",0.132,NA,NA,NA,NA
7.71906873939378e-13,0.653556134908656,0.889,0.752,2.58882127381789e-08,"CXXC5","mature","identity+migrating",0.137,NA,NA,NA,NA
2.59975684067694e-12,0.983287560881267,0.682,0.39,8.71906449226232e-08,"LHX2","mature","identity+migrating",0.292,NA,NA,NA,NA
4.03606923617226e-12,1.15293500085357,0.439,0.174,1.35361690042745e-07,"CDH18","mature","identity+migrating",0.265,NA,NA,NA,NA
4.13928857935455e-12,1.18859836676988,0.53,0.255,1.38823460374393e-07,"BBX","mature","identity+migrating",0.275,NA,NA,NA,NA
6.56475865157719e-12,1.52719277634551,0.369,0.135,2.20168875656596e-07,"TNIP3","mature","identity+migrating",0.234,NA,NA,NA,NA
1.09960679532984e-11,1.09424054821581,0.621,0.366,3.68786127017723e-07,"ONECUT2","mature","identity+migrating",0.255,NA,NA,NA,NA
1.33340070444389e-11,1.00930144703923,0.646,0.392,4.47195928256393e-07,"PTPRO","mature","identity+migrating",0.254,NA,NA,NA,NA
1.64103961205689e-11,1.09519053134405,0.485,0.224,5.50371865091639e-07,"RORB","mature","identity+migrating",0.261,NA,NA,NA,NA
1.65707019174039e-11,1.29342227435853,0.414,0.168,5.55748200905893e-07,"LHX1-DT","mature","identity+migrating",0.246,NA,NA,NA,NA
2.05202135883417e-11,2.0339626694585,0.237,0.057,6.88206923325805e-07,"RBP7","mature","identity+migrating",0.18,NA,NA,NA,NA
2.97633884219506e-11,1.37787644031563,0.455,0.209,9.9820452089538e-07,"TMEM163","mature","identity+migrating",0.246,NA,NA,NA,NA
3.61486648984339e-11,0.370823746820836,1,0.978,1.21235392336368e-06,"EIF1B","mature","identity+migrating",0.022,NA,NA,NA,NA
1.0823778797209e-10,1.35429236952191,0.429,0.19,3.63007893300794e-06,"RASGRP1","mature","identity+migrating",0.239,NA,NA,NA,NA
1.30163761337181e-10,0.797270927686862,0.768,0.553,4.36543222772638e-06,"RAB9B","mature","identity+migrating",0.215,NA,NA,NA,NA
1.90188746921982e-10,1.45163063035953,0.359,0.139,6.37855019426943e-06,"PCP4L1","mature","identity+migrating",0.22,NA,NA,NA,NA
1.97637519639432e-10,1.14165251905057,0.465,0.211,6.62836713366728e-06,"SMCO4","mature","identity+migrating",0.254,NA,NA,NA,NA
2.48480125719215e-10,1.13413211948919,0.47,0.229,8.33352645637103e-06,"CAMK2D","mature","identity+migrating",0.241,NA,NA,NA,NA
4.85628199485023e-10,1.0740587436492,0.485,0.227,1.62869985543287e-05,"ONECUT1","mature","identity+migrating",0.258,NA,NA,NA,NA
5.24095853424556e-10,0.718882022755674,0.722,0.468,1.75771267321528e-05,"RUNX1T1","mature","identity+migrating",0.254,NA,NA,NA,NA
8.0805206952711e-10,0.888320729352352,0.672,0.427,2.71004503078002e-05,"ZFHX4-AS1","mature","identity+migrating",0.245,NA,NA,NA,NA
8.50407991062874e-10,0.81130381908008,0.712,0.477,2.85209832042667e-05,"RELN","mature","identity+migrating",0.235,NA,NA,NA,NA
9.3257516102809e-10,0.745981732543889,0.727,0.495,3.12767057505601e-05,"ASAH1","mature","identity+migrating",0.232,NA,NA,NA,NA
9.98478579491052e-10,1.08107085777906,0.51,0.268,3.34869745989709e-05,"DLG2","mature","identity+migrating",0.242,NA,NA,NA,NA
1.04988693289842e-09,0.908010700070684,0.692,0.477,3.52111079555473e-05,"UBE2E2","mature","identity+migrating",0.215,NA,NA,NA,NA
1.22399297049566e-09,0.983475876013727,0.465,0.222,4.10502762444833e-05,"PCDH9","mature","identity+migrating",0.243,NA,NA,NA,NA
1.23255167556101e-09,1.11254738773078,0.414,0.185,4.13373180949652e-05,"MDGA1","mature","identity+migrating",0.229,NA,NA,NA,NA
1.45882420549094e-09,1.76278849969353,0.298,0.109,4.89260462037553e-05,"SAMD11","mature","identity+migrating",0.189,NA,NA,NA,NA
1.5555507076e-09,1.26211238652706,0.46,0.233,5.21700596314889e-05,"CNR1","mature","identity+migrating",0.227,NA,NA,NA,NA
1.92174593326263e-09,1.05373333536612,0.429,0.209,6.4451515109762e-05,"SDC2","mature","identity+migrating",0.22,NA,NA,NA,NA
2.65223835227828e-09,0.592429002319468,0.919,0.791,8.8950769858709e-05,"NRXN1","mature","identity+migrating",0.128,NA,NA,NA,NA
2.89475226497834e-09,0.765205555962308,0.727,0.479,9.70842014628437e-05,"RFTN1","mature","identity+migrating",0.248,NA,NA,NA,NA
3.1391886536523e-09,0.539131065551433,0.848,0.634,0.000105282109066191,"ELAVL4","mature","identity+migrating",0.214,NA,NA,NA,NA
3.19900446092142e-09,0.754968291534092,0.697,0.447,0.000107288211610383,"ROBO1","mature","identity+migrating",0.25,NA,NA,NA,NA
3.31884611820021e-09,0.893005867956961,0.409,0.19,0.000111307461112199,"SLC17A6","mature","identity+migrating",0.219,NA,NA,NA,NA
4.15066948067199e-09,0.736103836864548,0.571,0.307,0.000139205153042777,"ZNF608","mature","identity+migrating",0.264,NA,NA,NA,NA
5.58504996917058e-09,1.15364818624448,0.48,0.266,0.000187311405866043,"BAALC","mature","identity+migrating",0.214,NA,NA,NA,NA
8.52887080174762e-09,1.73689345914337,0.232,0.072,0.000286041268949012,"DIO3","mature","identity+migrating",0.16,NA,NA,NA,NA
9.88991763432697e-09,1.17252210846301,0.348,0.15,0.000331688057620058,"KLHL4","mature","identity+migrating",0.198,NA,NA,NA,NA
1.0411770629685e-08,0.821653105127771,0.576,0.338,0.000349189963378376,"OLFM1","mature","identity+migrating",0.238,NA,NA,NA,NA
1.05548600679968e-08,0.264849926548915,1,1,0.000353988896960475,"CCNI","mature","identity+migrating",0,NA,NA,NA,NA
1.07326372275266e-08,0.848941666936982,0.626,0.388,0.000359951187336786,"MAGI2","mature","identity+migrating",0.238,NA,NA,NA,NA
1.15431754143227e-08,0.336126536475346,1,0.98,0.000387135017045556,"DYNLL1","mature","identity+migrating",0.02,NA,NA,NA,NA
1.49990089763363e-08,1.30363296744284,0.268,0.094,0.000503036763048368,"PCDH10","mature","identity+migrating",0.174,NA,NA,NA,NA
1.80450079037331e-08,1.28870625716737,0.242,0.078,0.000605193475075402,"RORA","mature","identity+migrating",0.164,NA,NA,NA,NA
1.98517093773923e-08,1.27823005960166,0.242,0.081,0.000665786629098982,"CALB2","mature","identity+migrating",0.161,NA,NA,NA,NA
2.47606424854695e-08,1.27886925195462,0.288,0.111,0.000830422427677677,"DIO3OS","mature","identity+migrating",0.177,NA,NA,NA,NA
2.73786563248114e-08,1.73230747218593,0.227,0.074,0.000918225375821523,"GULP1","mature","identity+migrating",0.153,NA,NA,NA,NA
2.78169519711013e-08,1.01980122095168,0.465,0.242,0.000932924935206795,"RHOU","mature","identity+migrating",0.223,NA,NA,NA,NA
2.80188363013638e-08,0.80657492287827,0.662,0.427,0.000939695731875139,"JUN","mature","identity+migrating",0.235,NA,NA,NA,NA
2.94119697591347e-08,1.41144702680568,0.328,0.146,0.000986418641781859,"FAM19A2","mature","identity+migrating",0.182,NA,NA,NA,NA
2.96786660094783e-08,0.496962545388776,0.894,0.754,0.000995363100625883,"TMX4","mature","identity+migrating",0.14,NA,NA,NA,NA
3.57045071962622e-08,1.19669695947648,0.323,0.137,0.00119745776234824,"ADCY2","mature","identity+migrating",0.186,NA,NA,NA,NA
5.776977627982e-08,0.452469369018614,0.929,0.802,0.0019374827568726,"METRN","mature","identity+migrating",0.127,NA,NA,NA,NA
6.74347244314848e-08,1.89002108801123,0.192,0.057,0.00226162578798314,"GALNTL6","mature","identity+migrating",0.135,NA,NA,NA,NA
7.96250670904383e-08,0.972706063319754,0.394,0.19,0.00267046550007912,"FRZB","mature","identity+migrating",0.204,NA,NA,NA,NA
8.74423921410409e-08,0.496057914912681,0.944,0.837,0.00293264294762623,"ZFHX4","mature","identity+migrating",0.107,NA,NA,NA,NA
8.7779518664496e-08,0.383970206655379,0.96,0.93,0.00294394949696987,"NOVA1","mature","identity+migrating",0.0299999999999999,NA,NA,NA,NA
9.09683016878002e-08,1.03054542861702,0.354,0.159,0.00305089490200544,"EPHA3","mature","identity+migrating",0.195,NA,NA,NA,NA
9.2500512671219e-08,1.5533060016957,0.217,0.072,0.00310228219396734,"CLMP","mature","identity+migrating",0.145,NA,NA,NA,NA
9.56595864706256e-08,0.84195803578939,0.556,0.346,0.00320823121105184,"RCAN2","mature","identity+migrating",0.21,NA,NA,NA,NA
1.07494934690008e-07,0.769292598551963,0.545,0.329,0.0036051651196335,"SCN9A","mature","identity+migrating",0.216,NA,NA,NA,NA
1.72999709910712e-07,0.340006998522632,0.98,0.959,0.00580206427098546,"BEX1","mature","identity+migrating",0.021,NA,NA,NA,NA
1.83133341121201e-07,0.97202208602147,0.455,0.257,0.00614192599452284,"BRINP1","mature","identity+migrating",0.198,NA,NA,NA,NA
2.16060583246742e-07,1.67574023543761,0.227,0.081,0.00724623984092923,"NEBL","mature","identity+migrating",0.146,NA,NA,NA,NA
2.55449419243622e-07,1.0697710515914,0.313,0.139,0.00856726262259258,"ETV1","mature","identity+migrating",0.174,NA,NA,NA,NA
2.61581332779103e-07,1.28040564960621,0.237,0.087,0.00877291473874555,"NTNG2","mature","identity+migrating",0.15,NA,NA,NA,NA
2.69283866862136e-07,0.671631034493675,0.652,0.42,0.00903124232682232,"PAM","mature","identity+migrating",0.232,NA,NA,NA,NA
3.01152316116703e-07,1.90152514888007,0.253,0.1,0.010100046377922,"TRH","mature","identity+migrating",0.153,NA,NA,NA,NA
3.45399676044263e-07,0.492621542010347,0.889,0.756,0.0115840143351725,"APLP2","mature","identity+migrating",0.133,NA,NA,NA,NA
4.24627623930763e-07,0.855061406739581,0.621,0.449,0.0142411612513899,"ZNF521","mature","identity+migrating",0.172,NA,NA,NA,NA
4.35259586794479e-07,0.500668957739909,0.909,0.808,0.0145977360219132,"ITM2B","mature","identity+migrating",0.101,NA,NA,NA,NA
5.19472873725744e-07,0.893149930165445,0.5,0.301,0.017422081239014,"AHI1","mature","identity+migrating",0.199,NA,NA,NA,NA
7.56060732807326e-07,0.281219738701636,0.995,0.978,0.0253567648568921,"CIRBP","mature","identity+migrating",0.017,NA,NA,NA,NA
7.61407145096849e-07,0.852024787032734,0.409,0.218,0.0255360728322581,"DECR1","mature","identity+migrating",0.191,NA,NA,NA,NA
9.1630820694666e-07,1.6299327251648,0.197,0.07,0.0307311446445771,"AC114316.2","mature","identity+migrating",0.127,NA,NA,NA,NA
9.64629955745688e-07,0.652600567485593,0.525,0.322,0.0323517594557989,"FAM171B","mature","identity+migrating",0.203,NA,NA,NA,NA
1.08480514320281e-06,0.615913274208174,0.646,0.447,0.036382194892736,"PHACTR3","mature","identity+migrating",0.199,NA,NA,NA,NA
1.22795794622194e-06,0.728968777794792,0.551,0.342,0.0411832536003916,"TRIB2","mature","identity+migrating",0.209,NA,NA,NA,NA
1.50324565632301e-06,1.97078282546267,0.152,0.044,0.0504158528217612,"IRS4","mature","identity+migrating",0.108,NA,NA,NA,NA
1.50728108014885e-06,1.11598034576963,0.283,0.124,0.050551192866032,"KLHL29","mature","identity+migrating",0.159,NA,NA,NA,NA
1.66010776401562e-06,2.36183571809739,0.126,0.031,0.0556766941895559,"RAB32","mature","identity+migrating",0.095,NA,NA,NA,NA
1.67528060730329e-06,0.5028384629584,0.838,0.756,0.0561855610077378,"PSMB2","mature","identity+migrating",0.082,NA,NA,NA,NA
1.71710417579098e-06,1.10853720051032,0.283,0.126,0.0575882398476779,"CEP126","mature","identity+migrating",0.157,NA,NA,NA,NA
1.84500639575889e-06,1.07372749405998,0.308,0.146,0.0618778245009616,"PPP2R2C","mature","identity+migrating",0.162,NA,NA,NA,NA
2.04284510447788e-06,0.718900069202081,0.591,0.39,0.0685129391139792,"CHL1","mature","identity+migrating",0.201,NA,NA,NA,NA
2.13419989505641e-06,1.24271756293575,0.232,0.094,0.071576796080402,"NECTIN3","mature","identity+migrating",0.138,NA,NA,NA,NA
2.27421638130929e-06,0.662456387831688,0.662,0.462,0.0762726689963511,"CASTOR3","mature","identity+migrating",0.2,NA,NA,NA,NA
2.45732012379691e-06,0.509669538905715,0.823,0.706,0.0824136023119006,"TUSC3","mature","identity+migrating",0.117,NA,NA,NA,NA
2.52597154056295e-06,1.05009357106868,0.253,0.105,0.0847160335274,"ZBTB7C","mature","identity+migrating",0.148,NA,NA,NA,NA
2.86994107952332e-06,1.23352950625437,0.263,0.118,0.0962520839250532,"CCDC85A","mature","identity+migrating",0.145,NA,NA,NA,NA
2.9441214786092e-06,0.878807030439675,0.313,0.153,0.0987399461495954,"GRIA4","mature","identity+migrating",0.16,NA,NA,NA,NA
4.11020878709839e-06,0.802825436079853,0.535,0.366,0.137848182301706,"NLGN4X","mature","identity+migrating",0.169,NA,NA,NA,NA
4.12372883833697e-06,1.08774554963255,0.348,0.187,0.138301617780145,"DENND1B","mature","identity+migrating",0.161,NA,NA,NA,NA
4.20560613928349e-06,0.752249072288181,0.561,0.392,0.14104761869929,"UBE2E1","mature","identity+migrating",0.169,NA,NA,NA,NA
4.63729048536534e-06,1.04768921337851,0.288,0.137,0.155525448298183,"UBE2QL1","mature","identity+migrating",0.151,NA,NA,NA,NA
4.80092780909996e-06,0.637356186530052,0.586,0.388,0.161013516861594,"SORBS2","mature","identity+migrating",0.198,NA,NA,NA,NA
4.92350842636246e-06,0.390061845140311,0.864,0.756,0.165124625603344,"ARMCX3","mature","identity+migrating",0.108,NA,NA,NA,NA
5.027016919788e-06,0.50267076204592,0.712,0.525,0.16859609345585,"DACH2","mature","identity+migrating",0.187,NA,NA,NA,NA
5.40330270439347e-06,1.30022443976782,0.237,0.102,0.181215966099948,"GRM7","mature","identity+migrating",0.135,NA,NA,NA,NA
5.48200975431423e-06,0.904651409334852,0.379,0.209,0.18385564314019,"ZFYVE9","mature","identity+migrating",0.17,NA,NA,NA,NA
5.69149492865593e-06,0.677309183074214,0.682,0.505,0.190881356917263,"FJX1","mature","identity+migrating",0.177,NA,NA,NA,NA
6.00534631183607e-06,0.669334017679606,0.535,0.346,0.201407304606358,"HEBP2","mature","identity+migrating",0.189,NA,NA,NA,NA
7.22082443965253e-06,0.660291340512536,0.591,0.418,0.242172010057066,"DZIP3","mature","identity+migrating",0.173,NA,NA,NA,NA
7.40570245237848e-06,0.96592997066699,0.323,0.168,0.24837244884787,"MAGI3","mature","identity+migrating",0.155,NA,NA,NA,NA
7.51964359935651e-06,0.90286510933441,0.434,0.261,0.252193807035219,"CCSER1","mature","identity+migrating",0.173,NA,NA,NA,NA
7.7530964241186e-06,0.889312099979864,0.333,0.176,0.26002334787209,"ANXA5","mature","identity+migrating",0.157,NA,NA,NA,NA
8.45075353304871e-06,0.932529313934902,0.308,0.157,0.283421371991388,"CAST","mature","identity+migrating",0.151,NA,NA,NA,NA
9.2876998423122e-06,0.776142016696486,0.46,0.288,0.311490877311467,"SRGAP2B","mature","identity+migrating",0.172,NA,NA,NA,NA
9.6024657421607e-06,1.05514289657587,0.348,0.198,0.322047496060586,"SESN3","mature","identity+migrating",0.15,NA,NA,NA,NA
9.93282682578287e-06,1.04846788931945,0.242,0.107,0.333127146083106,"SLC6A1","mature","identity+migrating",0.135,NA,NA,NA,NA
1.07943257896849e-05,1.03206876992101,0.308,0.159,0.362020098334452,"RAB3B","mature","identity+migrating",0.149,NA,NA,NA,NA
1.08139718695261e-05,0.609319982297634,0.722,0.601,0.362678988560165,"TCEAL7","mature","identity+migrating",0.121,NA,NA,NA,NA
1.10894518500498e-05,0.66275216125755,0.652,0.503,0.37191803614697,"PHF3","mature","identity+migrating",0.149,NA,NA,NA,NA
1.16160403559704e-05,0.649723190549751,0.515,0.34,0.389578761458535,"PAX6","mature","identity+migrating",0.175,NA,NA,NA,NA
1.17585960030011e-05,0.915245037108814,0.323,0.166,0.394359792748651,"MYO16","mature","identity+migrating",0.157,NA,NA,NA,NA
1.17638644981287e-05,1.19947624709266,0.187,0.072,0.394536487538241,"ADCYAP1","mature","identity+migrating",0.115,NA,NA,NA,NA
1.26428149202047e-05,0.779928925081649,0.475,0.312,0.424014726793824,"EPHA4","mature","identity+migrating",0.163,NA,NA,NA,NA
1.27327496509698e-05,0.309512372764316,0.955,0.887,0.427030957794226,"BEX2","mature","identity+migrating",0.068,NA,NA,NA,NA
1.28905278590572e-05,1.12452609853894,0.293,0.146,0.432322523337059,"CDH7","mature","identity+migrating",0.147,NA,NA,NA,NA
1.49092778763134e-05,0.627593237633857,0.641,0.466,0.500027361415798,"OCIAD2","mature","identity+migrating",0.175,NA,NA,NA,NA
1.50606520673513e-05,0.59967604684055,0.636,0.453,0.505104149034827,"IFT57","mature","identity+migrating",0.183,NA,NA,NA,NA
1.58099575727138e-05,0.946063064283382,0.333,0.181,0.530234357073675,"RASSF8","mature","identity+migrating",0.152,NA,NA,NA,NA
1.73345711066522e-05,1.22269912132901,0.197,0.078,0.581366845774901,"GPR176","mature","identity+migrating",0.119,NA,NA,NA,NA
1.80822327216364e-05,0.646374308921115,0.53,0.346,0.606441921018243,"PEA15","mature","identity+migrating",0.184,NA,NA,NA,NA
1.87598504205101e-05,0.827274913160622,0.394,0.235,0.629167863403067,"CADM2","mature","identity+migrating",0.159,NA,NA,NA,NA
1.913730097719e-05,1.08942295881163,0.283,0.139,0.641826800173,"MPP3","mature","identity+migrating",0.144,NA,NA,NA,NA
1.99167505754665e-05,0.415087845915964,0.722,0.519,0.667967980799997,"SYP","mature","identity+migrating",0.203,NA,NA,NA,NA
2.10323440175857e-05,0.739068293919299,0.384,0.22,0.705382753661789,"UBE2T","mature","identity+migrating",0.164,NA,NA,NA,NA
2.32502285549786e-05,0.759038160668819,0.384,0.218,0.779766165276873,"SAMD5","mature","identity+migrating",0.166,NA,NA,NA,NA
2.3822342661549e-05,0.813340186089665,0.399,0.235,0.79895372818303,"TCF4","mature","identity+migrating",0.164,NA,NA,NA,NA
2.4021465985314e-05,0.46797031384316,0.677,0.464,0.805631926215461,"BAZ2B","mature","identity+migrating",0.213,NA,NA,NA,NA
2.58675323501811e-05,1.01001576473704,0.232,0.102,0.867545299960372,"POLR3K","mature","identity+migrating",0.13,NA,NA,NA,NA
2.62735026020544e-05,1.0025427880903,0.197,0.081,0.881160730267702,"FSTL5","mature","identity+migrating",0.116,NA,NA,NA,NA
2.69179668806857e-05,1.65148804099667,0.131,0.041,0.902774773244435,"DLGAP1","mature","identity+migrating",0.09,NA,NA,NA,NA
2.88093265868554e-05,0.994064080883534,0.293,0.153,0.966207195069957,"WASF3","mature","identity+migrating",0.14,NA,NA,NA,NA
2.88791624351626e-05,1.02553970015272,0.298,0.157,0.968549349750482,"C1orf53","mature","identity+migrating",0.141,NA,NA,NA,NA
3.0660095689849e-05,0.888572518709983,0.359,0.203,1,"ECI2","mature","identity+migrating",0.156,NA,NA,NA,NA
3.14031132167142e-05,1.31987938855734,0.146,0.05,1,"AC106881.1","mature","identity+migrating",0.096,NA,NA,NA,NA
3.19339593911854e-05,1.47987168544361,0.146,0.05,1,"GPR6","mature","identity+migrating",0.096,NA,NA,NA,NA
3.4365468874947e-05,0.933272483426533,0.278,0.139,1,"NPAS3","mature","identity+migrating",0.139,NA,NA,NA,NA
4.04437372380804e-05,1.47869943565431,0.172,0.068,1,"NDST4","mature","identity+migrating",0.104,NA,NA,NA,NA
4.2608696038148e-05,1.35387128368108,0.152,0.054,1,"BAIAP3","mature","identity+migrating",0.098,NA,NA,NA,NA
4.2861351508934e-05,0.365442159280275,0.909,0.815,1,"TCEAL4","mature","identity+migrating",0.0940000000000001,NA,NA,NA,NA
4.81912976008514e-05,0.593943858263225,0.621,0.462,1,"SYT5","mature","identity+migrating",0.159,NA,NA,NA,NA
4.8472602002142e-05,1.12139743586132,0.273,0.139,1,"EPB41L3","mature","identity+migrating",0.134,NA,NA,NA,NA
4.94967931836177e-05,0.811302803614038,0.197,0.083,1,"PTGER3","mature","identity+migrating",0.114,NA,NA,NA,NA
5.08820045020051e-05,0.414287789474194,0.793,0.625,1,"SMIM14","mature","identity+migrating",0.168,NA,NA,NA,NA
5.21607200157946e-05,1.06266276572215,0.268,0.135,1,"TIPARP","mature","identity+migrating",0.133,NA,NA,NA,NA
5.32972229736513e-05,0.764958022013357,0.429,0.266,1,"TOX3","mature","identity+migrating",0.163,NA,NA,NA,NA
5.36936659180272e-05,1.14367138589769,0.207,0.092,1,"OGFRL1","mature","identity+migrating",0.115,NA,NA,NA,NA
5.67744943713617e-05,0.280049331725218,0.939,0.926,1,"PAK3","mature","identity+migrating",0.0129999999999999,NA,NA,NA,NA
5.75571638359797e-05,0.345777593349614,0.97,0.917,1,"CAMK2N1","mature","identity+migrating",0.0529999999999999,NA,NA,NA,NA
5.89722062365152e-05,1.92105330907906,0.111,0.033,1,"TENM1","mature","identity+migrating",0.078,NA,NA,NA,NA
5.9013906375716e-05,0.744709339257954,0.384,0.227,1,"PPP1R21","mature","identity+migrating",0.157,NA,NA,NA,NA
5.96794727835895e-05,0.525518555614296,0.753,0.617,1,"TCEAL8","mature","identity+migrating",0.136,NA,NA,NA,NA
5.98496181150767e-05,0.73630137347183,0.369,0.222,1,"SOX5","mature","identity+migrating",0.147,NA,NA,NA,NA
5.98882382371011e-05,0.890877117851263,0.278,0.146,1,"FIGN","mature","identity+migrating",0.132,NA,NA,NA,NA
6.01734288143015e-05,1.387362877827,0.116,0.035,1,"CA10","mature","identity+migrating",0.081,NA,NA,NA,NA
6.21349483899879e-05,1.35692546904534,0.131,0.044,1,"NLGN1","mature","identity+migrating",0.087,NA,NA,NA,NA
6.39035806399498e-05,1.38634932453807,0.172,0.07,1,"ZNF324","mature","identity+migrating",0.102,NA,NA,NA,NA
6.52588968396512e-05,1.38775575401843,0.177,0.074,1,"DIAPH2","mature","identity+migrating",0.103,NA,NA,NA,NA
7.05895041641392e-05,0.795264459981824,0.429,0.275,1,"LIN7A","mature","identity+migrating",0.154,NA,NA,NA,NA
7.11270599543849e-05,1.15034322584104,0.197,0.085,1,"MAF","mature","identity+migrating",0.112,NA,NA,NA,NA
7.26819042520906e-05,0.619265382736489,0.636,0.488,1,"GNAI1","mature","identity+migrating",0.148,NA,NA,NA,NA
8.19693263450624e-05,0.707785125699923,0.47,0.314,1,"SCN3B","mature","identity+migrating",0.156,NA,NA,NA,NA
8.22429905310247e-05,1.50602197232529,0.106,0.031,1,"SHISA6","mature","identity+migrating",0.075,NA,NA,NA,NA
8.39143764752387e-05,0.528306769428649,0.399,0.242,1,"TMEM178A","mature","identity+migrating",0.157,NA,NA,NA,NA
8.69180928055423e-05,0.532284142978563,0.657,0.484,1,"CLU","mature","identity+migrating",0.173,NA,NA,NA,NA
8.70264401042254e-05,0.315701006493068,0.929,0.858,1,"APP","mature","identity+migrating",0.0710000000000001,NA,NA,NA,NA
8.96009101719836e-05,0.372332310479875,0.879,0.769,1,"UQCRFS1","mature","identity+migrating",0.11,NA,NA,NA,NA
9.59377896929996e-05,1.73931032293878,0.131,0.046,1,"ZNF440","mature","identity+migrating",0.085,NA,NA,NA,NA
9.76124380061109e-05,0.977138618313314,0.278,0.148,1,"AC010247.2","mature","identity+migrating",0.13,NA,NA,NA,NA
0.000101236664571075,1.35854514052328,0.131,0.046,1,"GABRG2","mature","identity+migrating",0.085,NA,NA,NA,NA
0.000105732396791109,0.52987973117171,0.525,0.357,1,"ELOVL6","mature","identity+migrating",0.168,NA,NA,NA,NA
0.000109234944995878,0.708170528960381,0.439,0.285,1,"SNX17","mature","identity+migrating",0.154,NA,NA,NA,NA
0.000110392720270859,0.765914379002662,0.328,0.194,1,"RASSF8-AS1","mature","identity+migrating",0.134,NA,NA,NA,NA
0.000123829639640854,0.372426950600719,0.763,0.641,1,"GDAP1","mature","identity+migrating",0.122,NA,NA,NA,NA
0.000125452286972607,1.1513690000415,0.268,0.144,1,"FEZF1-AS1","mature","identity+migrating",0.124,NA,NA,NA,NA
0.000129769054552861,0.564902414315215,0.52,0.362,1,"ICA1L","mature","identity+migrating",0.158,NA,NA,NA,NA
0.000130127188815597,0.70479996097122,0.323,0.183,1,"SMC2","mature","identity+migrating",0.14,NA,NA,NA,NA
0.000133714848174762,1.17974702301229,0.141,0.052,1,"ALG11","mature","identity+migrating",0.089,NA,NA,NA,NA
0.000134520865967866,0.375120993906239,0.803,0.708,1,"DST","mature","identity+migrating",0.0950000000000001,NA,NA,NA,NA
0.000135017739803721,0.573854466937227,0.525,0.353,1,"SLIT1","mature","identity+migrating",0.172,NA,NA,NA,NA
0.000139820152752214,1.16611755393507,0.207,0.1,1,"PGBD2","mature","identity+migrating",0.107,NA,NA,NA,NA
0.000141099787649665,0.948984445033776,0.318,0.19,1,"TTLL1","mature","identity+migrating",0.128,NA,NA,NA,NA
0.000141125536498806,1.47297291173302,0.177,0.078,1,"NRIP3","mature","identity+migrating",0.099,NA,NA,NA,NA
0.000142073368827918,0.820405649877413,0.237,0.118,1,"OLFM3","mature","identity+migrating",0.119,NA,NA,NA,NA
0.000147284433494805,0.983106926685917,0.232,0.115,1,"AC006450.3","mature","identity+migrating",0.117,NA,NA,NA,NA
0.000148803767645569,0.453443084897419,0.677,0.538,1,"ZBTB20","mature","identity+migrating",0.139,NA,NA,NA,NA
0.000152307454259594,0.584870935669695,0.47,0.32,1,"DFFA","mature","identity+migrating",0.15,NA,NA,NA,NA
0.000169196826112309,1.14642786885079,0.237,0.122,1,"EMC2","mature","identity+migrating",0.115,NA,NA,NA,NA
0.000169353218051317,0.431859217388051,0.758,0.61,1,"ECHS1","mature","identity+migrating",0.148,NA,NA,NA,NA
0.000175545846328624,1.02145633327357,0.222,0.107,1,"PEX19","mature","identity+migrating",0.115,NA,NA,NA,NA
0.000180078010241679,1.17261579386046,0.167,0.072,1,"PLA2G12A","mature","identity+migrating",0.095,NA,NA,NA,NA
0.000182257173056373,0.915103320644763,0.217,0.105,1,"CCDC74A","mature","identity+migrating",0.112,NA,NA,NA,NA
0.000184583880996439,1.23809282715726,0.237,0.124,1,"DNAJC12","mature","identity+migrating",0.113,NA,NA,NA,NA
0.000205747658828972,0.82119971028881,0.359,0.222,1,"ELOVL5","mature","identity+migrating",0.137,NA,NA,NA,NA
0.000217567990053079,0.575202267374236,0.596,0.438,1,"CDO1","mature","identity+migrating",0.158,NA,NA,NA,NA
0.000223645819948986,1.03748783822854,0.232,0.12,1,"JADE1","mature","identity+migrating",0.112,NA,NA,NA,NA
0.000237427661846654,0.756152644394748,0.323,0.19,1,"ADGRB3","mature","identity+migrating",0.133,NA,NA,NA,NA
0.000251788038201324,0.294181133710207,0.965,0.952,1,"NDUFB4","mature","identity+migrating",0.013,NA,NA,NA,NA
0.000256123636254085,1.57774026892595,0.152,0.063,1,"DMRTA2","mature","identity+migrating",0.089,NA,NA,NA,NA
0.000258198376374694,0.855498276864991,0.278,0.157,1,"DOPEY2","mature","identity+migrating",0.121,NA,NA,NA,NA
0.000268168146222129,0.675498011275844,0.263,0.139,1,"PEX16","mature","identity+migrating",0.124,NA,NA,NA,NA
0.00027088268959567,0.447631511568224,0.677,0.549,1,"AKIRIN2","mature","identity+migrating",0.128,NA,NA,NA,NA
0.000284093733002138,0.767231036536068,0.237,0.122,1,"PSTK","mature","identity+migrating",0.115,NA,NA,NA,NA
0.000284566255321727,1.52762797180195,0.152,0.063,1,"TSPYL2","mature","identity+migrating",0.089,NA,NA,NA,NA
0.000285106047803115,0.798499834518616,0.187,0.085,1,"TSHZ3","mature","identity+migrating",0.102,NA,NA,NA,NA
0.000287225864762611,0.875312517261166,0.237,0.122,1,"UNC80","mature","identity+migrating",0.115,NA,NA,NA,NA
0.000290513294192065,0.452168728310759,0.677,0.49,1,"RNF11","mature","identity+migrating",0.187,NA,NA,NA,NA
0.00030272981989052,1.12032087156368,0.217,0.113,1,"PGGT1B","mature","identity+migrating",0.104,NA,NA,NA,NA
0.00032211368402644,1.08375385499375,0.146,0.061,1,"FIGNL2","mature","identity+migrating",0.085,NA,NA,NA,NA
0.000322496883383275,0.342195475617761,0.803,0.671,1,"ENHO","mature","identity+migrating",0.132,NA,NA,NA,NA
0.000331089532246618,0.632974959319655,0.369,0.233,1,"ATP1B2","mature","identity+migrating",0.136,NA,NA,NA,NA
0.000356406318696494,0.364945392749265,0.692,0.582,1,"POLR1D","mature","identity+migrating",0.11,NA,NA,NA,NA
0.000358078020394422,0.989053503596057,0.202,0.1,1,"CPVL","mature","identity+migrating",0.102,NA,NA,NA,NA
0.00035896986380366,1.31971374516731,0.162,0.07,1,"ANKRD55","mature","identity+migrating",0.092,NA,NA,NA,NA
0.000359477261108228,0.800335554509339,0.207,0.1,1,"TMTC1","mature","identity+migrating",0.107,NA,NA,NA,NA
0.000366210000119979,0.284817146093468,0.899,0.837,1,"TSPYL4","mature","identity+migrating",0.062,NA,NA,NA,NA
0.0003689793789461,0.699325870928075,0.338,0.203,1,"LMO2","mature","identity+migrating",0.135,NA,NA,NA,NA
0.000370327438966,1.0991171586829,0.167,0.074,1,"TMEM31","mature","identity+migrating",0.093,NA,NA,NA,NA
0.000388305132470955,0.55013802737131,0.571,0.427,1,"RNF2","mature","identity+migrating",0.144,NA,NA,NA,NA
0.000390823414506694,0.812314827845154,0.242,0.129,1,"C5orf49","mature","identity+migrating",0.113,NA,NA,NA,NA
0.000390846693494886,0.556668267742909,0.434,0.285,1,"WDR61","mature","identity+migrating",0.149,NA,NA,NA,NA
0.000394962640582811,0.447966034093638,0.525,0.379,1,"STRN4","mature","identity+migrating",0.146,NA,NA,NA,NA
0.000398518264018926,0.272174239184559,0.924,0.861,1,"TUT4","mature","identity+migrating",0.063,NA,NA,NA,NA
0.000402692963603413,1.21031208850913,0.207,0.107,1,"SAMD15","mature","identity+migrating",0.1,NA,NA,NA,NA
0.000415319508171013,0.68591430683484,0.298,0.172,1,"VWA5A","mature","identity+migrating",0.126,NA,NA,NA,NA
0.000416813058708691,1.15305645300654,0.116,0.041,1,"UNC5C","mature","identity+migrating",0.075,NA,NA,NA,NA
0.000424698759455819,0.537753436127997,0.465,0.32,1,"CASC4","mature","identity+migrating",0.145,NA,NA,NA,NA
0.000437484733209249,0.906588391413794,0.258,0.144,1,"NIPSNAP3A","mature","identity+migrating",0.114,NA,NA,NA,NA
0.000443502856318129,0.752566143450142,0.303,0.174,1,"FANCL","mature","identity+migrating",0.129,NA,NA,NA,NA
0.000453794270845359,0.864510763870304,0.247,0.135,1,"CNGB1","mature","identity+migrating",0.112,NA,NA,NA,NA
0.000460702973367858,0.680779665327115,0.333,0.2,1,"SLC35B4","mature","identity+migrating",0.133,NA,NA,NA,NA
0.000463369185877501,1.04803572718936,0.207,0.105,1,"R3HCC1L","mature","identity+migrating",0.102,NA,NA,NA,NA
0.000472446790034466,0.665220010855325,0.338,0.211,1,"GPR27","mature","identity+migrating",0.127,NA,NA,NA,NA
0.000476740006473782,1.30631743416547,0.131,0.052,1,"FAM19A1","mature","identity+migrating",0.079,NA,NA,NA,NA
0.000479819803856128,0.251756105940928,0.823,0.736,1,"SMARCC2","mature","identity+migrating",0.087,NA,NA,NA,NA
0.000488121851815381,0.97869831714249,0.197,0.098,1,"RSPO3","mature","identity+migrating",0.099,NA,NA,NA,NA
0.000490600979746684,0.719351180182628,0.278,0.159,1,"CAP2","mature","identity+migrating",0.119,NA,NA,NA,NA
0.000493983983121443,1.11824920350874,0.121,0.046,1,"EPB41L4A-DT","mature","identity+migrating",0.075,NA,NA,NA,NA
0.000497447411927913,0.770961548454299,0.399,0.268,1,"TSTD1","mature","identity+migrating",0.131,NA,NA,NA,NA
0.000518191258279239,0.635328643130764,0.439,0.305,1,"DALRD3","mature","identity+migrating",0.134,NA,NA,NA,NA
0.000518721242773185,0.392190964117051,0.672,0.54,1,"PUM1","mature","identity+migrating",0.132,NA,NA,NA,NA
0.000520020829449348,1.02559499489244,0.111,0.039,1,"GATB","mature","identity+migrating",0.072,NA,NA,NA,NA
0.000539772644952592,0.34708013402836,0.53,0.379,1,"RIMS2","mature","identity+migrating",0.151,NA,NA,NA,NA
0.00054850304705365,1.03134220360519,0.323,0.2,1,"GNG8","mature","identity+migrating",0.123,NA,NA,NA,NA
0.000554423483353477,1.12148529613316,0.162,0.072,1,"DPP10","mature","identity+migrating",0.09,NA,NA,NA,NA
0.000556667227161999,0.300235364915756,0.798,0.697,1,"ZC3H15","mature","identity+migrating",0.101,NA,NA,NA,NA
0.000580382453530913,0.712120753289492,0.374,0.242,1,"ANKMY2","mature","identity+migrating",0.132,NA,NA,NA,NA
0.000592829195923327,1.30116992074845,0.126,0.05,1,"FANK1","mature","identity+migrating",0.076,NA,NA,NA,NA
0.000600052331162253,1.4224169269013,0.146,0.065,1,"LIPA","mature","identity+migrating",0.081,NA,NA,NA,NA
0.000617647505872543,0.802244269486436,0.232,0.124,1,"DDIT4","mature","identity+migrating",0.108,NA,NA,NA,NA
0.00062211378984052,0.477256357560794,0.591,0.484,1,"PDHB","mature","identity+migrating",0.107,NA,NA,NA,NA
0.00062500969818697,0.356553838609909,0.808,0.739,1,"SRI","mature","identity+migrating",0.0690000000000001,NA,NA,NA,NA
0.000663209138887095,0.757031057988575,0.348,0.224,1,"CYP51A1","mature","identity+migrating",0.124,NA,NA,NA,NA
0.000669552865844968,0.307084186660191,0.889,0.813,1,"FAM229B","mature","identity+migrating",0.0760000000000001,NA,NA,NA,NA
0.000670906375423889,0.622058754261652,0.374,0.237,1,"DMD","mature","identity+migrating",0.137,NA,NA,NA,NA
0.000682253427068004,0.679861785929631,0.308,0.183,1,"CHPT1","mature","identity+migrating",0.125,NA,NA,NA,NA
0.000690626603413576,0.337640673525535,0.717,0.571,1,"MAP3K13","mature","identity+migrating",0.146,NA,NA,NA,NA
0.000702636706913318,0.823192999968984,0.197,0.096,1,"ZNF227","mature","identity+migrating",0.101,NA,NA,NA,NA
0.000724924868186174,0.529603609933101,0.475,0.316,1,"AMPH","mature","identity+migrating",0.159,NA,NA,NA,NA
0.000733574979904397,0.976215546467483,0.182,0.089,1,"DENND6A","mature","identity+migrating",0.093,NA,NA,NA,NA
0.000740288998087241,0.527536854456092,0.384,0.248,1,"METTL14","mature","identity+migrating",0.136,NA,NA,NA,NA
0.000784098140448389,0.725498926279209,0.359,0.231,1,"IFT88","mature","identity+migrating",0.128,NA,NA,NA,NA
0.00080273740033718,0.36091985699793,0.763,0.593,1,"CISD1","mature","identity+migrating",0.17,NA,NA,NA,NA
0.000834599586638243,0.785308073158729,0.313,0.196,1,"ZBTB38","mature","identity+migrating",0.117,NA,NA,NA,NA
0.000854414182569928,0.444941208941789,0.561,0.431,1,"CCDC66","mature","identity+migrating",0.13,NA,NA,NA,NA
0.000866303570009579,0.73037835823999,0.384,0.259,1,"FLRT3","mature","identity+migrating",0.125,NA,NA,NA,NA
0.000882170363221257,0.86320259613894,0.258,0.15,1,"FBXL2","mature","identity+migrating",0.108,NA,NA,NA,NA
0.000891023405832449,0.740273255240371,0.399,0.281,1,"TEAD1","mature","identity+migrating",0.118,NA,NA,NA,NA
0.000906738586340497,1.11535516796812,0.121,0.048,1,"SORCS1","mature","identity+migrating",0.073,NA,NA,NA,NA
0.000910159909210353,0.590383243332062,0.47,0.346,1,"NFASC","mature","identity+migrating",0.124,NA,NA,NA,NA
0.000916721919912455,0.628883904309032,0.389,0.27,1,"MLF1","mature","identity+migrating",0.119,NA,NA,NA,NA
0.000948327336199368,1.4115694114024,0.126,0.052,1,"KCNJ6","mature","identity+migrating",0.074,NA,NA,NA,NA
0.000948528405708699,0.358512047396284,0.717,0.584,1,"TRIM36","mature","identity+migrating",0.133,NA,NA,NA,NA
0.000954440618001981,0.401009564048369,0.566,0.416,1,"ZEB1","mature","identity+migrating",0.15,NA,NA,NA,NA
0.000955250298007747,0.707120555877909,0.308,0.185,1,"ZFP1","mature","identity+migrating",0.123,NA,NA,NA,NA
0.000959952819671969,0.916068747826616,0.217,0.115,1,"TRPS1","mature","identity+migrating",0.102,NA,NA,NA,NA
0.000974373419161824,0.84020199428199,0.202,0.102,1,"AL356599.1","mature","identity+migrating",0.1,NA,NA,NA,NA
0.000992815620728086,0.684328588653765,0.449,0.336,1,"USP8","mature","identity+migrating",0.113,NA,NA,NA,NA
0.00100041019227099,0.444460168296374,0.53,0.407,1,"TP53BP2","mature","identity+migrating",0.123,NA,NA,NA,NA
0.00105571415296933,0.575910852326087,0.47,0.342,1,"NTPCR","mature","identity+migrating",0.128,NA,NA,NA,NA
0.00105763118828421,0.610047226731466,0.449,0.312,1,"TGOLN2","mature","identity+migrating",0.137,NA,NA,NA,NA
0.0010579375354049,0.51264460440645,0.571,0.451,1,"RNF219","mature","identity+migrating",0.12,NA,NA,NA,NA
0.00105995632331386,0.543592340773967,0.263,0.148,1,"ARL1","mature","identity+migrating",0.115,NA,NA,NA,NA
0.00106007075472536,0.638366500507227,0.374,0.251,1,"CCDC160","mature","identity+migrating",0.123,NA,NA,NA,NA
0.00107166775811556,1.26548578779774,0.126,0.052,1,"GARNL3","mature","identity+migrating",0.074,NA,NA,NA,NA
0.00110245612078712,1.18988696816441,0.121,0.05,1,"PRKCA","mature","identity+migrating",0.071,NA,NA,NA,NA
0.00110669994629516,0.383857218697825,0.515,0.359,1,"UFM1","mature","identity+migrating",0.156,NA,NA,NA,NA
0.00113738573238827,0.299777365339335,0.874,0.769,1,"PCBP1","mature","identity+migrating",0.105,NA,NA,NA,NA
0.00114822464100738,0.61656354562357,0.535,0.401,1,"POLR2G","mature","identity+migrating",0.134,NA,NA,NA,NA
0.00115504067954621,0.380247212468216,0.591,0.431,1,"CFAP298","mature","identity+migrating",0.16,NA,NA,NA,NA
0.00115793485078356,0.788179171146923,0.237,0.133,1,"DAPK1","mature","identity+migrating",0.104,NA,NA,NA,NA
0.0011922493453486,0.707494081064379,0.157,0.072,1,"MAB21L2","mature","identity+migrating",0.085,NA,NA,NA,NA
0.00123513428579818,1.28497080838336,0.136,0.061,1,"PDE1A","mature","identity+migrating",0.075,NA,NA,NA,NA
0.00127631507080681,1.12626013476936,0.152,0.072,1,"DNAJA3","mature","identity+migrating",0.08,NA,NA,NA,NA
0.00134304386587386,0.789805023464441,0.217,0.118,1,"SART1","mature","identity+migrating",0.099,NA,NA,NA,NA
0.00139365581264032,0.503816663706419,0.293,0.176,1,"EFCAB7","mature","identity+migrating",0.117,NA,NA,NA,NA
0.00140013417039579,0.369241086058328,0.576,0.453,1,"G3BP1","mature","identity+migrating",0.123,NA,NA,NA,NA
0.00142560317178361,0.365344905595186,0.727,0.623,1,"MAPK10","mature","identity+migrating",0.104,NA,NA,NA,NA
0.00143834097837499,1.00379508237655,0.192,0.1,1,"NDST3","mature","identity+migrating",0.092,NA,NA,NA,NA
0.00144218567499161,0.949971078842565,0.192,0.1,1,"MCUB","mature","identity+migrating",0.092,NA,NA,NA,NA
0.00144977439048868,0.761611778908087,0.283,0.174,1,"CNTN4","mature","identity+migrating",0.109,NA,NA,NA,NA
0.00145151035249057,0.78637091744806,0.182,0.092,1,"AC008771.1","mature","identity+migrating",0.09,NA,NA,NA,NA
0.00145403269498563,0.588213620464998,0.409,0.285,1,"IER5L","mature","identity+migrating",0.124,NA,NA,NA,NA
0.00146180482693664,0.419428097716102,0.626,0.505,1,"AC084033.3","mature","identity+migrating",0.121,NA,NA,NA,NA
0.00146815714855475,0.321114640588748,0.813,0.708,1,"WSB1","mature","identity+migrating",0.105,NA,NA,NA,NA
0.00148287690289791,0.565536441884664,0.465,0.344,1,"LRRC4C","mature","identity+migrating",0.121,NA,NA,NA,NA
0.00148623869054864,0.461947221868941,0.566,0.453,1,"LNPK","mature","identity+migrating",0.113,NA,NA,NA,NA
0.00149248687325406,0.89776109858475,0.217,0.12,1,"CACNA1E","mature","identity+migrating",0.097,NA,NA,NA,NA
0.00150091962280513,0.722164653529784,0.232,0.129,1,"SIPA1L2","mature","identity+migrating",0.103,NA,NA,NA,NA
0.00152727441269622,1.04930373255264,0.172,0.087,1,"HIBCH","mature","identity+migrating",0.085,NA,NA,NA,NA
0.00155393474265803,0.594828328569248,0.515,0.412,1,"UBL3","mature","identity+migrating",0.103,NA,NA,NA,NA
0.00155977310394664,0.672841774113575,0.202,0.107,1,"FAT1","mature","identity+migrating",0.095,NA,NA,NA,NA
0.00156676031611455,1.13476739554171,0.232,0.137,1,"TRMT61B","mature","identity+migrating",0.095,NA,NA,NA,NA
0.00160896147009224,0.629177199360335,0.328,0.214,1,"PIGBOS1","mature","identity+migrating",0.114,NA,NA,NA,NA
0.00161449677713868,0.291010595563634,0.763,0.636,1,"PGK1","mature","identity+migrating",0.127,NA,NA,NA,NA
0.00162248984468109,0.768175487202285,0.232,0.133,1,"SYT7","mature","identity+migrating",0.099,NA,NA,NA,NA
0.00162357806767064,0.518022656993607,0.566,0.442,1,"CIB2","mature","identity+migrating",0.124,NA,NA,NA,NA
0.00165744464439172,0.671144594039426,0.409,0.283,1,"TMEM246","mature","identity+migrating",0.126,NA,NA,NA,NA
0.00167162369161565,0.50757015909982,0.621,0.503,1,"RND2","mature","identity+migrating",0.118,NA,NA,NA,NA
0.00167178195028709,1.20089944752271,0.162,0.081,1,"SH3GL2","mature","identity+migrating",0.081,NA,NA,NA,NA
0.00173942145043383,1.17339452207775,0.152,0.074,1,"C21orf62","mature","identity+migrating",0.078,NA,NA,NA,NA
0.00175665137362357,1.4654278742979,0.101,0.039,1,"ZNF211","mature","identity+migrating",0.062,NA,NA,NA,NA
0.00176224953497603,0.386357648555365,0.737,0.641,1,"SOBP","mature","identity+migrating",0.096,NA,NA,NA,NA
0.00179418903104841,1.01587267014171,0.172,0.089,1,"DTNBP1","mature","identity+migrating",0.083,NA,NA,NA,NA
0.00182169021136336,0.878399578059303,0.162,0.078,1,"SLC2A13","mature","identity+migrating",0.084,NA,NA,NA,NA
0.00182646169030353,0.27688384812319,0.904,0.817,1,"MAGED2","mature","identity+migrating",0.0870000000000001,NA,NA,NA,NA
0.0018305697020042,0.361900935955161,0.424,0.288,1,"WDR73","mature","identity+migrating",0.136,NA,NA,NA,NA
0.00187018595635194,0.665278537984667,0.369,0.253,1,"RIC3","mature","identity+migrating",0.116,NA,NA,NA,NA
0.00188292406806781,0.509708986481677,0.414,0.294,1,"ZNF493","mature","identity+migrating",0.12,NA,NA,NA,NA
0.00189134699089388,0.447215306923188,0.646,0.536,1,"FBXW11","mature","identity+migrating",0.11,NA,NA,NA,NA
0.0019447788451805,0.570897961849994,0.369,0.246,1,"KLF3","mature","identity+migrating",0.123,NA,NA,NA,NA
0.00198997553204197,0.66835279722686,0.253,0.15,1,"ZNF506","mature","identity+migrating",0.103,NA,NA,NA,NA
0.00201035217144055,1.37043258093475,0.101,0.039,1,"LINGO2","mature","identity+migrating",0.062,NA,NA,NA,NA
0.00203043818577805,0.63609033731936,0.384,0.255,1,"KCTD6","mature","identity+migrating",0.129,NA,NA,NA,NA
0.00204262812066682,0.323301300539392,0.813,0.691,1,"PSMA2","mature","identity+migrating",0.122,NA,NA,NA,NA
0.0020602397751637,1.07128189356731,0.121,0.052,1,"SLC8A1-AS1","mature","identity+migrating",0.069,NA,NA,NA,NA
0.00208868597371283,0.885908497176959,0.187,0.1,1,"DZIP1","mature","identity+migrating",0.087,NA,NA,NA,NA
0.00210718868699791,0.61273260968582,0.298,0.192,1,"B3GAT1","mature","identity+migrating",0.106,NA,NA,NA,NA
0.00211751526182772,0.532157029273563,0.54,0.405,1,"TARS","mature","identity+migrating",0.135,NA,NA,NA,NA
0.00219174481044272,0.635741437327309,0.424,0.303,1,"CHN2","mature","identity+migrating",0.121,NA,NA,NA,NA
0.0021942487800121,1.00092524240763,0.141,0.068,1,"JMJD4","mature","identity+migrating",0.073,NA,NA,NA,NA
0.00220106408616397,0.815661999445639,0.258,0.159,1,"FAM216A","mature","identity+migrating",0.099,NA,NA,NA,NA
0.00220177735369419,0.429054619458508,0.641,0.549,1,"COMMD9","mature","identity+migrating",0.092,NA,NA,NA,NA
0.00220766250693177,0.585898394103483,0.394,0.279,1,"SRGAP2C","mature","identity+migrating",0.115,NA,NA,NA,NA
0.00220883075624204,1.14995825457369,0.126,0.057,1,"PCDH11X","mature","identity+migrating",0.069,NA,NA,NA,NA
0.00224325731843255,0.422479294826186,0.49,0.357,1,"MICU2","mature","identity+migrating",0.133,NA,NA,NA,NA
0.00225194758233662,0.573719735240149,0.475,0.344,1,"ALDH7A1","mature","identity+migrating",0.131,NA,NA,NA,NA
0.00225940552452405,0.627851898895678,0.318,0.198,1,"PYM1","mature","identity+migrating",0.12,NA,NA,NA,NA
0.00226137303660233,0.348807762666719,0.702,0.566,1,"APOO","mature","identity+migrating",0.136,NA,NA,NA,NA
0.00226417181469601,0.61953186905085,0.399,0.288,1,"CD47","mature","identity+migrating",0.111,NA,NA,NA,NA
0.00226712925165271,1.10374404531908,0.111,0.046,1,"LINC02223","mature","identity+migrating",0.065,NA,NA,NA,NA
0.00233528731458333,1.12792411106201,0.131,0.061,1,"FIZ1","mature","identity+migrating",0.07,NA,NA,NA,NA
0.00234909047303132,0.454703245218728,0.535,0.42,1,"LIN28B","mature","identity+migrating",0.115,NA,NA,NA,NA
0.00234925083231228,0.335157258837556,0.768,0.649,1,"AC010931.2","mature","identity+migrating",0.119,NA,NA,NA,NA
0.00240815764837999,0.445353092176717,0.606,0.473,1,"USP3","mature","identity+migrating",0.133,NA,NA,NA,NA
0.0024348040644554,0.265244218589843,0.828,0.758,1,"PSMC1","mature","identity+migrating",0.07,NA,NA,NA,NA
0.00246086723122667,0.601258244772741,0.369,0.255,1,"ST8SIA3","mature","identity+migrating",0.114,NA,NA,NA,NA
0.00246153045189102,1.10812460394617,0.106,0.044,1,"NECAB1","mature","identity+migrating",0.062,NA,NA,NA,NA
0.00247548025788052,0.420460322234937,0.323,0.205,1,"SPA17","mature","identity+migrating",0.118,NA,NA,NA,NA
0.0024843329165399,0.427020973758464,0.576,0.438,1,"ING4","mature","identity+migrating",0.138,NA,NA,NA,NA
0.00254557384218975,0.352850703070206,0.737,0.647,1,"ATP6AP2","mature","identity+migrating",0.09,NA,NA,NA,NA
0.00259827862817806,0.6327976945898,0.242,0.142,1,"ZBTB22","mature","identity+migrating",0.1,NA,NA,NA,NA
0.00269154339636526,0.50716860694933,0.455,0.312,1,"CCDC144NL-AS1","mature","identity+migrating",0.143,NA,NA,NA,NA
0.00270599311488309,0.456465899922312,0.571,0.468,1,"NARS","mature","identity+migrating",0.103,NA,NA,NA,NA
0.00270837029210973,0.434848210030461,0.535,0.401,1,"QSER1","mature","identity+migrating",0.134,NA,NA,NA,NA
0.00272272347800689,0.568802419346067,0.111,0.046,1,"AKAP7","mature","identity+migrating",0.065,NA,NA,NA,NA
0.00276569029666467,0.386892562945628,0.697,0.573,1,"GLG1","mature","identity+migrating",0.124,NA,NA,NA,NA
0.00276983088386368,1.18209951035541,0.121,0.054,1,"UNC5B","mature","identity+migrating",0.067,NA,NA,NA,NA
0.00277071151508236,0.254689024948144,0.813,0.691,1,"ARHGEF9","mature","identity+migrating",0.122,NA,NA,NA,NA
0.00277169962580651,0.532177441508406,0.424,0.298,1,"TENM3","mature","identity+migrating",0.126,NA,NA,NA,NA
0.00277372433280215,0.398010835586933,0.48,0.349,1,"EFHC1","mature","identity+migrating",0.131,NA,NA,NA,NA
0.0028723337702702,0.601243857369894,0.197,0.109,1,"SLC25A53","mature","identity+migrating",0.088,NA,NA,NA,NA
0.00287303745184319,0.440149953046758,0.49,0.362,1,"ATP1A1","mature","identity+migrating",0.128,NA,NA,NA,NA
0.00291474869352664,0.521022999347884,0.303,0.185,1,"TUBE1","mature","identity+migrating",0.118,NA,NA,NA,NA
0.00295598019092288,0.466120001698536,0.52,0.392,1,"SNHG8","mature","identity+migrating",0.128,NA,NA,NA,NA
0.00298237068997873,0.558033166529301,0.318,0.207,1,"PIK3C2A","mature","identity+migrating",0.111,NA,NA,NA,NA
0.00304815181732414,0.900816574772276,0.202,0.113,1,"CMTM6","mature","identity+migrating",0.089,NA,NA,NA,NA
0.00306918030010678,0.712516888411857,0.157,0.078,1,"ADAM12","mature","identity+migrating",0.079,NA,NA,NA,NA
0.00312961404757027,0.542110684437242,0.419,0.301,1,"CTR9","mature","identity+migrating",0.118,NA,NA,NA,NA
0.00315478336510683,0.385171752718587,0.485,0.362,1,"RNASEH2C","mature","identity+migrating",0.123,NA,NA,NA,NA
0.00315838829659626,0.444696375020771,0.47,0.333,1,"CCDC34","mature","identity+migrating",0.137,NA,NA,NA,NA
0.00316624792823469,0.38929888651909,0.778,0.719,1,"CTNNB1","mature","identity+migrating",0.059,NA,NA,NA,NA
0.00317879571001172,0.640280636060302,0.217,0.122,1,"UNC79","mature","identity+migrating",0.095,NA,NA,NA,NA
0.00320459949234796,0.514097118434451,0.419,0.312,1,"SMG7","mature","identity+migrating",0.107,NA,NA,NA,NA
0.00326789637893867,0.39437823320864,0.434,0.298,1,"CCDC59","mature","identity+migrating",0.136,NA,NA,NA,NA
0.00333430001916685,0.544912284970897,0.566,0.471,1,"DHX30","mature","identity+migrating",0.095,NA,NA,NA,NA
0.00340138940112237,0.780287447324266,0.247,0.15,1,"PXN-AS1","mature","identity+migrating",0.097,NA,NA,NA,NA
0.00345362789695358,0.534079766123381,0.414,0.29,1,"RABGAP1","mature","identity+migrating",0.124,NA,NA,NA,NA
0.00348698534090158,0.647552180363919,0.283,0.181,1,"CPSF3","mature","identity+migrating",0.102,NA,NA,NA,NA
0.00355711690836186,0.295601442591284,0.848,0.758,1,"SKA2","mature","identity+migrating",0.09,NA,NA,NA,NA
0.00355713317802332,0.455571815345379,0.475,0.351,1,"RUVBL1","mature","identity+migrating",0.124,NA,NA,NA,NA
0.00356838256630203,1.01157885730039,0.197,0.111,1,"FAM160B1","mature","identity+migrating",0.086,NA,NA,NA,NA
0.00357435238110046,0.61899321970957,0.384,0.281,1,"ST7","mature","identity+migrating",0.103,NA,NA,NA,NA
0.00357469283370755,0.875043680491069,0.152,0.076,1,"ATP7A","mature","identity+migrating",0.076,NA,NA,NA,NA
0.0035935691059124,1.02047443677648,0.227,0.135,1,"PLCB1","mature","identity+migrating",0.092,NA,NA,NA,NA
0.003627491617289,0.464229717818326,0.444,0.314,1,"DPCD","mature","identity+migrating",0.13,NA,NA,NA,NA
0.00363698324765585,0.342831796283654,0.636,0.503,1,"DCUN1D5","mature","identity+migrating",0.133,NA,NA,NA,NA
0.00364467679871471,0.695524271618428,0.182,0.098,1,"ZNF280C","mature","identity+migrating",0.084,NA,NA,NA,NA
0.00364762284325956,0.39678999185054,0.566,0.449,1,"SPEN","mature","identity+migrating",0.117,NA,NA,NA,NA
0.00365480571216467,0.475448308346542,0.338,0.22,1,"CCDC181","mature","identity+migrating",0.118,NA,NA,NA,NA
0.00366096347499486,0.670469207859708,0.278,0.174,1,"CEP162","mature","identity+migrating",0.104,NA,NA,NA,NA
0.0038766148640448,0.631142425795262,0.348,0.237,1,"EXOC4","mature","identity+migrating",0.111,NA,NA,NA,NA
0.00390597822573908,0.789629566826601,0.207,0.12,1,"BASP1-AS1","mature","identity+migrating",0.087,NA,NA,NA,NA
0.00392260586662967,0.551184578716311,0.343,0.237,1,"FOXJ3","mature","identity+migrating",0.106,NA,NA,NA,NA
0.00392634469308924,0.489381710446331,0.465,0.34,1,"FAM199X","mature","identity+migrating",0.125,NA,NA,NA,NA
0.00401973972260102,0.645474669468137,0.328,0.22,1,"NFKBIA","mature","identity+migrating",0.108,NA,NA,NA,NA
0.00406435635914414,1.01877361986626,0.106,0.046,1,"SKIV2L","mature","identity+migrating",0.06,NA,NA,NA,NA
0.00410577651594703,1.12419849392219,0.121,0.057,1,"PPP1R14C","mature","identity+migrating",0.064,NA,NA,NA,NA
0.00414286081473698,0.659153285989256,0.242,0.148,1,"PHF1","mature","identity+migrating",0.094,NA,NA,NA,NA
0.0041453896214473,0.54076831532747,0.338,0.235,1,"MED30","mature","identity+migrating",0.103,NA,NA,NA,NA
0.00416295326588096,0.408452557740238,0.54,0.423,1,"ADGRG1","mature","identity+migrating",0.117,NA,NA,NA,NA
0.00417380263108423,1.32344605891416,0.126,0.061,1,"THADA","mature","identity+migrating",0.065,NA,NA,NA,NA
0.00417519517849774,0.445407687996219,0.429,0.305,1,"THYN1","mature","identity+migrating",0.124,NA,NA,NA,NA
0.00421281426398287,0.57970383075319,0.369,0.253,1,"PALLD","mature","identity+migrating",0.116,NA,NA,NA,NA
0.00428285882035819,0.746021939074736,0.389,0.281,1,"RAD1","mature","identity+migrating",0.108,NA,NA,NA,NA
0.00428819880281908,0.889232454723862,0.177,0.098,1,"DUSP22","mature","identity+migrating",0.079,NA,NA,NA,NA
0.00444137251876101,0.745142053452067,0.232,0.139,1,"ZNF561","mature","identity+migrating",0.093,NA,NA,NA,NA
0.00444411962139863,0.659205234264168,0.202,0.113,1,"LRRC23","mature","identity+migrating",0.089,NA,NA,NA,NA
0.00445721937978905,0.417684399749475,0.626,0.505,1,"TTC1","mature","identity+migrating",0.121,NA,NA,NA,NA
0.00449344243311695,0.539296001908444,0.278,0.174,1,"AATF","mature","identity+migrating",0.104,NA,NA,NA,NA
0.0045142548734207,0.332929280100192,0.53,0.401,1,"MRPS31","mature","identity+migrating",0.129,NA,NA,NA,NA
0.0045350174389232,0.804341641028562,0.187,0.105,1,"CLSPN","mature","identity+migrating",0.082,NA,NA,NA,NA
0.00454170879124366,1.13603994594105,0.141,0.072,1,"CSMD2","mature","identity+migrating",0.069,NA,NA,NA,NA
0.00454308170042048,0.632854847525547,0.278,0.172,1,"TRIM69","mature","identity+migrating",0.106,NA,NA,NA,NA
0.00455654153179212,1.11282538205739,0.101,0.044,1,"MCU","mature","identity+migrating",0.057,NA,NA,NA,NA
0.00456834370578693,0.496507615143972,0.404,0.283,1,"PLPP5","mature","identity+migrating",0.121,NA,NA,NA,NA
0.00459530022693529,0.361503725889643,0.631,0.514,1,"CHD1","mature","identity+migrating",0.117,NA,NA,NA,NA
0.00464580003401984,0.814772648972154,0.202,0.118,1,"FAM133A","mature","identity+migrating",0.084,NA,NA,NA,NA
0.00470744043758727,0.524924904530151,0.414,0.294,1,"C1orf21","mature","identity+migrating",0.12,NA,NA,NA,NA
0.0047314563212818,0.480279503904431,0.323,0.214,1,"TMEM200A","mature","identity+migrating",0.109,NA,NA,NA,NA
0.00476482450063616,0.355812319338137,0.429,0.305,1,"NAPA","mature","identity+migrating",0.124,NA,NA,NA,NA
0.00476549809415168,0.960242498847138,0.136,0.068,1,"MDM1","mature","identity+migrating",0.068,NA,NA,NA,NA
0.00478617299519064,1.109143990469,0.126,0.061,1,"CTH","mature","identity+migrating",0.065,NA,NA,NA,NA
0.00482794922144275,1.1671010365268,0.116,0.054,1,"ARSB","mature","identity+migrating",0.062,NA,NA,NA,NA
0.00491874360080912,0.708481598353203,0.182,0.1,1,"MAT2B","mature","identity+migrating",0.082,NA,NA,NA,NA
0.00494245731835003,0.767938174601731,0.167,0.089,1,"DPF3","mature","identity+migrating",0.078,NA,NA,NA,NA
0.00503974781953418,0.491786095525009,0.348,0.233,1,"ZNF85","mature","identity+migrating",0.115,NA,NA,NA,NA
0.0050425832244972,0.306174153634344,0.672,0.532,1,"ANP32B","mature","identity+migrating",0.14,NA,NA,NA,NA
0.00516073374438439,1.08755188000351,0.101,0.044,1,"AP004609.3","mature","identity+migrating",0.057,NA,NA,NA,NA
0.00516839154550437,0.310423098893756,0.646,0.534,1,"CLCN3","mature","identity+migrating",0.112,NA,NA,NA,NA
0.00517802413961913,1.15691116506271,0.101,0.044,1,"LRBA","mature","identity+migrating",0.057,NA,NA,NA,NA
0.00518753125184139,0.969641200966301,0.141,0.072,1,"PIPOX","mature","identity+migrating",0.069,NA,NA,NA,NA
0.0051983291269905,0.819603182039836,0.172,0.094,1,"LDLRAD3","mature","identity+migrating",0.078,NA,NA,NA,NA
0.00526015583086973,0.638799003234827,0.278,0.181,1,"KIAA0895","mature","identity+migrating",0.097,NA,NA,NA,NA
0.00528507208723867,0.405371420632113,0.545,0.418,1,"BTRC","mature","identity+migrating",0.127,NA,NA,NA,NA
0.00529532159667668,0.626753176447074,0.232,0.139,1,"BET1","mature","identity+migrating",0.093,NA,NA,NA,NA
0.00531885207995196,1.13548779753115,0.141,0.074,1,"RELL2","mature","identity+migrating",0.067,NA,NA,NA,NA
0.00533209854717782,1.02516096892385,0.141,0.072,1,"EDIL3","mature","identity+migrating",0.069,NA,NA,NA,NA
0.00536840766846808,0.676575546914311,0.172,0.094,1,"AC078909.1","mature","identity+migrating",0.078,NA,NA,NA,NA
0.00537563812420878,0.823362367789914,0.167,0.092,1,"MAFG-DT","mature","identity+migrating",0.075,NA,NA,NA,NA
0.00542564745252776,0.945069369327748,0.101,0.044,1,"ADCY5","mature","identity+migrating",0.057,NA,NA,NA,NA
0.00543825763442464,0.485465635563991,0.384,0.272,1,"ZCCHC18","mature","identity+migrating",0.112,NA,NA,NA,NA
0.00544693233745165,0.258486770004853,0.854,0.786,1,"JTB","mature","identity+migrating",0.068,NA,NA,NA,NA
0.00546596330735401,1.01794762442873,0.121,0.059,1,"OSCP1","mature","identity+migrating",0.062,NA,NA,NA,NA
0.00549804863450416,0.388773585805137,0.369,0.255,1,"C9orf116","mature","identity+migrating",0.114,NA,NA,NA,NA
0.0055707404305409,0.79197626522,0.237,0.15,1,"FAM118A","mature","identity+migrating",0.087,NA,NA,NA,NA
0.00564724986924646,0.804814722021218,0.232,0.144,1,"ADNP2","mature","identity+migrating",0.088,NA,NA,NA,NA
0.00565722561225636,0.913887214088519,0.126,0.061,1,"MRM3","mature","identity+migrating",0.065,NA,NA,NA,NA
0.00569927390145006,0.764758296765519,0.197,0.115,1,"EPS8","mature","identity+migrating",0.082,NA,NA,NA,NA
0.00573135172264284,0.57153596413252,0.258,0.161,1,"PLCH1","mature","identity+migrating",0.097,NA,NA,NA,NA
0.00574205698289398,0.561203595884306,0.293,0.194,1,"PIGS","mature","identity+migrating",0.099,NA,NA,NA,NA
0.00575977624162553,0.257995764891009,0.758,0.658,1,"ARL4C","mature","identity+migrating",0.1,NA,NA,NA,NA
0.00577203711819736,0.743663315863202,0.157,0.083,1,"BTBD9","mature","identity+migrating",0.074,NA,NA,NA,NA
0.00578918783742343,0.595761913538178,0.268,0.172,1,"NUDT9","mature","identity+migrating",0.096,NA,NA,NA,NA
0.00593360906440672,0.580849792382338,0.197,0.113,1,"ITGB3BP","mature","identity+migrating",0.084,NA,NA,NA,NA
0.00594887747520261,0.453757798650197,0.354,0.244,1,"AFDN-DT","mature","identity+migrating",0.11,NA,NA,NA,NA
0.00597772522126416,0.396720245720287,0.399,0.281,1,"PHF21A","mature","identity+migrating",0.118,NA,NA,NA,NA
0.00597979601849393,0.637907618786336,0.283,0.183,1,"PPIH","mature","identity+migrating",0.1,NA,NA,NA,NA
0.00603210275783297,0.310712456279721,0.697,0.573,1,"C1QBP","mature","identity+migrating",0.124,NA,NA,NA,NA
0.00608170938961032,0.428463983252029,0.283,0.176,1,"ANKRA2","mature","identity+migrating",0.107,NA,NA,NA,NA
0.00616776281305946,0.269351809584145,0.53,0.381,1,"ARMCX6","mature","identity+migrating",0.149,NA,NA,NA,NA
0.00619755204314896,0.569268806870548,0.308,0.207,1,"GPR137C","mature","identity+migrating",0.101,NA,NA,NA,NA
0.00622126865012567,0.971180941805858,0.116,0.054,1,"BORCS6","mature","identity+migrating",0.062,NA,NA,NA,NA
0.0062572145673247,0.576258386697747,0.258,0.161,1,"MYADM","mature","identity+migrating",0.097,NA,NA,NA,NA
0.00626002648338095,0.332466959819459,0.338,0.22,1,"CCDC136","mature","identity+migrating",0.118,NA,NA,NA,NA
0.00626216840267391,0.268865550192041,0.843,0.771,1,"CD81","mature","identity+migrating",0.072,NA,NA,NA,NA
0.00626508857809962,1.03309480540359,0.106,0.048,1,"APTR","mature","identity+migrating",0.058,NA,NA,NA,NA
0.0063614205636837,0.518623803681948,0.227,0.135,1,"KIAA2013","mature","identity+migrating",0.092,NA,NA,NA,NA
0.00638297067369656,0.957373475058702,0.152,0.081,1,"WDR46","mature","identity+migrating",0.071,NA,NA,NA,NA
0.00639510652934417,0.652156628721514,0.177,0.098,1,"DYNLT3","mature","identity+migrating",0.079,NA,NA,NA,NA
0.006429776004356,0.268333712447695,0.773,0.697,1,"ITGB1","mature","identity+migrating",0.0760000000000001,NA,NA,NA,NA
0.00645718908791588,0.287351086892902,0.737,0.654,1,"KPNA2","mature","identity+migrating",0.083,NA,NA,NA,NA
0.00655250247068848,0.384273713112766,0.475,0.342,1,"ACVR2A","mature","identity+migrating",0.133,NA,NA,NA,NA
0.00656338129896932,0.53402619137455,0.424,0.333,1,"ATP8A2","mature","identity+migrating",0.091,NA,NA,NA,NA
0.00656835129607508,0.310301666431093,0.631,0.529,1,"SINHCAF","mature","identity+migrating",0.102,NA,NA,NA,NA
0.00656937457240487,0.29461326360692,0.788,0.695,1,"RAD21","mature","identity+migrating",0.0930000000000001,NA,NA,NA,NA
0.00665901232255207,0.271174439779639,0.566,0.434,1,"CHORDC1","mature","identity+migrating",0.132,NA,NA,NA,NA
0.00666401570949327,0.707910268017223,0.258,0.174,1,"GRIK2","mature","identity+migrating",0.084,NA,NA,NA,NA
0.00667418172346115,0.480238593476623,0.313,0.207,1,"PPP6R3","mature","identity+migrating",0.106,NA,NA,NA,NA
0.00667970618236432,0.71442080397468,0.268,0.176,1,"RASA1","mature","identity+migrating",0.092,NA,NA,NA,NA
0.00670807316462532,0.437052039386137,0.449,0.333,1,"TCEAL1","mature","identity+migrating",0.116,NA,NA,NA,NA
0.00684663822500932,0.771297882734967,0.131,0.065,1,"EXT1","mature","identity+migrating",0.066,NA,NA,NA,NA
0.00690470059669486,0.259539282075192,0.924,0.876,1,"AASDHPPT","mature","identity+migrating",0.048,NA,NA,NA,NA
0.00690659488503824,0.682826542303511,0.288,0.194,1,"TBC1D9","mature","identity+migrating",0.094,NA,NA,NA,NA
0.00694493169013264,0.428907119110652,0.409,0.296,1,"GPAA1","mature","identity+migrating",0.113,NA,NA,NA,NA
0.00712822789778869,0.477127302990126,0.384,0.285,1,"CLGN","mature","identity+migrating",0.099,NA,NA,NA,NA
0.00713251106011523,0.739480969670954,0.177,0.102,1,"UBQLN4","mature","identity+migrating",0.075,NA,NA,NA,NA
0.00717570600702891,0.309223467603156,0.652,0.523,1,"TET1","mature","identity+migrating",0.129,NA,NA,NA,NA
0.00719407171279205,1.29946227587251,0.101,0.046,1,"TXNDC11","mature","identity+migrating",0.055,NA,NA,NA,NA
0.00720009112487556,0.395964947036634,0.571,0.477,1,"RASAL2","mature","identity+migrating",0.094,NA,NA,NA,NA
0.0072141124145744,0.678052200937762,0.217,0.135,1,"ZNF557","mature","identity+migrating",0.082,NA,NA,NA,NA
0.00731673453241419,0.643047617927628,0.323,0.224,1,"NBN","mature","identity+migrating",0.099,NA,NA,NA,NA
0.00732046439823392,0.368844004325998,0.455,0.329,1,"HSD17B12","mature","identity+migrating",0.126,NA,NA,NA,NA
0.00732200937111329,0.392995894229143,0.551,0.447,1,"ATP6V1B2","mature","identity+migrating",0.104,NA,NA,NA,NA
0.00734137574090149,0.385037075375255,0.414,0.305,1,"PEX2","mature","identity+migrating",0.109,NA,NA,NA,NA
0.00734188349146327,0.337656696181758,0.581,0.442,1,"LMAN1","mature","identity+migrating",0.139,NA,NA,NA,NA
0.00746627867125936,0.265595480834903,0.591,0.481,1,"EPN2","mature","identity+migrating",0.11,NA,NA,NA,NA
0.00747988207708299,0.357554855157332,0.46,0.344,1,"MRPS18B","mature","identity+migrating",0.116,NA,NA,NA,NA
0.00750494332017747,0.446710128170229,0.505,0.392,1,"COPA","mature","identity+migrating",0.113,NA,NA,NA,NA
0.00751959525369297,0.258757363157452,0.475,0.336,1,"DACH1","mature","identity+migrating",0.139,NA,NA,NA,NA
0.00753121653888674,0.899207240635062,0.157,0.087,1,"RBBP9","mature","identity+migrating",0.07,NA,NA,NA,NA
0.00765213409224609,0.250412714444576,0.773,0.68,1,"ATL1","mature","identity+migrating",0.093,NA,NA,NA,NA
0.00768005368324766,0.336144643171627,0.621,0.499,1,"MORN2","mature","identity+migrating",0.122,NA,NA,NA,NA
0.00769767095487019,0.297385052696877,0.692,0.61,1,"REX1BD","mature","identity+migrating",0.082,NA,NA,NA,NA
0.00774073054559676,0.639343236420867,0.242,0.153,1,"C11orf54","mature","identity+migrating",0.089,NA,NA,NA,NA
0.00779618294209614,0.281307007263078,0.758,0.662,1,"ZRANB2","mature","identity+migrating",0.096,NA,NA,NA,NA
0.00783890946711984,0.426278481246593,0.571,0.492,1,"ACSL4","mature","identity+migrating",0.079,NA,NA,NA,NA
0.00784354851177056,0.938982034092425,0.111,0.052,1,"LOXL1","mature","identity+migrating",0.059,NA,NA,NA,NA
0.00787222325330567,0.550978263549281,0.232,0.144,1,"ING5","mature","identity+migrating",0.088,NA,NA,NA,NA
0.00795709369677168,1.03319280085257,0.136,0.072,1,"SCRN2","mature","identity+migrating",0.064,NA,NA,NA,NA
0.00799063694969956,0.772293829002413,0.101,0.046,1,"PLPPR5","mature","identity+migrating",0.055,NA,NA,NA,NA
0.00800090031885237,0.383465335971685,0.434,0.329,1,"BTBD8","mature","identity+migrating",0.105,NA,NA,NA,NA
0.00804242378054478,0.288823401737704,0.793,0.734,1,"FAM213A","mature","identity+migrating",0.059,NA,NA,NA,NA
0.00805995775056372,0.724000301281044,0.232,0.146,1,"CDKL2","mature","identity+migrating",0.086,NA,NA,NA,NA
0.00816351499788747,0.411704899677709,0.354,0.244,1,"TANK","mature","identity+migrating",0.11,NA,NA,NA,NA
0.00818213182906225,0.42804213453714,0.374,0.266,1,"GPANK1","mature","identity+migrating",0.108,NA,NA,NA,NA
0.00822476739291222,0.630312707388338,0.293,0.2,1,"SHC2","mature","identity+migrating",0.093,NA,NA,NA,NA
0.00822931622676844,0.565315152545968,0.182,0.105,1,"ZNF682","mature","identity+migrating",0.077,NA,NA,NA,NA
0.00825800266637522,0.78971472259439,0.136,0.072,1,"MIR137HG","mature","identity+migrating",0.064,NA,NA,NA,NA
0.00830191001873438,1.05000946394154,0.172,0.098,1,"ONECUT3","mature","identity+migrating",0.074,NA,NA,NA,NA
0.00835682098010536,0.667643402854415,0.253,0.166,1,"GTF3C4","mature","identity+migrating",0.087,NA,NA,NA,NA
0.00847423017689825,0.406893106161768,0.455,0.346,1,"AZI2","mature","identity+migrating",0.109,NA,NA,NA,NA
0.0084754827495128,0.624015047601367,0.364,0.266,1,"ZFC3H1","mature","identity+migrating",0.098,NA,NA,NA,NA
0.00848913395271594,0.555495390796952,0.359,0.261,1,"PSD3","mature","identity+migrating",0.098,NA,NA,NA,NA
0.0084939163744054,0.38346122417452,0.667,0.584,1,"SEPT6","mature","identity+migrating",0.0830000000000001,NA,NA,NA,NA
0.00852612638893517,0.612622014344491,0.232,0.144,1,"ZNF141","mature","identity+migrating",0.088,NA,NA,NA,NA
0.00854469698996575,0.313017996199105,0.641,0.512,1,"SCCPDH","mature","identity+migrating",0.129,NA,NA,NA,NA
0.00861102881589525,0.317677411945784,0.722,0.678,1,"MYCBP2","mature","identity+migrating",0.0439999999999999,NA,NA,NA,NA
0.00861660853226481,0.595003628058313,0.354,0.257,1,"XRN1","mature","identity+migrating",0.097,NA,NA,NA,NA
0.00861957371258859,0.72974735745529,0.207,0.124,1,"AMER3","mature","identity+migrating",0.083,NA,NA,NA,NA
0.00877711571270338,0.422164062172672,0.449,0.333,1,"RSRP1","mature","identity+migrating",0.116,NA,NA,NA,NA
0.0088513457155495,0.435316860987121,0.49,0.392,1,"TANC2","mature","identity+migrating",0.098,NA,NA,NA,NA
0.00885980229400053,0.415209848856714,0.253,0.166,1,"A1BG","mature","identity+migrating",0.087,NA,NA,NA,NA
0.00892897092967774,0.896424404254045,0.121,0.061,1,"CLASRP","mature","identity+migrating",0.06,NA,NA,NA,NA
0.00913781898801842,0.398707647400496,0.384,0.277,1,"TSPAN6","mature","identity+migrating",0.107,NA,NA,NA,NA
0.00927823266300615,0.280818101008647,0.364,0.251,1,"VPS51","mature","identity+migrating",0.113,NA,NA,NA,NA
0.00933584875577948,0.903016418237506,0.106,0.05,1,"SNHG21","mature","identity+migrating",0.056,NA,NA,NA,NA
0.00938403917147423,0.332860281534658,0.399,0.29,1,"RAE1","mature","identity+migrating",0.109,NA,NA,NA,NA
0.00944194545511475,0.881805734405508,0.121,0.061,1,"TBC1D32","mature","identity+migrating",0.06,NA,NA,NA,NA
0.00946713458511094,0.327321026222751,0.545,0.434,1,"NKAPD1","mature","identity+migrating",0.111,NA,NA,NA,NA
0.00949657910743076,0.428940069670292,0.439,0.34,1,"ANKRD13D","mature","identity+migrating",0.099,NA,NA,NA,NA
0.00953008029805297,0.302730858051975,0.465,0.34,1,"FMR1","mature","identity+migrating",0.125,NA,NA,NA,NA
0.00956725163565889,0.592753178674418,0.318,0.224,1,"LETMD1","mature","identity+migrating",0.094,NA,NA,NA,NA
0.00972818818383261,0.465655487844702,0.192,0.113,1,"GNA13","mature","identity+migrating",0.079,NA,NA,NA,NA
0.00973424744467922,0.427103407669096,0.409,0.303,1,"ATP11C","mature","identity+migrating",0.106,NA,NA,NA,NA
0.00974242568933662,0.646882893965303,0.182,0.107,1,"ANKRD40","mature","identity+migrating",0.075,NA,NA,NA,NA
0.00977861748726926,0.422703512826138,0.601,0.488,1,"SDF2","mature","identity+migrating",0.113,NA,NA,NA,NA
0.00980770637517532,0.315830427363097,0.5,0.386,1,"ERC1","mature","identity+migrating",0.114,NA,NA,NA,NA
0.0098630246985623,0.905450862077323,0.126,0.065,1,"DENND1A","mature","identity+migrating",0.061,NA,NA,NA,NA
0.00988301608392271,0.69719029277623,0.167,0.094,1,"ATP8B2","mature","identity+migrating",0.073,NA,NA,NA,NA
0.00989187323941576,0.48034031871231,0.475,0.373,1,"TACC2","mature","identity+migrating",0.102,NA,NA,NA,NA
0.00994424803163778,0.528857812750025,0.354,0.257,1,"SND1","mature","identity+migrating",0.097,NA,NA,NA,NA
0.00995236383718998,0.463295385387663,0.343,0.235,1,"ZSCAN16","mature","identity+migrating",0.108,NA,NA,NA,NA
0.0100424647161581,0.462717623216093,0.323,0.222,1,"IQCE","mature","identity+migrating",0.101,NA,NA,NA,NA
0.0100961268886976,0.256325875983995,0.551,0.423,1,"EEF1E1","mature","identity+migrating",0.128,NA,NA,NA,NA
0.0101505212034053,0.637220810228677,0.202,0.122,1,"LANCL1","mature","identity+migrating",0.08,NA,NA,NA,NA
0.0101821245531088,0.30510467690272,0.682,0.584,1,"PKIG","mature","identity+migrating",0.0980000000000001,NA,NA,NA,NA
0.010225377068401,0.409057797371172,0.449,0.342,1,"CCDC71L","mature","identity+migrating",0.107,NA,NA,NA,NA
0.0102346865899376,1.21790716139605,0.101,0.048,1,"GLIS2","mature","identity+migrating",0.053,NA,NA,NA,NA
0.0102422445613671,0.269833934958453,0.707,0.61,1,"EPB41L4A-AS1","mature","identity+migrating",0.097,NA,NA,NA,NA
0.0102581216629532,0.446031416509434,0.46,0.366,1,"PIGP","mature","identity+migrating",0.094,NA,NA,NA,NA
0.0102695295669982,0.564362081051487,0.328,0.237,1,"CCDC91","mature","identity+migrating",0.091,NA,NA,NA,NA
0.0102696638055864,0.551206964688758,0.303,0.209,1,"RBM48","mature","identity+migrating",0.094,NA,NA,NA,NA
0.0103868362813675,0.394890891225716,0.591,0.492,1,"FNDC3A","mature","identity+migrating",0.099,NA,NA,NA,NA
0.0103945502928202,0.262737045415316,0.369,0.253,1,"DNAAF4","mature","identity+migrating",0.116,NA,NA,NA,NA
0.0105454708793026,0.790478172304584,0.237,0.155,1,"WNT4","mature","identity+migrating",0.082,NA,NA,NA,NA
0.0105500760259765,0.272216703633103,0.662,0.545,1,"ATP6V1G2","mature","identity+migrating",0.117,NA,NA,NA,NA
0.0106511717767394,0.472964403047932,0.394,0.294,1,"PITPNA-AS1","mature","identity+migrating",0.1,NA,NA,NA,NA
0.0106777724540655,0.300869599769482,0.581,0.464,1,"MARCH7","mature","identity+migrating",0.117,NA,NA,NA,NA
0.0106792760997294,0.528874327180677,0.399,0.303,1,"SC5D","mature","identity+migrating",0.096,NA,NA,NA,NA
0.0107716150617335,0.64821432975887,0.192,0.115,1,"HNRNPUL2","mature","identity+migrating",0.077,NA,NA,NA,NA
0.0108950021936723,0.592681461381218,0.212,0.131,1,"MAU2","mature","identity+migrating",0.081,NA,NA,NA,NA
0.0108950932205675,0.319919885788078,0.662,0.617,1,"RB1CC1","mature","identity+migrating",0.045,NA,NA,NA,NA
0.0110123981397782,0.436448893884248,0.404,0.292,1,"ELOA","mature","identity+migrating",0.112,NA,NA,NA,NA
0.0110736999060218,0.439209811612699,0.338,0.233,1,"MRPL35","mature","identity+migrating",0.105,NA,NA,NA,NA
0.0112305436813926,0.455492261628272,0.268,0.179,1,"ACYP2","mature","identity+migrating",0.089,NA,NA,NA,NA
0.0112987360198452,0.39402550888656,0.596,0.501,1,"KIAA1586","mature","identity+migrating",0.095,NA,NA,NA,NA
0.0113647946405537,0.57135603877938,0.394,0.296,1,"FXR2","mature","identity+migrating",0.098,NA,NA,NA,NA
0.0113778432575298,0.67300777924261,0.298,0.214,1,"C15orf65","mature","identity+migrating",0.084,NA,NA,NA,NA
0.0114046636958659,0.674403644918412,0.232,0.153,1,"AK9","mature","identity+migrating",0.079,NA,NA,NA,NA
0.0114381533229797,0.39920439781463,0.394,0.29,1,"SHF","mature","identity+migrating",0.104,NA,NA,NA,NA
0.0114564349768718,0.950547387793181,0.162,0.094,1,"TLN2","mature","identity+migrating",0.068,NA,NA,NA,NA
0.0114962101039083,0.848394330869899,0.162,0.094,1,"UPRT","mature","identity+migrating",0.068,NA,NA,NA,NA
0.0116895744439241,0.609212187277451,0.172,0.098,1,"COG1","mature","identity+migrating",0.074,NA,NA,NA,NA
0.011690226017217,0.61622198786655,0.364,0.264,1,"RIT1","mature","identity+migrating",0.1,NA,NA,NA,NA
0.0117155785151158,0.30038078742897,0.465,0.353,1,"ATPAF1","mature","identity+migrating",0.112,NA,NA,NA,NA
0.011716439801347,0.251191639303285,0.242,0.15,1,"GBA2","mature","identity+migrating",0.092,NA,NA,NA,NA
0.0117558011677568,0.492874981649319,0.434,0.329,1,"AC245060.5","mature","identity+migrating",0.105,NA,NA,NA,NA
0.0117636688765323,0.282955089621152,0.662,0.547,1,"TRAPPC2L","mature","identity+migrating",0.115,NA,NA,NA,NA
0.0117934878920671,0.313728694914055,0.677,0.556,1,"STX12","mature","identity+migrating",0.121,NA,NA,NA,NA
0.0118267090776654,0.307103208264577,0.601,0.492,1,"ATP6V1A","mature","identity+migrating",0.109,NA,NA,NA,NA
0.0120115863409305,0.780575798996721,0.101,0.048,1,"ZBTB16","mature","identity+migrating",0.053,NA,NA,NA,NA
0.0120182355292987,0.3397430553,0.616,0.499,1,"RNF115","mature","identity+migrating",0.117,NA,NA,NA,NA
0.012196641977884,0.334178889035037,0.47,0.368,1,"ST8SIA4","mature","identity+migrating",0.102,NA,NA,NA,NA
0.012221310362402,0.324731989588018,0.556,0.451,1,"NCS1","mature","identity+migrating",0.105,NA,NA,NA,NA
0.0122808350890418,0.443009750750311,0.379,0.279,1,"COL6A1","mature","identity+migrating",0.1,NA,NA,NA,NA
0.0123055983349188,0.615933059199066,0.146,0.081,1,"CAAP1","mature","identity+migrating",0.065,NA,NA,NA,NA
0.0123315957177717,0.542010376399582,0.247,0.161,1,"APEH","mature","identity+migrating",0.086,NA,NA,NA,NA
0.0124708076954086,0.250271112909438,0.697,0.58,1,"MTCH2","mature","identity+migrating",0.117,NA,NA,NA,NA
0.0126146304141197,0.375174339909909,0.293,0.196,1,"AP3M2","mature","identity+migrating",0.097,NA,NA,NA,NA
0.0126161391314427,0.657276291356597,0.222,0.142,1,"UGDH","mature","identity+migrating",0.08,NA,NA,NA,NA
0.012627219144706,0.397001355440127,0.217,0.133,1,"H1F0","mature","identity+migrating",0.084,NA,NA,NA,NA
0.012652618228248,0.389503356293234,0.308,0.214,1,"THOC5","mature","identity+migrating",0.094,NA,NA,NA,NA
0.012703248310682,0.558609634171445,0.384,0.296,1,"ZRANB1","mature","identity+migrating",0.088,NA,NA,NA,NA
0.0127626660706818,0.529566881916825,0.237,0.157,1,"PON2","mature","identity+migrating",0.08,NA,NA,NA,NA
0.0127715696912742,0.593123373658492,0.177,0.102,1,"BICDL1","mature","identity+migrating",0.075,NA,NA,NA,NA
0.0128008434793364,0.437914844070767,0.414,0.305,1,"SPTSSA","mature","identity+migrating",0.109,NA,NA,NA,NA
0.0128280089091856,0.785614858545626,0.242,0.166,1,"IDH3A","mature","identity+migrating",0.076,NA,NA,NA,NA
0.0129975250118009,0.618287668057103,0.162,0.094,1,"XAB2","mature","identity+migrating",0.068,NA,NA,NA,NA
0.0130003185871793,0.317004821149699,0.561,0.442,1,"PITPNB","mature","identity+migrating",0.119,NA,NA,NA,NA
0.0130664381097847,0.590210698644015,0.278,0.194,1,"PRR12","mature","identity+migrating",0.084,NA,NA,NA,NA
0.0131052304971816,0.898398324859337,0.106,0.052,1,"ZNF483","mature","identity+migrating",0.054,NA,NA,NA,NA
0.0131129354670168,0.343584679197006,0.187,0.109,1,"RALGAPB","mature","identity+migrating",0.078,NA,NA,NA,NA
0.0131387343360553,0.805793360825353,0.177,0.107,1,"ZMYM1","mature","identity+migrating",0.07,NA,NA,NA,NA
0.0131532993542938,0.337547967855305,0.677,0.586,1,"JMJD1C","mature","identity+migrating",0.0910000000000001,NA,NA,NA,NA
0.0131769344973869,1.06576331305428,0.146,0.085,1,"TSHZ1","mature","identity+migrating",0.061,NA,NA,NA,NA
0.0133810170098864,0.305405752094563,0.662,0.571,1,"FAM92A","mature","identity+migrating",0.0910000000000001,NA,NA,NA,NA
0.0137099735180684,0.469034938927122,0.328,0.237,1,"LMBRD1","mature","identity+migrating",0.091,NA,NA,NA,NA
0.013738555971848,0.463536331332306,0.293,0.207,1,"TSTA3","mature","identity+migrating",0.086,NA,NA,NA,NA
0.0137587050912721,0.528530423207091,0.369,0.292,1,"RIMS1","mature","identity+migrating",0.077,NA,NA,NA,NA
0.0138206721616121,0.859508070450996,0.141,0.078,1,"PRMT5","mature","identity+migrating",0.063,NA,NA,NA,NA
0.0138599887458895,0.831607481815873,0.146,0.083,1,"C17orf97","mature","identity+migrating",0.063,NA,NA,NA,NA
0.0140394499521325,0.808835550654812,0.162,0.094,1,"NXN","mature","identity+migrating",0.068,NA,NA,NA,NA
0.0140744440343369,0.806085853017918,0.217,0.144,1,"LRRC75B","mature","identity+migrating",0.073,NA,NA,NA,NA
0.0141080562680215,0.31908766312209,0.444,0.333,1,"KLHDC9","mature","identity+migrating",0.111,NA,NA,NA,NA
0.0142135042788297,0.611889954713647,0.247,0.161,1,"DNAJB5","mature","identity+migrating",0.086,NA,NA,NA,NA
0.0142575873798291,0.430458393833535,0.399,0.301,1,"NAV3","mature","identity+migrating",0.098,NA,NA,NA,NA
0.0143110546989706,0.691705158831268,0.167,0.098,1,"MIOS","mature","identity+migrating",0.069,NA,NA,NA,NA
0.0143581919447389,0.551375166817986,0.333,0.24,1,"RING1","mature","identity+migrating",0.093,NA,NA,NA,NA
0.0143649817931456,0.466769986910182,0.268,0.176,1,"TRUB2","mature","identity+migrating",0.092,NA,NA,NA,NA
0.0144018414578277,0.517154566916679,0.192,0.115,1,"MED11","mature","identity+migrating",0.077,NA,NA,NA,NA
0.0144165967988569,0.536779753081991,0.303,0.211,1,"IFIT5","mature","identity+migrating",0.092,NA,NA,NA,NA
0.0144311536478531,0.373540843280052,0.237,0.153,1,"HDX","mature","identity+migrating",0.084,NA,NA,NA,NA
0.0144820062087367,0.446142763329945,0.449,0.351,1,"ZFYVE16","mature","identity+migrating",0.098,NA,NA,NA,NA
0.0145030772671493,0.775988005355651,0.182,0.109,1,"NCSTN","mature","identity+migrating",0.073,NA,NA,NA,NA
0.0145853358039935,0.915174226238154,0.146,0.085,1,"DZANK1","mature","identity+migrating",0.061,NA,NA,NA,NA
0.0145999656435225,0.36524009527498,0.409,0.316,1,"COA4","mature","identity+migrating",0.093,NA,NA,NA,NA
0.0148224865179585,0.322720049163376,0.545,0.425,1,"EIF4G3","mature","identity+migrating",0.12,NA,NA,NA,NA
0.0149173463834722,0.506761096571904,0.338,0.24,1,"WDR1","mature","identity+migrating",0.098,NA,NA,NA,NA
0.0151685931452154,0.379835628003278,0.328,0.233,1,"PDZD8","mature","identity+migrating",0.095,NA,NA,NA,NA
0.0152650946327815,1.11278149168774,0.126,0.07,1,"DET1","mature","identity+migrating",0.056,NA,NA,NA,NA
0.0152739794544208,0.369593522350913,0.561,0.462,1,"SETD5","mature","identity+migrating",0.099,NA,NA,NA,NA
0.0153130744504568,0.472194998808426,0.288,0.2,1,"MINPP1","mature","identity+migrating",0.088,NA,NA,NA,NA
0.0153136666354191,0.303922311284996,0.808,0.745,1,"MDH1","mature","identity+migrating",0.063,NA,NA,NA,NA
0.01540455990238,0.465820099951755,0.434,0.351,1,"TTC37","mature","identity+migrating",0.083,NA,NA,NA,NA
0.0154254676882399,0.570872070710881,0.263,0.179,1,"ZBTB43","mature","identity+migrating",0.084,NA,NA,NA,NA
0.0154326878372238,0.448095784119077,0.197,0.122,1,"RSPH4A","mature","identity+migrating",0.075,NA,NA,NA,NA
0.0155086686536537,0.544191828510563,0.237,0.157,1,"ACTR1B","mature","identity+migrating",0.08,NA,NA,NA,NA
0.0155838833617488,0.69123865738723,0.222,0.146,1,"IP6K1","mature","identity+migrating",0.076,NA,NA,NA,NA
0.0155957170491441,0.413805288372232,0.409,0.305,1,"SH3GL3","mature","identity+migrating",0.104,NA,NA,NA,NA
0.0155984873198519,0.52214821047165,0.237,0.155,1,"FAM227A","mature","identity+migrating",0.082,NA,NA,NA,NA
0.0156103278483282,0.404859270027003,0.283,0.192,1,"DUSP18","mature","identity+migrating",0.091,NA,NA,NA,NA
0.0156159187121525,0.404949172367338,0.394,0.303,1,"SUPT6H","mature","identity+migrating",0.091,NA,NA,NA,NA
0.0156369021788226,0.747368750494432,0.202,0.129,1,"FAM234A","mature","identity+migrating",0.073,NA,NA,NA,NA
0.0156772414928887,0.34084625320157,0.429,0.327,1,"IST1","mature","identity+migrating",0.102,NA,NA,NA,NA
0.0156891433016522,0.57410200815777,0.177,0.105,1,"DYNC2LI1","mature","identity+migrating",0.072,NA,NA,NA,NA
0.0159949101835367,0.59375731455344,0.263,0.174,1,"WDR11","mature","identity+migrating",0.089,NA,NA,NA,NA
0.0160003926234197,0.829698998916355,0.116,0.061,1,"SLC25A32","mature","identity+migrating",0.055,NA,NA,NA,NA
0.0160061172143067,0.381683823275169,0.409,0.309,1,"OPA1","mature","identity+migrating",0.1,NA,NA,NA,NA
0.0161209222458338,0.559772798586951,0.141,0.078,1,"SNX9","mature","identity+migrating",0.063,NA,NA,NA,NA
0.0162169588989124,0.324127219069413,0.611,0.512,1,"ZNF821","mature","identity+migrating",0.099,NA,NA,NA,NA
0.0162479819577309,0.702879502845418,0.141,0.081,1,"ZNF496","mature","identity+migrating",0.06,NA,NA,NA,NA
0.0164191457722641,0.511866833148375,0.182,0.109,1,"ZKSCAN7","mature","identity+migrating",0.073,NA,NA,NA,NA
0.0164255303731217,0.309401870302968,0.778,0.688,1,"FUBP1","mature","identity+migrating",0.0900000000000001,NA,NA,NA,NA
0.0164593031085303,0.535893459929505,0.202,0.129,1,"EVI5","mature","identity+migrating",0.073,NA,NA,NA,NA
0.0164947708676178,0.699117389102359,0.152,0.087,1,"SLC11A2","mature","identity+migrating",0.065,NA,NA,NA,NA
0.0164957699526949,0.490884851576763,0.177,0.107,1,"QTRT1","mature","identity+migrating",0.07,NA,NA,NA,NA
0.0165087586862069,0.629851047876585,0.227,0.148,1,"CHST12","mature","identity+migrating",0.079,NA,NA,NA,NA
0.016575677670747,0.725421749288888,0.207,0.131,1,"MID1IP1","mature","identity+migrating",0.076,NA,NA,NA,NA
0.0165944430802694,0.458265955849075,0.485,0.383,1,"TMF1","mature","identity+migrating",0.102,NA,NA,NA,NA
0.0166100403358637,1.06892450935355,0.111,0.059,1,"MAL2","mature","identity+migrating",0.052,NA,NA,NA,NA
0.0166474827051612,0.324820981420021,0.571,0.475,1,"COA1","mature","identity+migrating",0.096,NA,NA,NA,NA
0.016686913703398,0.572068457002587,0.465,0.364,1,"SNRNP35","mature","identity+migrating",0.101,NA,NA,NA,NA
0.0168250540490225,0.420362439389132,0.242,0.157,1,"AC012306.2","mature","identity+migrating",0.085,NA,NA,NA,NA
0.0168510772663572,0.381067107429005,0.48,0.375,1,"FBXO9","mature","identity+migrating",0.105,NA,NA,NA,NA
0.0169738302569067,0.43458817042589,0.187,0.113,1,"PSPH","mature","identity+migrating",0.074,NA,NA,NA,NA
0.0169762733299053,0.513556728423703,0.313,0.229,1,"MORN4","mature","identity+migrating",0.084,NA,NA,NA,NA
0.0169942085337367,1.04015561472241,0.106,0.054,1,"POLR1A","mature","identity+migrating",0.052,NA,NA,NA,NA
0.0170095766779649,1.08666780579484,0.121,0.065,1,"TIGD2","mature","identity+migrating",0.056,NA,NA,NA,NA
0.0170125469713173,0.259723552047359,0.914,0.9,1,"STMN4","mature","identity+migrating",0.014,NA,NA,NA,NA
0.0170152854937073,0.270494749962232,0.641,0.523,1,"MED4","mature","identity+migrating",0.118,NA,NA,NA,NA
0.0170758614233449,0.27506556583782,0.485,0.392,1,"RFC1","mature","identity+migrating",0.093,NA,NA,NA,NA
0.017090900196762,0.70109880114132,0.172,0.105,1,"RFC2","mature","identity+migrating",0.067,NA,NA,NA,NA
0.0171230110598254,0.433500958247074,0.409,0.301,1,"PSME2","mature","identity+migrating",0.108,NA,NA,NA,NA
0.0172933807946611,0.293396036398713,0.364,0.257,1,"NAPB","mature","identity+migrating",0.107,NA,NA,NA,NA
0.0173014166026413,0.627669845258149,0.157,0.092,1,"SLC6A15","mature","identity+migrating",0.065,NA,NA,NA,NA
0.0175265557547891,0.591638882407394,0.136,0.076,1,"TMTC3","mature","identity+migrating",0.06,NA,NA,NA,NA
0.0176312850878892,0.397045384953879,0.475,0.368,1,"LMAN2","mature","identity+migrating",0.107,NA,NA,NA,NA
0.0176437096679843,0.771118655735632,0.192,0.122,1,"PRMT6","mature","identity+migrating",0.07,NA,NA,NA,NA
0.0176481476465215,0.275762314601938,0.697,0.597,1,"CHGB","mature","identity+migrating",0.1,NA,NA,NA,NA
0.0177269334010403,1.04366219776186,0.157,0.094,1,"C2orf15","mature","identity+migrating",0.063,NA,NA,NA,NA
0.0178501933905622,0.74975490681605,0.141,0.081,1,"AL021368.2","mature","identity+migrating",0.06,NA,NA,NA,NA
0.0178668162967051,0.691720447898541,0.101,0.05,1,"AC093249.6","mature","identity+migrating",0.051,NA,NA,NA,NA
0.0179395123722945,0.358650513752795,0.49,0.388,1,"PEPD","mature","identity+migrating",0.102,NA,NA,NA,NA
0.0179620004061852,0.261300704597359,0.253,0.166,1,"SRFBP1","mature","identity+migrating",0.087,NA,NA,NA,NA
0.0179727228906558,0.585772266832181,0.202,0.129,1,"METTL18","mature","identity+migrating",0.073,NA,NA,NA,NA
0.0180844589693617,0.324427538086278,0.51,0.397,1,"STAG2","mature","identity+migrating",0.113,NA,NA,NA,NA
0.0181778164979556,0.71641328198242,0.192,0.122,1,"USP24","mature","identity+migrating",0.07,NA,NA,NA,NA
0.0182474990025367,0.287412517111455,0.53,0.423,1,"LRRC49","mature","identity+migrating",0.107,NA,NA,NA,NA
0.0182536251179609,0.348907350984887,0.48,0.388,1,"DLG4","mature","identity+migrating",0.092,NA,NA,NA,NA
0.0183055210284726,0.439424804486013,0.298,0.207,1,"MAPKAPK5","mature","identity+migrating",0.091,NA,NA,NA,NA
0.0183255617277706,0.435711908673788,0.253,0.168,1,"GRIK5","mature","identity+migrating",0.085,NA,NA,NA,NA
0.0183335431695761,0.313308734066621,0.288,0.198,1,"BLMH","mature","identity+migrating",0.09,NA,NA,NA,NA
0.0183898487349384,0.616649728378112,0.247,0.17,1,"TOGARAM1","mature","identity+migrating",0.077,NA,NA,NA,NA
0.0184845349391096,0.693314654461935,0.157,0.094,1,"POP1","mature","identity+migrating",0.063,NA,NA,NA,NA
0.0185062801858342,0.632478766382657,0.187,0.118,1,"HIPK3","mature","identity+migrating",0.069,NA,NA,NA,NA
0.0186200719669827,0.290045981565246,0.48,0.373,1,"PPP4R3B","mature","identity+migrating",0.107,NA,NA,NA,NA
0.0186609708031009,0.494725674787327,0.263,0.179,1,"STK16","mature","identity+migrating",0.084,NA,NA,NA,NA
0.0186745028880658,0.453101631492643,0.308,0.218,1,"SURF6","mature","identity+migrating",0.09,NA,NA,NA,NA
0.0188553940868268,0.26278762647295,0.404,0.292,1,"GID8","mature","identity+migrating",0.112,NA,NA,NA,NA
0.0189020734114876,0.843838984543583,0.167,0.102,1,"SUSD4","mature","identity+migrating",0.065,NA,NA,NA,NA
0.0189377300292626,0.568795566391926,0.152,0.087,1,"ZNF668","mature","identity+migrating",0.065,NA,NA,NA,NA
0.0190466746085904,1.08239124415974,0.131,0.074,1,"WDR19","mature","identity+migrating",0.057,NA,NA,NA,NA
0.0191319173584855,0.33153713389862,0.485,0.405,1,"BRSK2","mature","identity+migrating",0.08,NA,NA,NA,NA
0.0191986227865122,0.775920438712874,0.227,0.155,1,"RTL5","mature","identity+migrating",0.072,NA,NA,NA,NA
0.0193651833268798,0.908508740296908,0.116,0.061,1,"ABCC10","mature","identity+migrating",0.055,NA,NA,NA,NA
0.0193940995945082,0.538685338476538,0.232,0.155,1,"AC005261.1","mature","identity+migrating",0.077,NA,NA,NA,NA
0.0195352631180768,0.972666276186332,0.136,0.078,1,"MIR181A1HG","mature","identity+migrating",0.058,NA,NA,NA,NA
0.019560082971441,0.811806135582718,0.106,0.054,1,"AC092958.1","mature","identity+migrating",0.052,NA,NA,NA,NA
0.0195841954413263,0.487459247805491,0.237,0.157,1,"LINC00476","mature","identity+migrating",0.08,NA,NA,NA,NA
0.0195898226287401,0.521675625907504,0.359,0.272,1,"UTP23","mature","identity+migrating",0.087,NA,NA,NA,NA
0.0197059959394152,0.570992871645425,0.258,0.176,1,"SDHAF4","mature","identity+migrating",0.082,NA,NA,NA,NA
0.0197111261462169,0.608217090703539,0.217,0.142,1,"ZNF189","mature","identity+migrating",0.075,NA,NA,NA,NA
0.0197265714342927,0.702523728254062,0.237,0.161,1,"NAA40","mature","identity+migrating",0.076,NA,NA,NA,NA
0.0198450368327299,0.420886803404164,0.414,0.318,1,"KIF3B","mature","identity+migrating",0.096,NA,NA,NA,NA
0.0198802209573848,0.52773184373283,0.217,0.139,1,"KCNMA1","mature","identity+migrating",0.078,NA,NA,NA,NA
0.0198858757947033,0.422007171654251,0.172,0.102,1,"TES","mature","identity+migrating",0.07,NA,NA,NA,NA
0.0199296104222236,0.525017027297069,0.253,0.17,1,"GEMIN8","mature","identity+migrating",0.083,NA,NA,NA,NA
0.0200978910387496,0.501868484290664,0.283,0.2,1,"PTGES2","mature","identity+migrating",0.083,NA,NA,NA,NA
0.0201029818833016,0.336128089586978,0.217,0.139,1,"AC090152.1","mature","identity+migrating",0.078,NA,NA,NA,NA
0.0202144363362933,0.718969612849406,0.126,0.07,1,"LINC01355","mature","identity+migrating",0.056,NA,NA,NA,NA
0.0202191469702115,0.484073235572423,0.364,0.277,1,"ALAS1","mature","identity+migrating",0.087,NA,NA,NA,NA
0.020295443604602,0.488721798246573,0.283,0.2,1,"PHC1","mature","identity+migrating",0.083,NA,NA,NA,NA
0.0203271314052419,0.411241865686881,0.515,0.44,1,"UBQLN1","mature","identity+migrating",0.075,NA,NA,NA,NA
0.0203870263190739,0.636374393172722,0.212,0.139,1,"ITGB8","mature","identity+migrating",0.073,NA,NA,NA,NA
0.0203909161276083,0.904046107783341,0.116,0.063,1,"TAF4","mature","identity+migrating",0.053,NA,NA,NA,NA
0.0203966323992047,0.432020097858533,0.455,0.346,1,"RAB2B","mature","identity+migrating",0.109,NA,NA,NA,NA
0.0204359756819078,1.02653915109224,0.131,0.076,1,"FZR1","mature","identity+migrating",0.055,NA,NA,NA,NA
0.0205547889408508,0.435450549921446,0.323,0.231,1,"KLC2","mature","identity+migrating",0.092,NA,NA,NA,NA
0.0205643800821987,0.335945609317056,0.601,0.495,1,"AKT3","mature","identity+migrating",0.106,NA,NA,NA,NA
0.0206281000197526,0.268101748030736,0.682,0.603,1,"ORC4","mature","identity+migrating",0.0790000000000001,NA,NA,NA,NA
0.0206310894054834,0.364805212916796,0.475,0.364,1,"LRRC4B","mature","identity+migrating",0.111,NA,NA,NA,NA
0.0206613751484716,0.491138425226868,0.338,0.251,1,"GALNT2","mature","identity+migrating",0.087,NA,NA,NA,NA
0.0207487596508355,0.30361062882957,0.556,0.471,1,"WAC-AS1","mature","identity+migrating",0.0850000000000001,NA,NA,NA,NA
0.0208210449859677,0.406040539869112,0.404,0.307,1,"PRPF38A","mature","identity+migrating",0.097,NA,NA,NA,NA
0.0209346900472162,0.544402583314919,0.207,0.135,1,"GTPBP10","mature","identity+migrating",0.072,NA,NA,NA,NA
0.021000944182815,0.421382780179092,0.414,0.32,1,"IQCK","mature","identity+migrating",0.094,NA,NA,NA,NA
0.0210158561043733,0.677861623723214,0.111,0.059,1,"SRP14-AS1","mature","identity+migrating",0.052,NA,NA,NA,NA
0.021016358515041,0.54230807437288,0.303,0.214,1,"ZNF639","mature","identity+migrating",0.089,NA,NA,NA,NA
0.0211838578560208,0.324587923440078,0.525,0.423,1,"PLRG1","mature","identity+migrating",0.102,NA,NA,NA,NA
0.0212119303320693,0.584051057102224,0.263,0.183,1,"NR2C1","mature","identity+migrating",0.08,NA,NA,NA,NA
0.0213449907078962,0.442413472413206,0.273,0.19,1,"MRPS30","mature","identity+migrating",0.083,NA,NA,NA,NA
0.0213958429092876,0.336386310008681,0.172,0.1,1,"ZNF384","mature","identity+migrating",0.072,NA,NA,NA,NA
0.0214027393724343,0.529027613037137,0.247,0.17,1,"NGLY1","mature","identity+migrating",0.077,NA,NA,NA,NA
0.0214800565057517,0.49556254728245,0.359,0.264,1,"YTHDC2","mature","identity+migrating",0.095,NA,NA,NA,NA
0.0215004147611745,0.467585822932307,0.258,0.174,1,"CERS5","mature","identity+migrating",0.084,NA,NA,NA,NA
0.0215414608354213,0.281753137772407,0.53,0.44,1,"ASB8","mature","identity+migrating",0.09,NA,NA,NA,NA
0.0216473545470137,0.510100742727642,0.328,0.24,1,"CIZ1","mature","identity+migrating",0.088,NA,NA,NA,NA
0.021661549868087,0.636661264134215,0.197,0.126,1,"CPEB2","mature","identity+migrating",0.071,NA,NA,NA,NA
0.0216639341083366,0.86760907900629,0.131,0.074,1,"RNFT1","mature","identity+migrating",0.057,NA,NA,NA,NA
0.0216944855722425,0.393248332147246,0.379,0.29,1,"MRNIP","mature","identity+migrating",0.089,NA,NA,NA,NA
0.0217326082487994,0.564407683813358,0.232,0.157,1,"VPS13A","mature","identity+migrating",0.075,NA,NA,NA,NA
0.0218037862474583,0.44302859520326,0.318,0.235,1,"CCDC126","mature","identity+migrating",0.083,NA,NA,NA,NA
0.0218644193206468,0.389119025210624,0.429,0.329,1,"FAM173A","mature","identity+migrating",0.1,NA,NA,NA,NA
0.0218718767531632,0.434947069654882,0.217,0.142,1,"RNF152","mature","identity+migrating",0.075,NA,NA,NA,NA
0.0219823409900346,0.614065245471345,0.167,0.102,1,"MAML2","mature","identity+migrating",0.065,NA,NA,NA,NA
0.0220641399798317,0.426906743048805,0.263,0.176,1,"ARMCX5","mature","identity+migrating",0.087,NA,NA,NA,NA
0.02214464420921,0.795298705731683,0.177,0.111,1,"PPP1R3E","mature","identity+migrating",0.066,NA,NA,NA,NA
0.0221873219089924,0.33671398096007,0.561,0.475,1,"NUTM2B-AS1","mature","identity+migrating",0.0860000000000001,NA,NA,NA,NA
0.0223722984737313,0.556127236380362,0.121,0.065,1,"AL133163.3","mature","identity+migrating",0.056,NA,NA,NA,NA
0.0224324686409768,0.646892636120334,0.152,0.089,1,"DCAF8","mature","identity+migrating",0.063,NA,NA,NA,NA
0.0224576335683644,0.538053289321756,0.172,0.105,1,"AC091271.1","mature","identity+migrating",0.067,NA,NA,NA,NA
0.0224661728703075,0.346526407827362,0.591,0.512,1,"SLC22A17","mature","identity+migrating",0.079,NA,NA,NA,NA
0.0225516421045498,0.494200227229534,0.202,0.131,1,"SLC30A5","mature","identity+migrating",0.071,NA,NA,NA,NA
0.0225724149782633,0.311704637001084,0.672,0.586,1,"CUL3","mature","identity+migrating",0.0860000000000001,NA,NA,NA,NA
0.022650304968603,0.26161973394118,0.702,0.58,1,"TMEM230","mature","identity+migrating",0.122,NA,NA,NA,NA
0.0226787028467064,0.331953965329109,0.343,0.251,1,"ATXN2L","mature","identity+migrating",0.092,NA,NA,NA,NA
0.022728344616599,0.380803138356743,0.323,0.235,1,"ERO1A","mature","identity+migrating",0.088,NA,NA,NA,NA
0.0227694214800837,0.656792377389587,0.136,0.078,1,"GTPBP3","mature","identity+migrating",0.058,NA,NA,NA,NA
0.0229500731742694,0.290910795719554,0.419,0.322,1,"MIB1","mature","identity+migrating",0.097,NA,NA,NA,NA
0.0229776104574385,0.380440553171732,0.414,0.316,1,"FSD1L","mature","identity+migrating",0.098,NA,NA,NA,NA
0.0230714367490009,0.549445458822858,0.232,0.157,1,"AC079089.1","mature","identity+migrating",0.075,NA,NA,NA,NA
0.0231155579867755,0.315754956817851,0.348,0.246,1,"NDUFAF4","mature","identity+migrating",0.102,NA,NA,NA,NA
0.023120797335121,0.437226632188193,0.177,0.109,1,"SHMT2","mature","identity+migrating",0.068,NA,NA,NA,NA
0.0231618635923563,0.907992259142606,0.101,0.052,1,"ACAD9","mature","identity+migrating",0.049,NA,NA,NA,NA
0.0231988363703842,0.265676909432918,0.803,0.758,1,"SPTBN1","mature","identity+migrating",0.045,NA,NA,NA,NA
0.023260897380322,0.337746666436584,0.571,0.477,1,"EBP","mature","identity+migrating",0.094,NA,NA,NA,NA
0.0233337531646144,0.437808590785976,0.434,0.353,1,"ZNF609","mature","identity+migrating",0.081,NA,NA,NA,NA
0.0234290458909255,0.945617781677247,0.152,0.092,1,"SASH1","mature","identity+migrating",0.06,NA,NA,NA,NA
0.023495954132823,0.385279868638901,0.535,0.44,1,"PRAF2","mature","identity+migrating",0.095,NA,NA,NA,NA
0.023563428301936,0.392532866500798,0.253,0.17,1,"CD164","mature","identity+migrating",0.083,NA,NA,NA,NA
0.0235957115358704,0.284641278817547,0.157,0.092,1,"WDR17","mature","identity+migrating",0.065,NA,NA,NA,NA
0.0236174534788119,0.321094958739273,0.485,0.37,1,"CCP110","mature","identity+migrating",0.115,NA,NA,NA,NA
0.0236380396590493,0.375401037377519,0.222,0.148,1,"GPBP1L1","mature","identity+migrating",0.074,NA,NA,NA,NA
0.0237151273606664,0.89989463751409,0.182,0.12,1,"UNC13B","mature","identity+migrating",0.062,NA,NA,NA,NA
0.0238538422780994,0.28838632908389,0.475,0.377,1,"GKAP1","mature","identity+migrating",0.098,NA,NA,NA,NA
0.0239197642236354,0.26050577782337,0.475,0.359,1,"DEAF1","mature","identity+migrating",0.116,NA,NA,NA,NA
0.0239739352784899,0.302455923430173,0.343,0.251,1,"SCAMP5","mature","identity+migrating",0.092,NA,NA,NA,NA
0.0239763729579418,0.514614386995923,0.283,0.203,1,"KRCC1","mature","identity+migrating",0.08,NA,NA,NA,NA
0.0240191919392345,0.628377068608338,0.278,0.2,1,"RAB3IP","mature","identity+migrating",0.078,NA,NA,NA,NA
0.024036009287117,0.326949151230405,0.677,0.577,1,"SH3BP5","mature","identity+migrating",0.1,NA,NA,NA,NA
0.0241480928047913,0.399896219253242,0.525,0.434,1,"PIAS1","mature","identity+migrating",0.091,NA,NA,NA,NA
0.0242583604382471,0.2909604270461,0.409,0.298,1,"PRRC2A","mature","identity+migrating",0.111,NA,NA,NA,NA
0.0242718201228818,0.4307257657406,0.333,0.246,1,"NBR1","mature","identity+migrating",0.087,NA,NA,NA,NA
0.0242841984986788,0.748736045652947,0.172,0.109,1,"DHFR","mature","identity+migrating",0.063,NA,NA,NA,NA
0.0243104630049495,1.02022941347371,0.111,0.061,1,"ARHGEF4","mature","identity+migrating",0.05,NA,NA,NA,NA
0.0243377938535333,0.300591135419324,0.788,0.68,1,"PDIA3","mature","identity+migrating",0.108,NA,NA,NA,NA
0.0244070806089138,0.348179882678112,0.48,0.375,1,"WDR6","mature","identity+migrating",0.105,NA,NA,NA,NA
0.0244134144637532,0.291728606240821,0.747,0.654,1,"LYRM2","mature","identity+migrating",0.093,NA,NA,NA,NA
0.0249729807596865,0.653085143266766,0.247,0.172,1,"SH2D3C","mature","identity+migrating",0.075,NA,NA,NA,NA
0.0250012122323539,0.451511369493439,0.328,0.244,1,"ZDBF2","mature","identity+migrating",0.084,NA,NA,NA,NA
0.0250311102761396,0.263160020055367,0.657,0.538,1,"HNRNPH2","mature","identity+migrating",0.119,NA,NA,NA,NA
0.0251082144671444,0.599116204399052,0.131,0.074,1,"PTPN13","mature","identity+migrating",0.057,NA,NA,NA,NA
0.0251921170633025,0.593357629715281,0.217,0.146,1,"TPRG1L","mature","identity+migrating",0.071,NA,NA,NA,NA
0.0252562077401103,0.270326294528415,0.475,0.368,1,"COX11","mature","identity+migrating",0.107,NA,NA,NA,NA
0.0255538187364565,0.484229982056367,0.202,0.131,1,"SYNE1","mature","identity+migrating",0.071,NA,NA,NA,NA
0.0257683224630003,0.276758444890489,0.384,0.285,1,"TM2D1","mature","identity+migrating",0.099,NA,NA,NA,NA
0.0258708245467639,0.272869532582624,0.404,0.301,1,"POLD2","mature","identity+migrating",0.103,NA,NA,NA,NA
0.025910500308826,0.320891926535502,0.551,0.466,1,"PRDX4","mature","identity+migrating",0.085,NA,NA,NA,NA
0.0259940374402553,0.90184843622608,0.146,0.089,1,"OCLN","mature","identity+migrating",0.057,NA,NA,NA,NA
0.0260058615831248,0.553563242614355,0.222,0.15,1,"RUNDC1","mature","identity+migrating",0.072,NA,NA,NA,NA
0.0260284223340586,0.776761144636471,0.106,0.057,1,"CSMD3","mature","identity+migrating",0.049,NA,NA,NA,NA
0.0261569794521765,0.473977666939768,0.379,0.294,1,"MAML3","mature","identity+migrating",0.085,NA,NA,NA,NA
0.0262886800908026,0.319213356803299,0.606,0.508,1,"PPP1R7","mature","identity+migrating",0.098,NA,NA,NA,NA
0.0263023099353238,0.699091915766993,0.172,0.109,1,"NFXL1","mature","identity+migrating",0.063,NA,NA,NA,NA
0.0263640865522974,0.621229912082254,0.298,0.222,1,"SNAP47","mature","identity+migrating",0.076,NA,NA,NA,NA
0.0263718858269918,0.397428255528488,0.323,0.24,1,"SETX","mature","identity+migrating",0.083,NA,NA,NA,NA
0.0265061185767828,0.38916504356082,0.525,0.431,1,"ZNF451","mature","identity+migrating",0.094,NA,NA,NA,NA
0.0266358018324447,0.776530777208153,0.131,0.076,1,"LRRC20","mature","identity+migrating",0.055,NA,NA,NA,NA
0.027253729458808,0.268295151994923,0.641,0.553,1,"AAK1","mature","identity+migrating",0.088,NA,NA,NA,NA
0.0272575346837352,0.493897520869503,0.298,0.218,1,"LRRC41","mature","identity+migrating",0.08,NA,NA,NA,NA
0.0274122697434904,0.554384994257658,0.313,0.231,1,"SNCA","mature","identity+migrating",0.082,NA,NA,NA,NA
0.027538179992044,0.618207173073932,0.202,0.135,1,"VPS50","mature","identity+migrating",0.067,NA,NA,NA,NA
0.0276139620181618,0.723235891464412,0.106,0.057,1,"Z95115.1","mature","identity+migrating",0.049,NA,NA,NA,NA
0.0276847484668344,0.705352381119508,0.106,0.057,1,"WHAMM","mature","identity+migrating",0.049,NA,NA,NA,NA
0.0277150736012044,0.34589729775484,0.606,0.538,1,"PGD","mature","identity+migrating",0.068,NA,NA,NA,NA
0.0278399308944162,0.4968087009956,0.308,0.231,1,"MRPS2","mature","identity+migrating",0.077,NA,NA,NA,NA
0.0278821265573411,0.666794449556079,0.136,0.081,1,"SLC25A17","mature","identity+migrating",0.055,NA,NA,NA,NA
0.0279304723131828,0.433637024653267,0.424,0.331,1,"TMEM196","mature","identity+migrating",0.093,NA,NA,NA,NA
0.0279759208985496,0.813612883400977,0.111,0.061,1,"AL117339.5","mature","identity+migrating",0.05,NA,NA,NA,NA
0.0279797265605273,0.551257467400702,0.202,0.133,1,"ZNF625","mature","identity+migrating",0.069,NA,NA,NA,NA
0.0279892690297123,0.994858598720795,0.152,0.096,1,"KCTD2","mature","identity+migrating",0.056,NA,NA,NA,NA
0.0280498527633714,0.260843474375508,0.576,0.479,1,"LARP1","mature","identity+migrating",0.097,NA,NA,NA,NA
0.028164433230019,0.583008444468028,0.157,0.094,1,"SLC35A3","mature","identity+migrating",0.063,NA,NA,NA,NA
0.0281669947060946,0.254034415697905,0.717,0.601,1,"RNF146","mature","identity+migrating",0.116,NA,NA,NA,NA
0.0282176391416479,0.380141546721553,0.369,0.281,1,"FBXO3","mature","identity+migrating",0.088,NA,NA,NA,NA
0.0282603518088507,0.363182010965796,0.364,0.268,1,"TNKS2","mature","identity+migrating",0.096,NA,NA,NA,NA
0.0282756315007897,0.287186124953557,0.389,0.288,1,"RPAP3","mature","identity+migrating",0.101,NA,NA,NA,NA
0.0282808751304682,0.256798562899695,0.677,0.588,1,"EIF3A","mature","identity+migrating",0.0890000000000001,NA,NA,NA,NA
0.0283577654877478,0.361251464397608,0.389,0.305,1,"ILF3-DT","mature","identity+migrating",0.084,NA,NA,NA,NA
0.0283733136199872,0.468989047008453,0.384,0.29,1,"GDPD1","mature","identity+migrating",0.094,NA,NA,NA,NA
0.0284872065099142,0.523863738036039,0.359,0.281,1,"CDC16","mature","identity+migrating",0.078,NA,NA,NA,NA
0.0284979199042554,0.419253936577161,0.242,0.17,1,"INSM2","mature","identity+migrating",0.072,NA,NA,NA,NA
0.0285175026534486,0.444584556980008,0.308,0.222,1,"ZNHIT6","mature","identity+migrating",0.086,NA,NA,NA,NA
0.0286446987172813,0.707817794426591,0.131,0.076,1,"TRIB1","mature","identity+migrating",0.055,NA,NA,NA,NA
0.0287111006748803,0.739236070786259,0.116,0.065,1,"PKD2","mature","identity+migrating",0.051,NA,NA,NA,NA
0.0287299547975056,0.353753761523124,0.439,0.349,1,"ANKLE2","mature","identity+migrating",0.09,NA,NA,NA,NA
0.028737963168942,0.668005421618597,0.141,0.085,1,"TRPM7","mature","identity+migrating",0.056,NA,NA,NA,NA
0.0288009082287133,0.537476351308261,0.182,0.115,1,"UXS1","mature","identity+migrating",0.067,NA,NA,NA,NA
0.0290546458724033,0.28734723794336,0.364,0.266,1,"GLT8D1","mature","identity+migrating",0.098,NA,NA,NA,NA
0.0290588134388599,0.968313900046363,0.116,0.065,1,"PLP1","mature","identity+migrating",0.051,NA,NA,NA,NA
0.0291010493634434,0.423071179853769,0.258,0.176,1,"RFX7","mature","identity+migrating",0.082,NA,NA,NA,NA
0.0291036911469132,0.44251250270422,0.242,0.166,1,"OLMALINC","mature","identity+migrating",0.076,NA,NA,NA,NA
0.0291672594576614,0.252327907454049,0.874,0.791,1,"HSPD1","mature","identity+migrating",0.083,NA,NA,NA,NA
0.0292752330226773,0.346389131647386,0.606,0.499,1,"PTEN","mature","identity+migrating",0.107,NA,NA,NA,NA
0.0293011914847266,0.262552408365535,0.571,0.466,1,"UQCRC1","mature","identity+migrating",0.105,NA,NA,NA,NA
0.0293309401136144,0.438731885577742,0.227,0.157,1,"NOL8","mature","identity+migrating",0.07,NA,NA,NA,NA
0.0294521726731935,0.600957565913575,0.197,0.133,1,"TSGA10","mature","identity+migrating",0.064,NA,NA,NA,NA
0.0294941387991034,0.373040018673974,0.46,0.381,1,"MYO5A","mature","identity+migrating",0.079,NA,NA,NA,NA
0.0296394685700021,0.391037721651849,0.384,0.281,1,"TMEM87A","mature","identity+migrating",0.103,NA,NA,NA,NA
0.0297801152294934,0.741943322453831,0.177,0.115,1,"SUPV3L1","mature","identity+migrating",0.062,NA,NA,NA,NA
0.0299599563218392,0.48676233913728,0.293,0.214,1,"MXD1","mature","identity+migrating",0.079,NA,NA,NA,NA
0.0300880887279658,0.554759778884971,0.247,0.172,1,"MTHFD2L","mature","identity+migrating",0.075,NA,NA,NA,NA
0.030204541356068,0.457033622137326,0.323,0.246,1,"CWF19L2","mature","identity+migrating",0.077,NA,NA,NA,NA
0.0304784694068256,0.371983524166672,0.313,0.231,1,"FAM228B","mature","identity+migrating",0.082,NA,NA,NA,NA
0.0305240051132894,0.365561602285777,0.227,0.153,1,"MICAL1","mature","identity+migrating",0.074,NA,NA,NA,NA
0.0305353447357726,0.46671601934981,0.162,0.1,1,"DNAJB4","mature","identity+migrating",0.062,NA,NA,NA,NA
0.030680386456938,1.04483231121422,0.101,0.054,1,"ATP6V1E2","mature","identity+migrating",0.047,NA,NA,NA,NA
0.0308913780690218,1.20623602728007,0.136,0.085,1,"ZNF407","mature","identity+migrating",0.051,NA,NA,NA,NA
0.0309228796733526,0.263540752925421,0.404,0.314,1,"ZCCHC3","mature","identity+migrating",0.09,NA,NA,NA,NA
0.0309330753365886,0.568745966008506,0.126,0.072,1,"JRK","mature","identity+migrating",0.054,NA,NA,NA,NA
0.0310413155059705,0.260899003632174,0.545,0.449,1,"C17orf75","mature","identity+migrating",0.096,NA,NA,NA,NA
0.0310938428522474,0.306721752563265,0.323,0.233,1,"OCRL","mature","identity+migrating",0.09,NA,NA,NA,NA
0.0311207006452107,0.409360545202128,0.409,0.325,1,"RABGAP1L","mature","identity+migrating",0.084,NA,NA,NA,NA
0.0311539334537772,0.359230418342708,0.232,0.159,1,"IER2","mature","identity+migrating",0.073,NA,NA,NA,NA
0.0312715854143834,0.505067368007044,0.333,0.259,1,"MARK2","mature","identity+migrating",0.074,NA,NA,NA,NA
0.031341088094285,0.401383479369112,0.207,0.135,1,"RBMXL1","mature","identity+migrating",0.072,NA,NA,NA,NA
0.0314145254749642,0.394948182746124,0.197,0.126,1,"SLC12A2","mature","identity+migrating",0.071,NA,NA,NA,NA
0.0314660518453515,0.850132381856918,0.131,0.078,1,"SEMA4A","mature","identity+migrating",0.053,NA,NA,NA,NA
0.0315758173692144,0.551434760777033,0.126,0.072,1,"ST6GALNAC5","mature","identity+migrating",0.054,NA,NA,NA,NA
0.0316352781039728,0.303011902901056,0.525,0.447,1,"ZNF254","mature","identity+migrating",0.078,NA,NA,NA,NA
0.0317314627543084,0.629070854422194,0.192,0.124,1,"SLITRK1","mature","identity+migrating",0.068,NA,NA,NA,NA
0.0317725917946513,0.338502517358352,0.308,0.222,1,"NGRN","mature","identity+migrating",0.086,NA,NA,NA,NA
0.031782374132282,0.438814190482919,0.237,0.163,1,"FAM210B","mature","identity+migrating",0.074,NA,NA,NA,NA
0.0319281675439413,0.810831304111478,0.126,0.074,1,"DCAF1","mature","identity+migrating",0.052,NA,NA,NA,NA
0.031957171785069,0.659750534029248,0.131,0.078,1,"ZFP64","mature","identity+migrating",0.053,NA,NA,NA,NA
0.0319668566815051,0.821553424346894,0.101,0.054,1,"RBM24","mature","identity+migrating",0.047,NA,NA,NA,NA
0.032014976394263,0.330139640462854,0.414,0.312,1,"SLC36A4","mature","identity+migrating",0.102,NA,NA,NA,NA
0.0320166305285941,0.362905358719588,0.217,0.144,1,"C12orf4","mature","identity+migrating",0.073,NA,NA,NA,NA
0.0322156788212929,0.503008209805979,0.369,0.29,1,"TSPAN7","mature","identity+migrating",0.079,NA,NA,NA,NA
0.032535154772345,0.25357864462987,0.707,0.621,1,"HIKESHI","mature","identity+migrating",0.086,NA,NA,NA,NA
0.0326002782646749,0.259516422580992,0.662,0.577,1,"SEC14L1","mature","identity+migrating",0.0850000000000001,NA,NA,NA,NA
0.0326007973333282,0.652688570939448,0.354,0.288,1,"PFDN6","mature","identity+migrating",0.066,NA,NA,NA,NA
0.0326921717181835,0.293720396711964,0.152,0.092,1,"SEPT1","mature","identity+migrating",0.06,NA,NA,NA,NA
0.0327987623007771,0.652347706097312,0.202,0.139,1,"U2AF1L4","mature","identity+migrating",0.063,NA,NA,NA,NA
0.0329704145615018,0.508778783725304,0.126,0.072,1,"GK5","mature","identity+migrating",0.054,NA,NA,NA,NA
0.0329742622447333,0.434809466090227,0.192,0.124,1,"CAPRIN2","mature","identity+migrating",0.068,NA,NA,NA,NA
0.0332975831160544,0.31827649771946,0.591,0.484,1,"CREB1","mature","identity+migrating",0.107,NA,NA,NA,NA
0.0333326431725245,0.858945551826515,0.167,0.107,1,"KCTD15","mature","identity+migrating",0.06,NA,NA,NA,NA
0.0334636423532061,0.436003439460641,0.364,0.27,1,"NNT-AS1","mature","identity+migrating",0.094,NA,NA,NA,NA
0.033478782066945,0.424686666598801,0.434,0.346,1,"CBR4","mature","identity+migrating",0.088,NA,NA,NA,NA
0.0334819437791222,0.854637022492639,0.106,0.059,1,"EPHX2","mature","identity+migrating",0.047,NA,NA,NA,NA
0.0335694001588374,0.644281971863868,0.172,0.109,1,"ARFGEF3","mature","identity+migrating",0.063,NA,NA,NA,NA
0.0336059545654909,0.356900021429957,0.495,0.41,1,"ARL14EP","mature","identity+migrating",0.085,NA,NA,NA,NA
0.0340046360038776,0.751924414601613,0.126,0.074,1,"TBC1D17","mature","identity+migrating",0.052,NA,NA,NA,NA
0.0342018227750456,0.348306617083974,0.495,0.392,1,"UBALD2","mature","identity+migrating",0.103,NA,NA,NA,NA
0.0343844846098116,0.395221421560302,0.232,0.155,1,"GPKOW","mature","identity+migrating",0.077,NA,NA,NA,NA
0.0346536102881596,0.604962348780876,0.212,0.148,1,"STYXL1","mature","identity+migrating",0.064,NA,NA,NA,NA
0.0346666365565858,0.638973214232543,0.187,0.122,1,"CERS4","mature","identity+migrating",0.065,NA,NA,NA,NA
0.0349254893174477,0.331474228585968,0.429,0.331,1,"EXOSC8","mature","identity+migrating",0.098,NA,NA,NA,NA
0.0349326913643469,0.527120359385598,0.369,0.301,1,"EXOSC1","mature","identity+migrating",0.068,NA,NA,NA,NA
0.0349549316377437,0.476916371404889,0.152,0.094,1,"CEP131","mature","identity+migrating",0.058,NA,NA,NA,NA
0.0350789475740507,0.359187091718075,0.606,0.49,1,"ZNF652","mature","identity+migrating",0.116,NA,NA,NA,NA
0.0352248887446994,0.856271429482434,0.116,0.068,1,"STXBP5","mature","identity+migrating",0.048,NA,NA,NA,NA
0.0355955589816833,0.431502761474117,0.48,0.39,1,"SCD","mature","identity+migrating",0.09,NA,NA,NA,NA
0.0356700011738761,0.847593082477185,0.136,0.083,1,"LINC02482","mature","identity+migrating",0.053,NA,NA,NA,NA
0.0357321177197003,0.603877726113518,0.237,0.166,1,"DYNC2H1","mature","identity+migrating",0.071,NA,NA,NA,NA
0.0358262180845001,0.426381536435666,0.404,0.325,1,"STRN3","mature","identity+migrating",0.079,NA,NA,NA,NA
0.0359889322955123,0.541297743774876,0.152,0.096,1,"WDR36","mature","identity+migrating",0.056,NA,NA,NA,NA
0.0360395293377643,0.340200319888285,0.348,0.268,1,"ZHX1","mature","identity+migrating",0.08,NA,NA,NA,NA
0.0360680299242681,0.423232782833525,0.434,0.353,1,"VPS41","mature","identity+migrating",0.081,NA,NA,NA,NA
0.0360688407556635,0.419560341696766,0.298,0.224,1,"ALG5","mature","identity+migrating",0.074,NA,NA,NA,NA
0.0360881507145624,0.521902527161092,0.298,0.22,1,"BRIX1","mature","identity+migrating",0.078,NA,NA,NA,NA
0.0361248706580705,0.472325267326347,0.192,0.129,1,"NLK","mature","identity+migrating",0.063,NA,NA,NA,NA
0.0361347442826737,0.596295965775517,0.202,0.135,1,"ACER3","mature","identity+migrating",0.067,NA,NA,NA,NA
0.036158432584096,0.76229458426897,0.172,0.111,1,"SERPINI1","mature","identity+migrating",0.061,NA,NA,NA,NA
0.0362538507253904,0.50278650537138,0.217,0.15,1,"NECAB2","mature","identity+migrating",0.067,NA,NA,NA,NA
0.036313720397268,0.277121701429641,0.212,0.137,1,"SIN3A","mature","identity+migrating",0.075,NA,NA,NA,NA
0.0363147971487728,0.47703047465423,0.222,0.148,1,"ECPAS","mature","identity+migrating",0.074,NA,NA,NA,NA
0.0363942599910892,0.800555731056381,0.121,0.072,1,"ARHGAP17","mature","identity+migrating",0.049,NA,NA,NA,NA
0.0366342085514648,0.486069117105222,0.268,0.19,1,"PARD3","mature","identity+migrating",0.078,NA,NA,NA,NA
0.0366699185952002,0.47563903201459,0.177,0.113,1,"CLVS1","mature","identity+migrating",0.064,NA,NA,NA,NA
0.0368332896854188,0.539772681936797,0.343,0.264,1,"C20orf96","mature","identity+migrating",0.079,NA,NA,NA,NA
0.0368398911445796,0.632237035205602,0.101,0.054,1,"GPR149","mature","identity+migrating",0.047,NA,NA,NA,NA
0.0370146286415336,0.437716985685178,0.258,0.185,1,"PITPNM1","mature","identity+migrating",0.073,NA,NA,NA,NA
0.0371902821252163,0.447074816449751,0.273,0.203,1,"EIF3B","mature","identity+migrating",0.07,NA,NA,NA,NA
0.0375320658476485,0.391077381370616,0.253,0.181,1,"LRIG2","mature","identity+migrating",0.072,NA,NA,NA,NA
0.0377064296599396,0.420784346192001,0.202,0.137,1,"MTERF2","mature","identity+migrating",0.065,NA,NA,NA,NA
0.0380616429008762,0.2966285856811,0.753,0.675,1,"NDUFV3","mature","identity+migrating",0.078,NA,NA,NA,NA
0.0382700016694951,0.411336845774998,0.253,0.181,1,"MGA","mature","identity+migrating",0.072,NA,NA,NA,NA
0.0382742697131647,0.579463623872424,0.222,0.155,1,"RTL6","mature","identity+migrating",0.067,NA,NA,NA,NA
0.0382824708121817,0.317433361276089,0.51,0.423,1,"RALGAPA1","mature","identity+migrating",0.087,NA,NA,NA,NA
0.0383242365144832,0.354455125909073,0.399,0.316,1,"TRIM37","mature","identity+migrating",0.083,NA,NA,NA,NA
0.0385829144036056,0.364467429092447,0.338,0.257,1,"EP400","mature","identity+migrating",0.081,NA,NA,NA,NA
0.0387816025491294,0.27981430331658,0.53,0.423,1,"C16orf87","mature","identity+migrating",0.107,NA,NA,NA,NA
0.0388347537571903,0.500308564306709,0.207,0.142,1,"ABL1","mature","identity+migrating",0.065,NA,NA,NA,NA
0.0388628761142305,0.579723480364539,0.167,0.107,1,"SPHK2","mature","identity+migrating",0.06,NA,NA,NA,NA
0.039015047830995,0.348700448989343,0.323,0.24,1,"CWC25","mature","identity+migrating",0.083,NA,NA,NA,NA
0.0390159199075356,0.333186410755629,0.359,0.281,1,"KATNAL1","mature","identity+migrating",0.078,NA,NA,NA,NA
0.0390806825672204,0.327789262495261,0.258,0.181,1,"POLD3","mature","identity+migrating",0.077,NA,NA,NA,NA
0.0391786238668528,0.43917090385031,0.283,0.205,1,"CERS2","mature","identity+migrating",0.078,NA,NA,NA,NA
0.0391817131376716,0.504378183770636,0.222,0.15,1,"ACADVL","mature","identity+migrating",0.072,NA,NA,NA,NA
0.0391848615854551,0.821683570319466,0.126,0.076,1,"LINC01456","mature","identity+migrating",0.05,NA,NA,NA,NA
0.0391959346728002,0.37162366753355,0.384,0.294,1,"WASF2","mature","identity+migrating",0.09,NA,NA,NA,NA
0.0392313571692253,0.409464187045491,0.217,0.146,1,"GDAP2","mature","identity+migrating",0.071,NA,NA,NA,NA
0.0392646822668507,0.381516650644086,0.571,0.479,1,"SHTN1","mature","identity+migrating",0.092,NA,NA,NA,NA
0.0393050019471837,0.314821949072641,0.323,0.235,1,"RIOK2","mature","identity+migrating",0.088,NA,NA,NA,NA
0.0393165449746606,0.31248465898808,0.409,0.325,1,"ST8SIA1","mature","identity+migrating",0.084,NA,NA,NA,NA
0.0395149424734967,0.406492773350315,0.298,0.216,1,"SDF4","mature","identity+migrating",0.082,NA,NA,NA,NA
0.0396802661533252,0.659708428279087,0.152,0.096,1,"TIGD3","mature","identity+migrating",0.056,NA,NA,NA,NA
0.0397318138026673,0.407506139019232,0.116,0.065,1,"CIPC","mature","identity+migrating",0.051,NA,NA,NA,NA
0.0398707252894298,0.593822722034655,0.182,0.12,1,"GUSB","mature","identity+migrating",0.062,NA,NA,NA,NA
0.0399831020271146,0.378797360206289,0.429,0.351,1,"ZFP14","mature","identity+migrating",0.078,NA,NA,NA,NA
0.0399987226591586,0.341523442071934,0.566,0.481,1,"PITHD1","mature","identity+migrating",0.085,NA,NA,NA,NA
0.0401035114180254,0.574538457745447,0.136,0.083,1,"NLRP2","mature","identity+migrating",0.053,NA,NA,NA,NA
0.0401968606466867,0.352976559068525,0.449,0.357,1,"C18orf21","mature","identity+migrating",0.092,NA,NA,NA,NA
0.0402930191992882,0.252515232480885,0.48,0.388,1,"LAGE3","mature","identity+migrating",0.092,NA,NA,NA,NA
0.0403378776991009,0.395037452309063,0.338,0.248,1,"GIGYF1","mature","identity+migrating",0.09,NA,NA,NA,NA
0.0405058247559057,0.720307863995108,0.162,0.105,1,"UBL7-AS1","mature","identity+migrating",0.057,NA,NA,NA,NA
0.0406343278912433,0.493844589646082,0.192,0.129,1,"ANKS3","mature","identity+migrating",0.063,NA,NA,NA,NA
0.0409201049696259,0.372258524441425,0.313,0.235,1,"KDM2A","mature","identity+migrating",0.078,NA,NA,NA,NA
0.0411156577242538,0.261852159862592,0.667,0.542,1,"ZNF580","mature","identity+migrating",0.125,NA,NA,NA,NA
0.041118783837095,0.408702602074965,0.364,0.288,1,"APBA2","mature","identity+migrating",0.076,NA,NA,NA,NA
0.0412935097627113,0.561891143674061,0.111,0.063,1,"ZNF697","mature","identity+migrating",0.048,NA,NA,NA,NA
0.0414564794832949,0.284712038821573,0.687,0.603,1,"C3orf14","mature","identity+migrating",0.0840000000000001,NA,NA,NA,NA
0.0414867834507062,0.344511305603788,0.439,0.349,1,"PRR14L","mature","identity+migrating",0.09,NA,NA,NA,NA
0.0418064248297874,0.304485632317749,0.338,0.246,1,"NKIRAS1","mature","identity+migrating",0.092,NA,NA,NA,NA
0.0418974596955576,0.421977766954303,0.242,0.17,1,"PHOSPHO2","mature","identity+migrating",0.072,NA,NA,NA,NA
0.0422993419984251,0.305355865196867,0.394,0.303,1,"SRPRA","mature","identity+migrating",0.091,NA,NA,NA,NA
0.0424467442171784,0.673582482298154,0.116,0.068,1,"ZNF182","mature","identity+migrating",0.048,NA,NA,NA,NA
0.0424944504125888,0.320436226162102,0.298,0.218,1,"ZNF219","mature","identity+migrating",0.08,NA,NA,NA,NA
0.0426237924958737,0.441174878668321,0.157,0.098,1,"TRIM11","mature","identity+migrating",0.059,NA,NA,NA,NA
0.042744091810337,0.481829051378907,0.242,0.172,1,"ZCCHC8","mature","identity+migrating",0.07,NA,NA,NA,NA
0.042788914245747,0.501002806848396,0.157,0.098,1,"SLC35A1","mature","identity+migrating",0.059,NA,NA,NA,NA
0.0427977642506745,0.446496198819182,0.278,0.198,1,"TRIP4","mature","identity+migrating",0.08,NA,NA,NA,NA
0.0428540577895708,0.341933697282277,0.273,0.198,1,"ABHD2","mature","identity+migrating",0.075,NA,NA,NA,NA
0.0429085178970962,0.470532454918829,0.237,0.168,1,"MAIP1","mature","identity+migrating",0.069,NA,NA,NA,NA
0.0429425643666154,0.292267129551093,0.126,0.074,1,"EBF3","mature","identity+migrating",0.052,NA,NA,NA,NA
0.0429761024129457,0.605465408058834,0.131,0.078,1,"NEK5","mature","identity+migrating",0.053,NA,NA,NA,NA
0.0430077806180802,0.708095725959835,0.187,0.126,1,"AMOT","mature","identity+migrating",0.061,NA,NA,NA,NA
0.0430246708275403,0.649004357692987,0.116,0.068,1,"TCP11L1","mature","identity+migrating",0.048,NA,NA,NA,NA
0.0431348409796322,0.37719908775452,0.369,0.281,1,"NCKAP1","mature","identity+migrating",0.088,NA,NA,NA,NA
0.0431652019512371,0.617567967260163,0.202,0.137,1,"SETMAR","mature","identity+migrating",0.065,NA,NA,NA,NA
0.0432311408249481,0.367088133960301,0.192,0.129,1,"CCDC157","mature","identity+migrating",0.063,NA,NA,NA,NA
0.0432781892648394,0.835764960580863,0.116,0.07,1,"BCAT2","mature","identity+migrating",0.046,NA,NA,NA,NA
0.0434987117442385,0.333812881670849,0.242,0.17,1,"NR6A1","mature","identity+migrating",0.072,NA,NA,NA,NA
0.0437261307714542,0.704739779817679,0.101,0.057,1,"AC064836.3","mature","identity+migrating",0.044,NA,NA,NA,NA
0.0437980388763413,0.491428237826501,0.242,0.174,1,"MGAT4A","mature","identity+migrating",0.068,NA,NA,NA,NA
0.0438606641627821,0.557874178192243,0.121,0.072,1,"CRY1","mature","identity+migrating",0.049,NA,NA,NA,NA
0.0438757396057304,0.370725049555672,0.374,0.279,1,"ZNF429","mature","identity+migrating",0.095,NA,NA,NA,NA
0.043883572726064,0.303429070829348,0.449,0.359,1,"FAM117B","mature","identity+migrating",0.09,NA,NA,NA,NA
0.0441078127495505,0.445871343225335,0.232,0.166,1,"EXTL2","mature","identity+migrating",0.066,NA,NA,NA,NA
0.0441801128186495,0.57322756564246,0.222,0.157,1,"FASTKD2","mature","identity+migrating",0.065,NA,NA,NA,NA
0.0443100807704189,0.607748825762858,0.131,0.081,1,"AC104986.2","mature","identity+migrating",0.05,NA,NA,NA,NA
0.0444132185631351,0.37938055573812,0.217,0.148,1,"TMEM121","mature","identity+migrating",0.069,NA,NA,NA,NA
0.0444513743252926,0.329955879541854,0.288,0.209,1,"ZNF593","mature","identity+migrating",0.079,NA,NA,NA,NA
0.044599181972838,0.50454465200976,0.263,0.19,1,"RSU1","mature","identity+migrating",0.073,NA,NA,NA,NA
0.0446018320527281,0.390316117354421,0.318,0.235,1,"TMEM200C","mature","identity+migrating",0.083,NA,NA,NA,NA
0.0446279965989539,0.536615010113885,0.157,0.1,1,"DERA","mature","identity+migrating",0.057,NA,NA,NA,NA
0.0449718890181598,0.337345134235335,0.429,0.344,1,"MBOAT2","mature","identity+migrating",0.085,NA,NA,NA,NA
0.0449941000742296,0.409881296167944,0.556,0.468,1,"TXNDC9","mature","identity+migrating",0.088,NA,NA,NA,NA
0.0451110519070684,0.285482828904446,0.571,0.49,1,"CASK","mature","identity+migrating",0.081,NA,NA,NA,NA
0.0452330435217956,0.336337626407211,0.187,0.122,1,"NCAPH2","mature","identity+migrating",0.065,NA,NA,NA,NA
0.0452731126391544,0.35324826264577,0.212,0.144,1,"PPP1R13B","mature","identity+migrating",0.068,NA,NA,NA,NA
0.04533894189069,0.663229089952952,0.177,0.12,1,"ATRNL1","mature","identity+migrating",0.057,NA,NA,NA,NA
0.0454544632340265,0.779631907256418,0.111,0.065,1,"ETV6","mature","identity+migrating",0.046,NA,NA,NA,NA
0.0454544632340265,0.664647477617576,0.111,0.065,1,"ZNF83","mature","identity+migrating",0.046,NA,NA,NA,NA
0.0454991912203978,0.531713286623191,0.187,0.124,1,"GUF1","mature","identity+migrating",0.063,NA,NA,NA,NA
0.0455338004925181,0.489858724068885,0.318,0.242,1,"CMC1","mature","identity+migrating",0.076,NA,NA,NA,NA
0.0455908346242336,0.414184567421166,0.359,0.279,1,"RGMB","mature","identity+migrating",0.08,NA,NA,NA,NA
0.0455915671141579,0.551944240349653,0.182,0.124,1,"AC013394.1","mature","identity+migrating",0.058,NA,NA,NA,NA
0.0458868144247236,1.11532163132248,0.106,0.061,1,"PALB2","mature","identity+migrating",0.045,NA,NA,NA,NA
0.0459443294882387,0.630243230836719,0.126,0.076,1,"EMG1","mature","identity+migrating",0.05,NA,NA,NA,NA
0.0459549444451558,0.45917162126154,0.222,0.155,1,"KCNN3","mature","identity+migrating",0.067,NA,NA,NA,NA
0.0460033059561019,0.344803030307997,0.424,0.357,1,"ANKRD10","mature","identity+migrating",0.067,NA,NA,NA,NA
0.0461892020766857,0.400009588267377,0.232,0.159,1,"USP49","mature","identity+migrating",0.073,NA,NA,NA,NA
0.04626881048084,0.417080288729711,0.283,0.209,1,"PUDP","mature","identity+migrating",0.074,NA,NA,NA,NA
0.0463266324267732,0.44414161585743,0.167,0.111,1,"SYT4","mature","identity+migrating",0.056,NA,NA,NA,NA
0.0463597769048388,0.541484641921978,0.242,0.179,1,"SFT2D1","mature","identity+migrating",0.063,NA,NA,NA,NA
0.0463636624972738,0.47657749485261,0.217,0.155,1,"RXYLT1","mature","identity+migrating",0.062,NA,NA,NA,NA
0.0464034551549996,0.374492493920468,0.192,0.126,1,"ZNF544","mature","identity+migrating",0.066,NA,NA,NA,NA
0.0464493850146649,0.352138828860809,0.354,0.277,1,"PRELID3B","mature","identity+migrating",0.077,NA,NA,NA,NA
0.046595959869782,0.395087990776173,0.167,0.107,1,"RGL2","mature","identity+migrating",0.06,NA,NA,NA,NA
0.0466466170340326,0.367712481771966,0.303,0.227,1,"TMEM205","mature","identity+migrating",0.076,NA,NA,NA,NA
0.0468858625586477,0.394852479056586,0.192,0.126,1,"ARSD","mature","identity+migrating",0.066,NA,NA,NA,NA
0.046942489561536,0.412043239158892,0.379,0.294,1,"GPR162","mature","identity+migrating",0.085,NA,NA,NA,NA
0.0471551469957494,0.844663269281361,0.136,0.087,1,"WDR3","mature","identity+migrating",0.049,NA,NA,NA,NA
0.0471810282267936,0.438539334811552,0.162,0.105,1,"RBL2","mature","identity+migrating",0.057,NA,NA,NA,NA
0.0474458232064569,0.325061247564586,0.485,0.39,1,"MTUS1","mature","identity+migrating",0.095,NA,NA,NA,NA
0.0474985609864085,0.406534251339729,0.167,0.109,1,"DHRS13","mature","identity+migrating",0.058,NA,NA,NA,NA
0.0475320697287116,0.2980775534016,0.258,0.185,1,"FRY","mature","identity+migrating",0.073,NA,NA,NA,NA
0.0478463441650442,0.653077607243163,0.106,0.061,1,"TTC26","mature","identity+migrating",0.045,NA,NA,NA,NA
0.0478673940179534,0.37206715162237,0.379,0.303,1,"ANKRD26","mature","identity+migrating",0.076,NA,NA,NA,NA
0.0485741172747872,0.251475289423596,0.374,0.281,1,"CLEC11A","mature","identity+migrating",0.093,NA,NA,NA,NA
0.048806790742164,0.392311513966349,0.5,0.401,1,"FLYWCH2","mature","identity+migrating",0.099,NA,NA,NA,NA
0.04882172407163,0.449987168188912,0.328,0.257,1,"CCDC30","mature","identity+migrating",0.071,NA,NA,NA,NA
0.0488266168023523,0.505129551023556,0.222,0.155,1,"PXDN","mature","identity+migrating",0.067,NA,NA,NA,NA
0.0489382736900683,0.251869266795856,0.465,0.364,1,"C3orf38","mature","identity+migrating",0.101,NA,NA,NA,NA
0.0489647825863138,0.423068344999152,0.162,0.105,1,"BSN","mature","identity+migrating",0.057,NA,NA,NA,NA
0.0492167275055246,0.558158669666251,0.207,0.146,1,"POLR3F","mature","identity+migrating",0.061,NA,NA,NA,NA
0.0492189351330904,0.270616510708825,0.5,0.425,1,"SUPT20H","mature","identity+migrating",0.075,NA,NA,NA,NA
0.0493282322529162,0.258454155018066,0.227,0.157,1,"ARFIP2","mature","identity+migrating",0.07,NA,NA,NA,NA
0.049350921220176,0.611676180319583,0.131,0.081,1,"LSM11","mature","identity+migrating",0.05,NA,NA,NA,NA
0.0493564348769822,0.260115813512985,0.722,0.675,1,"PRKAR1A","mature","identity+migrating",0.0469999999999999,NA,NA,NA,NA
0.0494143633130103,0.404792596491143,0.227,0.159,1,"PNPT1","mature","identity+migrating",0.068,NA,NA,NA,NA
0.0495731960968899,0.404531494965042,0.268,0.196,1,"KIF9","mature","identity+migrating",0.072,NA,NA,NA,NA
0.0495870231848113,0.828817612116454,0.217,0.159,1,"GADD45A","mature","identity+migrating",0.058,NA,NA,NA,NA
0.0499435134406972,0.293515700490399,0.444,0.359,1,"KIAA1841","mature","identity+migrating",0.085,NA,NA,NA,NA
0.0501271119766391,0.326527573311932,0.616,0.566,1,"ADD1","mature","identity+migrating",0.05,NA,NA,NA,NA
0.0502017323345041,0.397769081833238,0.328,0.257,1,"ARMCX2","mature","identity+migrating",0.071,NA,NA,NA,NA
0.0503363712815832,0.530838758184649,0.106,0.061,1,"MAP2K1","mature","identity+migrating",0.045,NA,NA,NA,NA
0.0503472947735718,0.453155591699,0.197,0.131,1,"ALKBH4","mature","identity+migrating",0.066,NA,NA,NA,NA
0.0503535162429433,0.272940817474023,0.333,0.251,1,"ACOT13","mature","identity+migrating",0.082,NA,NA,NA,NA
0.0504868348487824,0.343082739557052,0.177,0.115,1,"SULT4A1","mature","identity+migrating",0.062,NA,NA,NA,NA
0.0505012597755239,0.331982188430059,0.354,0.266,1,"MLLT10","mature","identity+migrating",0.088,NA,NA,NA,NA
0.0508600773524342,0.548919263912039,0.253,0.185,1,"CYP20A1","mature","identity+migrating",0.068,NA,NA,NA,NA
0.0509831202034705,0.544561691645034,0.111,0.065,1,"HDHD3","mature","identity+migrating",0.046,NA,NA,NA,NA
0.0509907271089336,0.685196495898907,0.152,0.1,1,"WBP1L","mature","identity+migrating",0.052,NA,NA,NA,NA
0.0513005434512271,0.417776942068896,0.379,0.303,1,"GTF2A1","mature","identity+migrating",0.076,NA,NA,NA,NA
0.0513475915432088,0.250658003553825,0.429,0.342,1,"CYB5D2","mature","identity+migrating",0.087,NA,NA,NA,NA
0.0514943175967262,0.670464817226398,0.116,0.07,1,"AC012615.1","mature","identity+migrating",0.046,NA,NA,NA,NA
0.0515141331680914,0.305001095203945,0.237,0.168,1,"LINC02440","mature","identity+migrating",0.069,NA,NA,NA,NA
0.0516034071602289,0.287458277113306,0.222,0.155,1,"MYSM1","mature","identity+migrating",0.067,NA,NA,NA,NA
0.052055551139231,0.475027094921519,0.116,0.07,1,"TMEM129","mature","identity+migrating",0.046,NA,NA,NA,NA
0.0520598950982586,0.344823948409925,0.379,0.307,1,"BCCIP","mature","identity+migrating",0.072,NA,NA,NA,NA
0.0520839062710678,0.350369239378303,0.354,0.27,1,"SP3","mature","identity+migrating",0.084,NA,NA,NA,NA
0.0523133981509188,0.935288622395341,0.101,0.059,1,"TTC30B","mature","identity+migrating",0.042,NA,NA,NA,NA
0.0523639582690252,0.391010231820909,0.172,0.113,1,"NECAB3","mature","identity+migrating",0.059,NA,NA,NA,NA
0.0528456428123219,0.575633730740325,0.242,0.176,1,"E2F5","mature","identity+migrating",0.066,NA,NA,NA,NA
0.0531954521109692,0.54026438871705,0.141,0.089,1,"ZFYVE1","mature","identity+migrating",0.052,NA,NA,NA,NA
0.0533868485335275,0.489940908858534,0.192,0.131,1,"UBALD1","mature","identity+migrating",0.061,NA,NA,NA,NA
0.0535105250532603,0.786031743027456,0.121,0.076,1,"ZNF470","mature","identity+migrating",0.045,NA,NA,NA,NA
0.0536496327724642,0.308357277870002,0.359,0.275,1,"LRCH3","mature","identity+migrating",0.084,NA,NA,NA,NA
0.0536867773951728,0.315677431605619,0.333,0.257,1,"GMPR2","mature","identity+migrating",0.076,NA,NA,NA,NA
0.0538682872301679,0.434065419529069,0.298,0.229,1,"CGRRF1","mature","identity+migrating",0.069,NA,NA,NA,NA
0.0539116802509668,0.402689848756953,0.157,0.1,1,"TMCC2","mature","identity+migrating",0.057,NA,NA,NA,NA
0.0539679737155911,0.294884603704638,0.192,0.129,1,"XRRA1","mature","identity+migrating",0.063,NA,NA,NA,NA
0.0539879687951053,0.254920579661206,0.611,0.553,1,"LAPTM4A","mature","identity+migrating",0.0579999999999999,NA,NA,NA,NA
0.054470470039777,0.256465377241607,0.343,0.264,1,"DDX39B","mature","identity+migrating",0.079,NA,NA,NA,NA
0.0547879645491574,0.359914296722044,0.187,0.124,1,"YES1","mature","identity+migrating",0.063,NA,NA,NA,NA
0.0548004111499408,0.33876862795911,0.439,0.364,1,"OSBPL9","mature","identity+migrating",0.075,NA,NA,NA,NA
0.055059522823012,0.407283492724742,0.364,0.285,1,"GABARAPL1","mature","identity+migrating",0.079,NA,NA,NA,NA
0.0550770506290615,0.351813527361096,0.354,0.272,1,"MED29","mature","identity+migrating",0.082,NA,NA,NA,NA
0.0552171337291721,0.689896219597776,0.146,0.096,1,"AC137767.1","mature","identity+migrating",0.05,NA,NA,NA,NA
0.0555455781250274,0.39788424966614,0.136,0.085,1,"KIF27","mature","identity+migrating",0.051,NA,NA,NA,NA
0.0555521145426923,0.317674502713634,0.182,0.124,1,"PIGT","mature","identity+migrating",0.058,NA,NA,NA,NA
0.0556200979898472,0.533897735599275,0.217,0.155,1,"METTL21A","mature","identity+migrating",0.062,NA,NA,NA,NA
0.055733128583891,1.02712525019708,0.106,0.063,1,"IGSF1","mature","identity+migrating",0.043,NA,NA,NA,NA
0.0558457505844923,0.59038443830559,0.146,0.096,1,"LZTFL1","mature","identity+migrating",0.05,NA,NA,NA,NA
0.0559752833546532,0.649149485148038,0.152,0.1,1,"SLC27A5","mature","identity+migrating",0.052,NA,NA,NA,NA
0.0560210883435926,0.315928033982207,0.106,0.061,1,"LUZP2","mature","identity+migrating",0.045,NA,NA,NA,NA
0.0561812319364283,0.61666197369212,0.197,0.142,1,"GSS","mature","identity+migrating",0.055,NA,NA,NA,NA
0.0562596409462626,0.542546231391697,0.258,0.194,1,"LRRC27","mature","identity+migrating",0.064,NA,NA,NA,NA
0.0565832246185998,0.439650874250667,0.263,0.192,1,"ANKRD36","mature","identity+migrating",0.071,NA,NA,NA,NA
0.0568467586765102,0.301859737963836,0.278,0.207,1,"SRGAP2","mature","identity+migrating",0.071,NA,NA,NA,NA
0.0568599810078543,0.566159698898515,0.167,0.111,1,"NUP133","mature","identity+migrating",0.056,NA,NA,NA,NA
0.0568617489137653,0.526975733653774,0.152,0.1,1,"ALDH3A2","mature","identity+migrating",0.052,NA,NA,NA,NA
0.0569270967095514,0.679903092883241,0.136,0.087,1,"TRIM73","mature","identity+migrating",0.049,NA,NA,NA,NA
0.0571359633911994,0.575677769919686,0.212,0.153,1,"PRPF4","mature","identity+migrating",0.059,NA,NA,NA,NA
0.057330534899781,0.265922114097516,0.177,0.118,1,"LRRC37B","mature","identity+migrating",0.059,NA,NA,NA,NA
0.0578662090339081,0.528766509138902,0.141,0.089,1,"VCL","mature","identity+migrating",0.052,NA,NA,NA,NA
0.0578873808444378,0.498282887529268,0.278,0.218,1,"FAM98B","mature","identity+migrating",0.06,NA,NA,NA,NA
0.057937295956297,0.423246679000709,0.293,0.224,1,"SENP2","mature","identity+migrating",0.069,NA,NA,NA,NA
0.059071155990057,0.804804515716504,0.136,0.087,1,"NEIL2","mature","identity+migrating",0.049,NA,NA,NA,NA
0.0594183908442784,0.407280369609204,0.253,0.185,1,"UBE4B","mature","identity+migrating",0.068,NA,NA,NA,NA
0.0595109203871166,0.667515711247631,0.101,0.059,1,"KIZ","mature","identity+migrating",0.042,NA,NA,NA,NA
0.0596310208082152,0.312799236223693,0.268,0.198,1,"FBXO16","mature","identity+migrating",0.07,NA,NA,NA,NA
0.0598151144945901,0.329338079468319,0.338,0.266,1,"PQLC1","mature","identity+migrating",0.072,NA,NA,NA,NA
0.0598359682937039,0.824026926216161,0.121,0.076,1,"STON2","mature","identity+migrating",0.045,NA,NA,NA,NA
0.0599677686969039,0.395899326650707,0.303,0.227,1,"RFX1","mature","identity+migrating",0.076,NA,NA,NA,NA
0.0604994018736011,0.252449997455128,0.434,0.342,1,"NRBP1","mature","identity+migrating",0.092,NA,NA,NA,NA
0.060645193281872,0.275457141504505,0.606,0.532,1,"CHN1","mature","identity+migrating",0.074,NA,NA,NA,NA
0.0606798106174428,0.670278289527904,0.111,0.068,1,"MAST2","mature","identity+migrating",0.043,NA,NA,NA,NA
0.0606996908795844,0.487008308266254,0.359,0.294,1,"L3MBTL3","mature","identity+migrating",0.065,NA,NA,NA,NA
0.0607080428987171,0.315598446383752,0.672,0.621,1,"IFT81","mature","identity+migrating",0.051,NA,NA,NA,NA
0.060734882572734,0.997475234033065,0.116,0.072,1,"HIRA","mature","identity+migrating",0.044,NA,NA,NA,NA
0.0610824326869004,0.321507389420113,0.429,0.34,1,"FUNDC1","mature","identity+migrating",0.089,NA,NA,NA,NA
0.0612009339473011,0.429651795928283,0.338,0.268,1,"PLPPR2","mature","identity+migrating",0.07,NA,NA,NA,NA
0.0613568906502277,0.310444936788846,0.247,0.183,1,"PLPBP","mature","identity+migrating",0.064,NA,NA,NA,NA
0.0616375299826105,0.288809982934928,0.288,0.216,1,"UBA3","mature","identity+migrating",0.072,NA,NA,NA,NA
0.061781720342449,0.307470013243826,0.54,0.468,1,"RCOR3","mature","identity+migrating",0.072,NA,NA,NA,NA
0.0618166097159688,0.713358088880894,0.126,0.081,1,"TTC7B","mature","identity+migrating",0.045,NA,NA,NA,NA
0.0618332993028154,0.33659440698283,0.318,0.244,1,"GLRX","mature","identity+migrating",0.074,NA,NA,NA,NA
0.0622682139084113,0.303118398681715,0.399,0.318,1,"USP10","mature","identity+migrating",0.081,NA,NA,NA,NA
0.0623125683133323,0.335719568577758,0.369,0.294,1,"CEP19","mature","identity+migrating",0.075,NA,NA,NA,NA
0.0623912890734875,0.371357370093193,0.177,0.118,1,"EMC1","mature","identity+migrating",0.059,NA,NA,NA,NA
0.0625395590399696,0.599943209628441,0.106,0.063,1,"SFI1","mature","identity+migrating",0.043,NA,NA,NA,NA
0.0627163292575357,0.326798874888117,0.641,0.527,1,"TMEM35A","mature","identity+migrating",0.114,NA,NA,NA,NA
0.0635952631976707,0.353276053504507,0.419,0.344,1,"HARS","mature","identity+migrating",0.075,NA,NA,NA,NA
0.0637429424067989,0.405550555949814,0.46,0.383,1,"RBM5","mature","identity+migrating",0.077,NA,NA,NA,NA
0.0637489312159625,0.375974122347865,0.162,0.107,1,"ZNF316","mature","identity+migrating",0.055,NA,NA,NA,NA
0.063854049027035,0.471866709372096,0.263,0.196,1,"MAPK8IP3","mature","identity+migrating",0.067,NA,NA,NA,NA
0.0640123811207969,0.292930498224242,0.581,0.521,1,"TNRC6A","mature","identity+migrating",0.0599999999999999,NA,NA,NA,NA
0.0641512725369873,0.500753847205962,0.227,0.17,1,"TOR1A","mature","identity+migrating",0.057,NA,NA,NA,NA
0.0644306471689435,0.258976272761165,0.48,0.375,1,"SERINC3","mature","identity+migrating",0.105,NA,NA,NA,NA
0.0645741235518781,0.536041633100043,0.146,0.096,1,"ABLIM1","mature","identity+migrating",0.05,NA,NA,NA,NA
0.0646998244116791,0.698283838048137,0.131,0.085,1,"OPHN1","mature","identity+migrating",0.046,NA,NA,NA,NA
0.0647394728572107,0.268829390444557,0.596,0.519,1,"BEND5","mature","identity+migrating",0.077,NA,NA,NA,NA
0.0650391882574414,0.33596385028084,0.525,0.451,1,"HSDL1","mature","identity+migrating",0.074,NA,NA,NA,NA
0.0650407061698609,0.285347811961282,0.389,0.307,1,"DNAJC18","mature","identity+migrating",0.082,NA,NA,NA,NA
0.0650575485842151,0.377958034806738,0.495,0.412,1,"TRIP12","mature","identity+migrating",0.083,NA,NA,NA,NA
0.0650620242945136,0.265993002348327,0.742,0.654,1,"BCAS2","mature","identity+migrating",0.088,NA,NA,NA,NA
0.0650784358035908,0.330678445768381,0.399,0.34,1,"POLR3A","mature","identity+migrating",0.059,NA,NA,NA,NA
0.0652367937818905,0.317222924171965,0.566,0.479,1,"PRDM2","mature","identity+migrating",0.087,NA,NA,NA,NA
0.0653543440564322,0.505897911570866,0.131,0.083,1,"FARS2","mature","identity+migrating",0.048,NA,NA,NA,NA
0.0653775848232541,0.536834562575695,0.152,0.1,1,"FAM3A","mature","identity+migrating",0.052,NA,NA,NA,NA
0.0656136133687062,0.492804896140499,0.152,0.1,1,"UBE3C","mature","identity+migrating",0.052,NA,NA,NA,NA
0.0657776313585218,0.280274357381963,0.237,0.166,1,"DPH7","mature","identity+migrating",0.071,NA,NA,NA,NA
0.065892452494043,0.67415966676391,0.146,0.098,1,"DHRS11","mature","identity+migrating",0.048,NA,NA,NA,NA
0.0659170487405972,0.353980897939963,0.313,0.244,1,"PCDHA12","mature","identity+migrating",0.069,NA,NA,NA,NA
0.0659858256108099,0.625317948540368,0.172,0.118,1,"CNEP1R1","mature","identity+migrating",0.054,NA,NA,NA,NA
0.066661360543098,0.278904257202647,0.551,0.464,1,"WDR48","mature","identity+migrating",0.087,NA,NA,NA,NA
0.0667470595163999,0.274752803575851,0.253,0.185,1,"FAM193A","mature","identity+migrating",0.068,NA,NA,NA,NA
0.0667727391799354,0.468886498204927,0.167,0.113,1,"ZNF331","mature","identity+migrating",0.054,NA,NA,NA,NA
0.0667839129145865,0.612236377054359,0.217,0.157,1,"FAM221A","mature","identity+migrating",0.06,NA,NA,NA,NA
0.0669055809325454,0.364200633425313,0.141,0.089,1,"DENND4B","mature","identity+migrating",0.052,NA,NA,NA,NA
0.0669700213724555,0.628063805317449,0.172,0.12,1,"SPACA9","mature","identity+migrating",0.052,NA,NA,NA,NA
0.0670573859495524,0.418703969786587,0.187,0.129,1,"AL096711.2","mature","identity+migrating",0.058,NA,NA,NA,NA
0.0672054368643815,0.460770738983781,0.106,0.063,1,"BCL2L2","mature","identity+migrating",0.043,NA,NA,NA,NA
0.0673256842061539,0.420485856281705,0.379,0.305,1,"ATG3","mature","identity+migrating",0.074,NA,NA,NA,NA
0.06752270793042,0.62616750378679,0.136,0.089,1,"PRMT7","mature","identity+migrating",0.047,NA,NA,NA,NA
0.067855246100729,0.875967882968666,0.111,0.07,1,"SIAH2","mature","identity+migrating",0.041,NA,NA,NA,NA
0.0679294672224261,0.313118679450156,0.712,0.651,1,"PSENEN","mature","identity+migrating",0.0609999999999999,NA,NA,NA,NA
0.0679507279702823,0.383069122882346,0.288,0.222,1,"DESI1","mature","identity+migrating",0.066,NA,NA,NA,NA
0.0683073651098922,0.297025651829961,0.354,0.277,1,"RLF","mature","identity+migrating",0.077,NA,NA,NA,NA
0.0683721332555374,0.344007344560516,0.227,0.161,1,"LINC00665","mature","identity+migrating",0.066,NA,NA,NA,NA
0.0684525880862437,0.721965200186065,0.146,0.098,1,"AC023300.2","mature","identity+migrating",0.048,NA,NA,NA,NA
0.0686257794980377,0.267899148259672,0.51,0.431,1,"AFF4","mature","identity+migrating",0.079,NA,NA,NA,NA
0.0686962096445277,0.430180680008011,0.51,0.468,1,"ELF2","mature","identity+migrating",0.042,NA,NA,NA,NA
0.0687728687221963,0.301356116090594,0.207,0.146,1,"TM7SF3","mature","identity+migrating",0.061,NA,NA,NA,NA
0.0688182566249991,0.309280460028924,0.621,0.545,1,"HIF1A","mature","identity+migrating",0.076,NA,NA,NA,NA
0.0688484439198984,0.26531606032239,0.571,0.484,1,"RSL1D1","mature","identity+migrating",0.087,NA,NA,NA,NA
0.0689257037219503,0.463736043069845,0.111,0.068,1,"DPY19L4","mature","identity+migrating",0.043,NA,NA,NA,NA
0.0689430028311626,0.653762989934655,0.131,0.085,1,"EDC3","mature","identity+migrating",0.046,NA,NA,NA,NA
0.0690288685812833,0.422707489369789,0.227,0.168,1,"ARHGAP32","mature","identity+migrating",0.059,NA,NA,NA,NA
0.0691444399467378,0.625468965270154,0.157,0.107,1,"VPS35L","mature","identity+migrating",0.05,NA,NA,NA,NA
0.0692211669122345,0.924033588799583,0.101,0.061,1,"GLCE","mature","identity+migrating",0.04,NA,NA,NA,NA
0.0693673311840895,0.416880157971316,0.187,0.131,1,"VPS8","mature","identity+migrating",0.056,NA,NA,NA,NA
0.0693739341037168,0.402747872850609,0.364,0.303,1,"STX2","mature","identity+migrating",0.061,NA,NA,NA,NA
0.0694078175098618,0.406482988462926,0.197,0.139,1,"ANGEL2","mature","identity+migrating",0.058,NA,NA,NA,NA
0.0694460212717618,0.439473747783993,0.258,0.196,1,"NAIP","mature","identity+migrating",0.062,NA,NA,NA,NA
0.0694784233638783,0.429074488638586,0.116,0.072,1,"PIH1D2","mature","identity+migrating",0.044,NA,NA,NA,NA
0.070215511304004,0.325122221462641,0.465,0.386,1,"DNTTIP2","mature","identity+migrating",0.079,NA,NA,NA,NA
0.0704629021766954,0.258565540005318,0.333,0.253,1,"DCP1A","mature","identity+migrating",0.08,NA,NA,NA,NA
0.0705144555157466,0.500040781618575,0.212,0.153,1,"CNDP2","mature","identity+migrating",0.059,NA,NA,NA,NA
0.070604448921938,0.313936824299116,0.192,0.133,1,"PEX26","mature","identity+migrating",0.059,NA,NA,NA,NA
0.0707826739427962,0.424887720117459,0.222,0.163,1,"ELP4","mature","identity+migrating",0.059,NA,NA,NA,NA
0.0708574262332055,0.328992503751574,0.152,0.098,1,"MHENCR","mature","identity+migrating",0.054,NA,NA,NA,NA
0.0710282521739817,0.361048435312432,0.394,0.329,1,"STARD7","mature","identity+migrating",0.065,NA,NA,NA,NA
0.0711399022184694,0.770816333557095,0.141,0.096,1,"POLA1","mature","identity+migrating",0.045,NA,NA,NA,NA
0.0711639870144814,0.476464078413545,0.197,0.139,1,"RSPH3","mature","identity+migrating",0.058,NA,NA,NA,NA
0.0716501386835157,0.341163926383928,0.323,0.248,1,"ZC3H4","mature","identity+migrating",0.075,NA,NA,NA,NA
0.0716841544854224,0.300030075374762,0.364,0.277,1,"TSR2","mature","identity+migrating",0.087,NA,NA,NA,NA
0.0719241364897476,0.725250264067815,0.101,0.061,1,"EMB","mature","identity+migrating",0.04,NA,NA,NA,NA
0.0725816004217897,0.803181164166971,0.152,0.105,1,"PEX10","mature","identity+migrating",0.047,NA,NA,NA,NA
0.0727677821055762,0.669095175452085,0.136,0.089,1,"IFT140","mature","identity+migrating",0.047,NA,NA,NA,NA
0.0735703768845091,0.488578647894325,0.247,0.187,1,"SLC2A11","mature","identity+migrating",0.06,NA,NA,NA,NA
0.0737593131365584,0.46934537516707,0.207,0.148,1,"FAM174A","mature","identity+migrating",0.059,NA,NA,NA,NA
0.0737724772142749,0.300000656325182,0.263,0.198,1,"RNF13","mature","identity+migrating",0.065,NA,NA,NA,NA
0.0738224205991791,0.448416211440925,0.212,0.155,1,"EMSY","mature","identity+migrating",0.057,NA,NA,NA,NA
0.0738841303699296,0.640669698848842,0.146,0.098,1,"SDK1","mature","identity+migrating",0.048,NA,NA,NA,NA
0.0739759480300319,0.562707892177059,0.177,0.124,1,"AC023034.1","mature","identity+migrating",0.053,NA,NA,NA,NA
0.0741743502705076,0.408120942236943,0.162,0.109,1,"LRRC58","mature","identity+migrating",0.053,NA,NA,NA,NA
0.0741934405919154,0.497126353945094,0.343,0.285,1,"HELZ","mature","identity+migrating",0.058,NA,NA,NA,NA
0.0743132838629681,0.521371718859547,0.177,0.122,1,"UNK","mature","identity+migrating",0.055,NA,NA,NA,NA
0.0746218207693735,0.299564167318246,0.48,0.414,1,"RTCB","mature","identity+migrating",0.066,NA,NA,NA,NA
0.0747018506582845,0.333222029521079,0.303,0.233,1,"FDX1","mature","identity+migrating",0.07,NA,NA,NA,NA
0.0749112822966497,0.294667903200827,0.131,0.083,1,"AK5","mature","identity+migrating",0.048,NA,NA,NA,NA
0.0750680778096752,0.359312350012022,0.268,0.203,1,"CTSD","mature","identity+migrating",0.065,NA,NA,NA,NA
0.0751600625012588,0.273265761182653,0.5,0.429,1,"ACTR6","mature","identity+migrating",0.071,NA,NA,NA,NA
0.0752345236251462,0.627925117817133,0.136,0.089,1,"CTU1","mature","identity+migrating",0.047,NA,NA,NA,NA
0.0752487301107215,0.480357828895029,0.197,0.139,1,"PELO","mature","identity+migrating",0.058,NA,NA,NA,NA
0.0752792432628684,0.340576778542366,0.258,0.19,1,"NHLRC2","mature","identity+migrating",0.068,NA,NA,NA,NA
0.0753551872765925,0.469676643606811,0.116,0.072,1,"ZNF217","mature","identity+migrating",0.044,NA,NA,NA,NA
0.0757509891357762,0.3509845075842,0.258,0.196,1,"FAM171A1","mature","identity+migrating",0.062,NA,NA,NA,NA
0.0757886745420287,0.373635388194365,0.192,0.135,1,"NPRL3","mature","identity+migrating",0.057,NA,NA,NA,NA
0.0757905201511173,0.527718628433964,0.111,0.07,1,"GOLPH3L","mature","identity+migrating",0.041,NA,NA,NA,NA
0.0760234928875109,0.842683702356358,0.111,0.07,1,"WWOX","mature","identity+migrating",0.041,NA,NA,NA,NA
0.0761439597231963,0.470377296038656,0.192,0.135,1,"ARHGAP1","mature","identity+migrating",0.057,NA,NA,NA,NA
0.0762198407199086,0.386674515330657,0.212,0.15,1,"C22orf42","mature","identity+migrating",0.062,NA,NA,NA,NA
0.0763800951734885,0.463736756235253,0.207,0.15,1,"EXOSC5","mature","identity+migrating",0.057,NA,NA,NA,NA
0.0764501779520417,0.410361066027262,0.369,0.301,1,"C11orf74","mature","identity+migrating",0.068,NA,NA,NA,NA
0.0764911635199575,0.681542845177688,0.111,0.07,1,"ATP11A","mature","identity+migrating",0.041,NA,NA,NA,NA
0.0766083049576466,0.581739509681116,0.141,0.096,1,"ZNF180","mature","identity+migrating",0.045,NA,NA,NA,NA
0.0767352858631109,0.329116133479299,0.273,0.205,1,"PIP4P1","mature","identity+migrating",0.068,NA,NA,NA,NA
0.077017043495952,0.312381219759344,0.298,0.227,1,"SPRTN","mature","identity+migrating",0.071,NA,NA,NA,NA
0.0770287065520415,0.363056282625469,0.273,0.207,1,"JAZF1","mature","identity+migrating",0.066,NA,NA,NA,NA
0.077050868868076,0.373160140044033,0.359,0.285,1,"MED8","mature","identity+migrating",0.074,NA,NA,NA,NA
0.077091196918193,0.665512229515412,0.106,0.065,1,"HCN4","mature","identity+migrating",0.041,NA,NA,NA,NA
0.0771935438807568,0.507693936159568,0.197,0.142,1,"EMC9","mature","identity+migrating",0.055,NA,NA,NA,NA
0.0773298548419088,0.294360100410794,0.242,0.179,1,"FARSA","mature","identity+migrating",0.063,NA,NA,NA,NA
0.0773617720833694,0.498370861271371,0.197,0.139,1,"ECD","mature","identity+migrating",0.058,NA,NA,NA,NA
0.0773754679218692,0.436106134809112,0.192,0.137,1,"WDFY2","mature","identity+migrating",0.055,NA,NA,NA,NA
0.0774171149073228,0.455298510844423,0.167,0.115,1,"ENOX1","mature","identity+migrating",0.052,NA,NA,NA,NA
0.0776080489899665,0.262320543531527,0.439,0.355,1,"TRAPPC2","mature","identity+migrating",0.084,NA,NA,NA,NA
0.0777303172986703,0.290928385209696,0.293,0.222,1,"SLC25A33","mature","identity+migrating",0.071,NA,NA,NA,NA
0.0777891625931161,0.289687520283612,0.53,0.46,1,"PABPC4","mature","identity+migrating",0.07,NA,NA,NA,NA
0.0779658714939473,0.445281762569507,0.379,0.316,1,"MICU3","mature","identity+migrating",0.063,NA,NA,NA,NA
0.0784512231821406,0.322433078125538,0.455,0.39,1,"RALGPS2","mature","identity+migrating",0.065,NA,NA,NA,NA
0.0786146315613871,0.536005775924145,0.152,0.1,1,"RPF2","mature","identity+migrating",0.052,NA,NA,NA,NA
0.0789708537726121,0.457179414515623,0.217,0.157,1,"B9D1","mature","identity+migrating",0.06,NA,NA,NA,NA
0.0789837397844061,0.349523396072559,0.247,0.19,1,"SCO1","mature","identity+migrating",0.057,NA,NA,NA,NA
0.0790489750625023,0.532291833262937,0.222,0.166,1,"TMEM141","mature","identity+migrating",0.056,NA,NA,NA,NA
0.0791930583403532,0.334836516833029,0.318,0.246,1,"DACT3","mature","identity+migrating",0.072,NA,NA,NA,NA
0.0793710312443918,0.284910228306301,0.384,0.314,1,"FAM208A","mature","identity+migrating",0.07,NA,NA,NA,NA
0.0796760795323928,0.298092109996944,0.596,0.54,1,"DHX29","mature","identity+migrating",0.0559999999999999,NA,NA,NA,NA
0.0801184790432916,0.406564401971351,0.258,0.196,1,"SH3RF1","mature","identity+migrating",0.062,NA,NA,NA,NA
0.0801262651699736,0.417031970376985,0.101,0.061,1,"DIRC2","mature","identity+migrating",0.04,NA,NA,NA,NA
0.0801885156474881,0.274242729827714,0.187,0.131,1,"ANO10","mature","identity+migrating",0.056,NA,NA,NA,NA
0.0802531078414386,0.260526842966547,0.662,0.623,1,"C16orf45","mature","identity+migrating",0.039,NA,NA,NA,NA
0.0803291784661082,0.38960503496738,0.374,0.303,1,"COP1","mature","identity+migrating",0.071,NA,NA,NA,NA
0.0806399908446348,0.393295816610491,0.278,0.216,1,"FHOD3","mature","identity+migrating",0.062,NA,NA,NA,NA
0.0806748435873272,0.37406139656543,0.409,0.344,1,"APBB2","mature","identity+migrating",0.065,NA,NA,NA,NA
0.0809866944675349,0.459852953491638,0.101,0.061,1,"IFRD2","mature","identity+migrating",0.04,NA,NA,NA,NA
0.0811376131762144,0.266431173803967,0.278,0.209,1,"SLC29A4","mature","identity+migrating",0.069,NA,NA,NA,NA
0.0813889454123173,0.324278540889424,0.242,0.183,1,"MKL2","mature","identity+migrating",0.059,NA,NA,NA,NA
0.0814019873195274,0.594124324123424,0.222,0.17,1,"VTI1A","mature","identity+migrating",0.052,NA,NA,NA,NA
0.0814075190074497,0.286380484226882,0.788,0.778,1,"HIST3H2A","mature","identity+migrating",0.01,NA,NA,NA,NA
0.0814624265571339,0.462862829075714,0.111,0.07,1,"ARFGEF2","mature","identity+migrating",0.041,NA,NA,NA,NA
0.0815963402607505,0.56584098616516,0.192,0.137,1,"FTSJ1","mature","identity+migrating",0.055,NA,NA,NA,NA
0.0819300337275307,0.300541382148402,0.429,0.359,1,"NUDCD2","mature","identity+migrating",0.07,NA,NA,NA,NA
0.0820938214617853,0.483219153615088,0.202,0.15,1,"AC244090.1","mature","identity+migrating",0.052,NA,NA,NA,NA
0.0823789706031005,0.36352918058654,0.101,0.061,1,"MED20","mature","identity+migrating",0.04,NA,NA,NA,NA
0.0825209685530236,0.364451518578866,0.192,0.135,1,"PIP5K1A","mature","identity+migrating",0.057,NA,NA,NA,NA
0.0825719302443544,0.30572223135184,0.419,0.338,1,"MOSPD3","mature","identity+migrating",0.081,NA,NA,NA,NA
0.0825995301665229,0.270315010067366,0.566,0.477,1,"NACAD","mature","identity+migrating",0.089,NA,NA,NA,NA
0.0828156355564554,0.274295751418329,0.288,0.22,1,"ORC3","mature","identity+migrating",0.068,NA,NA,NA,NA
0.0831893271435127,0.478972157825099,0.126,0.081,1,"ZDHHC24","mature","identity+migrating",0.045,NA,NA,NA,NA
0.0833607516747802,0.607218840116884,0.157,0.107,1,"RNF182","mature","identity+migrating",0.05,NA,NA,NA,NA
0.0833797225392482,0.28149378075366,0.207,0.148,1,"SPPL2B","mature","identity+migrating",0.059,NA,NA,NA,NA
0.0834388411163344,0.57478083416785,0.333,0.281,1,"DAB1","mature","identity+migrating",0.052,NA,NA,NA,NA
0.0835409609432596,0.805878255011789,0.111,0.072,1,"YPEL4","mature","identity+migrating",0.039,NA,NA,NA,NA
0.0839147897736115,0.340018224247251,0.444,0.362,1,"DVL3","mature","identity+migrating",0.082,NA,NA,NA,NA
0.0840144326958037,0.457496391435471,0.152,0.102,1,"ZNF337","mature","identity+migrating",0.05,NA,NA,NA,NA
0.0840185848027819,0.27652729632832,0.712,0.643,1,"FAM133B","mature","identity+migrating",0.069,NA,NA,NA,NA
0.0842044803479487,0.320024410509589,0.354,0.277,1,"FAF1","mature","identity+migrating",0.077,NA,NA,NA,NA
0.0846136363204173,0.382123859238658,0.187,0.135,1,"CENPW","mature","identity+migrating",0.052,NA,NA,NA,NA
0.0847442557972426,0.461877406958515,0.258,0.2,1,"SWI5","mature","identity+migrating",0.058,NA,NA,NA,NA
0.0849266868699158,0.52274121001016,0.197,0.142,1,"RIC8B","mature","identity+migrating",0.055,NA,NA,NA,NA
0.0850358494214343,0.274098139976457,0.455,0.37,1,"SCAPER","mature","identity+migrating",0.085,NA,NA,NA,NA
0.0852177529149374,0.478140183584734,0.136,0.092,1,"ZNF385A","mature","identity+migrating",0.044,NA,NA,NA,NA
0.0856655899985609,0.344683479934271,0.374,0.305,1,"ZNF512","mature","identity+migrating",0.069,NA,NA,NA,NA
0.0857966537109557,0.490436948904032,0.278,0.222,1,"IFNGR2","mature","identity+migrating",0.056,NA,NA,NA,NA
0.0858984636086732,0.374105170025444,0.172,0.122,1,"ZNF444","mature","identity+migrating",0.05,NA,NA,NA,NA
0.0859489764150441,0.406463902600061,0.354,0.285,1,"ZNF793","mature","identity+migrating",0.069,NA,NA,NA,NA
0.0859520219704077,0.404674131382372,0.197,0.142,1,"NIP7","mature","identity+migrating",0.055,NA,NA,NA,NA
0.0860916236558998,0.309858543695251,0.394,0.32,1,"NLN","mature","identity+migrating",0.074,NA,NA,NA,NA
0.0861055465557774,0.294847304786778,0.404,0.331,1,"TCTN1","mature","identity+migrating",0.073,NA,NA,NA,NA
0.086210086619711,0.280070050131948,0.439,0.355,1,"HSD17B10","mature","identity+migrating",0.084,NA,NA,NA,NA
0.0862873243610294,0.334021090576838,0.217,0.163,1,"ZBED1","mature","identity+migrating",0.054,NA,NA,NA,NA
0.0866776223606874,0.368289877376215,0.258,0.196,1,"ABHD5","mature","identity+migrating",0.062,NA,NA,NA,NA
0.0870699013320504,0.602837028303625,0.146,0.1,1,"CDK10","mature","identity+migrating",0.046,NA,NA,NA,NA
0.0872284479685356,0.488370439820506,0.162,0.113,1,"DSE","mature","identity+migrating",0.049,NA,NA,NA,NA
0.087516037883998,0.280925565864611,0.444,0.355,1,"PSMC2","mature","identity+migrating",0.089,NA,NA,NA,NA
0.087711377936781,0.288827263547676,0.192,0.137,1,"CKS1B","mature","identity+migrating",0.055,NA,NA,NA,NA
0.088034296355419,0.368996260413852,0.121,0.076,1,"YDJC","mature","identity+migrating",0.045,NA,NA,NA,NA
0.0881901858953793,0.266397837752925,0.359,0.285,1,"GTF2H2","mature","identity+migrating",0.074,NA,NA,NA,NA
0.0882279706484735,0.462435282863437,0.268,0.205,1,"TMX1","mature","identity+migrating",0.063,NA,NA,NA,NA
0.0882634734688158,0.399837242605115,0.232,0.174,1,"ENTPD4","mature","identity+migrating",0.058,NA,NA,NA,NA
0.0884366176455164,0.457074769585192,0.111,0.07,1,"HIST1H4J","mature","identity+migrating",0.041,NA,NA,NA,NA
0.0890248449178087,0.280339642001474,0.192,0.139,1,"TBCD","mature","identity+migrating",0.053,NA,NA,NA,NA
0.0890318128040279,0.397311418962476,0.167,0.115,1,"DYRK4","mature","identity+migrating",0.052,NA,NA,NA,NA
0.0891205095207861,0.255986447798661,0.465,0.401,1,"SHPRH","mature","identity+migrating",0.064,NA,NA,NA,NA
0.0899772030201378,0.321805877475329,0.46,0.381,1,"ZNF704","mature","identity+migrating",0.079,NA,NA,NA,NA
0.0902249061122984,0.786834822640342,0.106,0.068,1,"NAA80","mature","identity+migrating",0.038,NA,NA,NA,NA
0.0903182397735303,0.284736261762112,0.49,0.427,1,"SLC39A7","mature","identity+migrating",0.063,NA,NA,NA,NA
0.0903906659751387,0.356675444089812,0.308,0.242,1,"MAP4K3","mature","identity+migrating",0.066,NA,NA,NA,NA
0.0913059507566385,0.460399245873697,0.263,0.207,1,"ARHGDIG","mature","identity+migrating",0.056,NA,NA,NA,NA
0.091658540190865,0.493773761100765,0.172,0.122,1,"CREB3L4","mature","identity+migrating",0.05,NA,NA,NA,NA
0.0917385364912562,0.395285286519656,0.303,0.237,1,"RBBP5","mature","identity+migrating",0.066,NA,NA,NA,NA
0.091999599621446,0.580258969018468,0.126,0.083,1,"LINC01918","mature","identity+migrating",0.043,NA,NA,NA,NA
0.0920157155722681,0.46395937214847,0.167,0.115,1,"AC008741.2","mature","identity+migrating",0.052,NA,NA,NA,NA
0.0921448079035698,0.253803807733578,0.157,0.107,1,"DGCR2","mature","identity+migrating",0.05,NA,NA,NA,NA
0.0921721291618921,0.46315489217087,0.227,0.172,1,"CDK5R2","mature","identity+migrating",0.055,NA,NA,NA,NA
0.092190851298501,0.326903616466264,0.111,0.07,1,"TRAF3","mature","identity+migrating",0.041,NA,NA,NA,NA
0.0927051799921247,0.342392928269332,0.293,0.233,1,"REXO4","mature","identity+migrating",0.06,NA,NA,NA,NA
0.0927521514090055,0.302213011194842,0.192,0.135,1,"CHRNB1","mature","identity+migrating",0.057,NA,NA,NA,NA
0.0927858250723064,0.294918600474654,0.172,0.12,1,"MTMR3","mature","identity+migrating",0.052,NA,NA,NA,NA
0.0929311677439552,0.312362691994063,0.444,0.37,1,"UBN2","mature","identity+migrating",0.074,NA,NA,NA,NA
0.0931410644741468,0.26078136215985,0.556,0.488,1,"ISYNA1","mature","identity+migrating",0.0680000000000001,NA,NA,NA,NA
0.0933462913393947,0.290351199738448,0.5,0.436,1,"PHF23","mature","identity+migrating",0.064,NA,NA,NA,NA
0.093460458389713,0.411986256368325,0.313,0.244,1,"ASPH","mature","identity+migrating",0.069,NA,NA,NA,NA
0.0936159563419403,0.316453202959893,0.298,0.224,1,"POMGNT1","mature","identity+migrating",0.074,NA,NA,NA,NA
0.0936245667138948,0.334422999889776,0.247,0.19,1,"CNOT8","mature","identity+migrating",0.057,NA,NA,NA,NA
0.093663462344353,0.36273628310943,0.116,0.074,1,"SSH1","mature","identity+migrating",0.042,NA,NA,NA,NA
0.0940238757138614,0.322640352220547,0.263,0.203,1,"TMED8","mature","identity+migrating",0.06,NA,NA,NA,NA
0.0941042898169605,0.787556752389571,0.131,0.087,1,"H2AFX","mature","identity+migrating",0.044,NA,NA,NA,NA
0.094239315974812,0.389625925931539,0.222,0.163,1,"HECW1","mature","identity+migrating",0.059,NA,NA,NA,NA
0.0952250695175135,0.316229457570122,0.268,0.198,1,"TSC22D2","mature","identity+migrating",0.07,NA,NA,NA,NA
0.0952281159522,0.276395325066513,0.242,0.176,1,"RMDN1","mature","identity+migrating",0.066,NA,NA,NA,NA
0.0953360709401659,0.588507943613348,0.106,0.068,1,"SREBF1","mature","identity+migrating",0.038,NA,NA,NA,NA
0.0953973901472704,0.279430329584202,0.323,0.255,1,"NRP2","mature","identity+migrating",0.068,NA,NA,NA,NA
0.0956053752425857,0.878819231650596,0.141,0.1,1,"NRG3","mature","identity+migrating",0.041,NA,NA,NA,NA
0.0957301567475826,0.505771331612962,0.212,0.161,1,"URM1","mature","identity+migrating",0.051,NA,NA,NA,NA
0.0958037985355041,0.41444939931211,0.131,0.087,1,"ZNF836","mature","identity+migrating",0.044,NA,NA,NA,NA
0.095840966898593,0.2530274555383,0.525,0.44,1,"DPH3","mature","identity+migrating",0.085,NA,NA,NA,NA
0.0959268481120264,0.602785524937707,0.187,0.137,1,"TMEM67","mature","identity+migrating",0.05,NA,NA,NA,NA
0.0960558507679415,0.615932358889305,0.111,0.072,1,"DPY19L3","mature","identity+migrating",0.039,NA,NA,NA,NA
0.0960984658105103,0.537043237176599,0.106,0.068,1,"SH3YL1","mature","identity+migrating",0.038,NA,NA,NA,NA
0.0962165785668442,0.363270813490652,0.172,0.122,1,"AUH","mature","identity+migrating",0.05,NA,NA,NA,NA
0.0963942039882188,0.372900581438127,0.51,0.431,1,"SLC5A3","mature","identity+migrating",0.079,NA,NA,NA,NA
0.0969548736234567,0.815587547673545,0.172,0.126,1,"MFSD11","mature","identity+migrating",0.046,NA,NA,NA,NA
0.0969956775219526,0.559710766370303,0.101,0.063,1,"SLC35C1","mature","identity+migrating",0.038,NA,NA,NA,NA
0.0979656403726006,0.269733072035424,0.111,0.07,1,"TMEM243","mature","identity+migrating",0.041,NA,NA,NA,NA
0.0982428050390956,0.403761002727407,0.157,0.107,1,"CYP46A1","mature","identity+migrating",0.05,NA,NA,NA,NA
0.0983122239913694,0.80455359095563,0.111,0.072,1,"CCNYL1","mature","identity+migrating",0.039,NA,NA,NA,NA
0.0984030403691954,0.350881245472299,0.212,0.157,1,"CTPS1","mature","identity+migrating",0.055,NA,NA,NA,NA
0.0989066680627646,0.292116695432906,0.258,0.196,1,"DHX57","mature","identity+migrating",0.062,NA,NA,NA,NA
0.0989341827273932,0.772711775239369,0.121,0.081,1,"FAM173B","mature","identity+migrating",0.04,NA,NA,NA,NA
0.0993909664552959,0.348485106416651,0.298,0.24,1,"TMSB15B.1","mature","identity+migrating",0.058,NA,NA,NA,NA
0.0993981812489236,0.339532506902054,0.146,0.1,1,"DNAJC16","mature","identity+migrating",0.046,NA,NA,NA,NA
0.0994155270494804,0.383443607165098,0.263,0.203,1,"TAF9B","mature","identity+migrating",0.06,NA,NA,NA,NA
0.0996851876438298,0.304214522007978,0.303,0.235,1,"GPR82","mature","identity+migrating",0.068,NA,NA,NA,NA
0.09982867115277,0.306653320775354,0.394,0.325,1,"SHD","mature","identity+migrating",0.069,NA,NA,NA,NA
0.100119694770965,0.260168528832511,0.49,0.418,1,"MAGI1","mature","identity+migrating",0.072,NA,NA,NA,NA
0.10024017335321,0.518512105524028,0.268,0.211,1,"MRPL10","mature","identity+migrating",0.057,NA,NA,NA,NA
0.100401477093163,0.396345695039296,0.146,0.1,1,"TMEM192","mature","identity+migrating",0.046,NA,NA,NA,NA
0.100442757930619,0.3096059403425,0.232,0.17,1,"EXOSC4","mature","identity+migrating",0.062,NA,NA,NA,NA
0.100447134772724,0.262703212556962,0.384,0.316,1,"POLR2J3.1","mature","identity+migrating",0.068,NA,NA,NA,NA
0.1006507297733,0.396074096456807,0.298,0.237,1,"TMEM199","mature","identity+migrating",0.061,NA,NA,NA,NA
0.100676584214943,0.490477223332572,0.106,0.068,1,"TMEM130","mature","identity+migrating",0.038,NA,NA,NA,NA
0.100703951236988,0.488252286153822,0.177,0.126,1,"RALGPS1","mature","identity+migrating",0.051,NA,NA,NA,NA
0.100848874886986,0.552781999753122,0.278,0.224,1,"TMSB15B","mature","identity+migrating",0.054,NA,NA,NA,NA
0.100922732855582,0.419011850949815,0.308,0.244,1,"HMOX2","mature","identity+migrating",0.064,NA,NA,NA,NA
0.101074802210153,0.414998762445478,0.146,0.1,1,"ZNF345","mature","identity+migrating",0.046,NA,NA,NA,NA
0.101225001525453,0.394933565422496,0.101,0.063,1,"SP1","mature","identity+migrating",0.038,NA,NA,NA,NA
0.101386346638791,0.296851773589011,0.111,0.072,1,"NEUROD1","mature","identity+migrating",0.039,NA,NA,NA,NA
0.101564772547554,0.46466605386615,0.167,0.118,1,"MFSD4B","mature","identity+migrating",0.049,NA,NA,NA,NA
0.101627974458085,0.570801452914808,0.192,0.142,1,"CLPB","mature","identity+migrating",0.05,NA,NA,NA,NA
0.101796799264978,0.361980228705293,0.369,0.296,1,"MCRS1","mature","identity+migrating",0.073,NA,NA,NA,NA
0.101833776195811,0.623633361657584,0.146,0.105,1,"DELE1","mature","identity+migrating",0.041,NA,NA,NA,NA
0.102261805293051,0.288561695452804,0.146,0.1,1,"PLBD2","mature","identity+migrating",0.046,NA,NA,NA,NA
0.102500610263417,0.321856126178342,0.121,0.078,1,"THAP8","mature","identity+migrating",0.043,NA,NA,NA,NA
0.103670306401438,0.347426004657091,0.424,0.368,1,"DLG5","mature","identity+migrating",0.056,NA,NA,NA,NA
0.103860365695512,0.448007529456584,0.268,0.216,1,"SF3A1","mature","identity+migrating",0.052,NA,NA,NA,NA
0.104107795576778,0.504417882125153,0.197,0.146,1,"DNAJC24","mature","identity+migrating",0.051,NA,NA,NA,NA
0.10416003030039,0.452279973530447,0.323,0.264,1,"NEPRO","mature","identity+migrating",0.059,NA,NA,NA,NA
0.104664076726355,0.53479500702264,0.237,0.187,1,"NUDT15","mature","identity+migrating",0.05,NA,NA,NA,NA
0.104848176209868,0.404652226752946,0.273,0.218,1,"PPM1L","mature","identity+migrating",0.055,NA,NA,NA,NA
0.105266597894123,0.978552707901171,0.101,0.065,1,"DCP1B","mature","identity+migrating",0.036,NA,NA,NA,NA
0.105444290550682,0.532127837222413,0.136,0.094,1,"LRRC3B","mature","identity+migrating",0.042,NA,NA,NA,NA
0.105455208439781,0.33081050268357,0.177,0.124,1,"PCGF6","mature","identity+migrating",0.053,NA,NA,NA,NA
0.105470249949836,0.328911736808783,0.232,0.174,1,"ZBTB6","mature","identity+migrating",0.058,NA,NA,NA,NA
0.10551000318375,0.398718160364767,0.162,0.113,1,"ZNF730","mature","identity+migrating",0.049,NA,NA,NA,NA
0.105632531711312,0.536463140859413,0.152,0.107,1,"MFSD3","mature","identity+migrating",0.045,NA,NA,NA,NA
0.105705563135573,0.308781640042066,0.217,0.161,1,"FIG4","mature","identity+migrating",0.056,NA,NA,NA,NA
0.106040914613295,0.512663057904266,0.141,0.098,1,"SLC25A16","mature","identity+migrating",0.043,NA,NA,NA,NA
0.106293023171266,0.54775870702026,0.157,0.109,1,"SLC4A3","mature","identity+migrating",0.048,NA,NA,NA,NA
0.106440625443094,0.305167217539554,0.187,0.135,1,"CTDSP2","mature","identity+migrating",0.052,NA,NA,NA,NA
0.106479521236183,0.360960315482104,0.313,0.251,1,"UQCC3","mature","identity+migrating",0.062,NA,NA,NA,NA
0.106627832458529,0.274118102193751,0.237,0.179,1,"ZNF12","mature","identity+migrating",0.058,NA,NA,NA,NA
0.106748292466245,0.381248709719281,0.369,0.325,1,"C16orf72","mature","identity+migrating",0.044,NA,NA,NA,NA
0.107131436556882,0.380190784191044,0.126,0.085,1,"GPR108","mature","identity+migrating",0.041,NA,NA,NA,NA
0.107207768856126,0.395112310392636,0.283,0.222,1,"AGO4","mature","identity+migrating",0.061,NA,NA,NA,NA
0.107562443043797,0.372821545315649,0.227,0.172,1,"ZNF354A","mature","identity+migrating",0.055,NA,NA,NA,NA
0.107771896821421,0.663205906994738,0.131,0.092,1,"LETM2","mature","identity+migrating",0.039,NA,NA,NA,NA
0.10790841101776,0.413136679811631,0.182,0.133,1,"MOB2","mature","identity+migrating",0.049,NA,NA,NA,NA
0.108065516320278,0.752019283643495,0.116,0.078,1,"CEP170B","mature","identity+migrating",0.038,NA,NA,NA,NA
0.10820277660772,0.254370161579085,0.495,0.438,1,"PPP3CB","mature","identity+migrating",0.057,NA,NA,NA,NA
0.108599035638976,0.431373043949167,0.202,0.15,1,"FUCA2","mature","identity+migrating",0.052,NA,NA,NA,NA
0.108676299442272,0.446377678084803,0.237,0.179,1,"USP12","mature","identity+migrating",0.058,NA,NA,NA,NA
0.108690866231774,0.3442142198759,0.328,0.27,1,"ERCC4","mature","identity+migrating",0.058,NA,NA,NA,NA
0.108873629325793,0.840992426081995,0.101,0.065,1,"CROT","mature","identity+migrating",0.036,NA,NA,NA,NA
0.109155863533529,0.443983790262874,0.131,0.087,1,"KCTD5","mature","identity+migrating",0.044,NA,NA,NA,NA
0.109507669794831,0.280504459495602,0.313,0.255,1,"KNSTRN","mature","identity+migrating",0.058,NA,NA,NA,NA
0.109571460051212,0.322611562039288,0.389,0.338,1,"FGFR1OP2","mature","identity+migrating",0.051,NA,NA,NA,NA
0.109583799608281,0.384692134782576,0.187,0.137,1,"SRR","mature","identity+migrating",0.05,NA,NA,NA,NA
0.109711005112746,0.551723869282625,0.192,0.142,1,"C1GALT1C1","mature","identity+migrating",0.05,NA,NA,NA,NA
0.109739459632964,0.426846612288607,0.283,0.224,1,"PELP1","mature","identity+migrating",0.059,NA,NA,NA,NA
0.109927001727803,0.379922296477557,0.106,0.068,1,"C8orf48","mature","identity+migrating",0.038,NA,NA,NA,NA
0.109953031778703,0.362611548520654,0.212,0.159,1,"LIAS","mature","identity+migrating",0.053,NA,NA,NA,NA
0.110075212414476,0.314038487301475,0.192,0.139,1,"ERRFI1","mature","identity+migrating",0.053,NA,NA,NA,NA
0.110263704172919,0.257550993168985,0.167,0.118,1,"AC004540.1","mature","identity+migrating",0.049,NA,NA,NA,NA
0.110954108659322,0.454596153428321,0.136,0.094,1,"CUL4A","mature","identity+migrating",0.042,NA,NA,NA,NA
0.111195567243836,0.377419517348385,0.227,0.172,1,"ALDH6A1","mature","identity+migrating",0.055,NA,NA,NA,NA
0.111212408887073,0.495027096798977,0.202,0.15,1,"ILVBL","mature","identity+migrating",0.052,NA,NA,NA,NA
0.111277691331804,0.268286408346179,0.348,0.279,1,"CBLB","mature","identity+migrating",0.069,NA,NA,NA,NA
0.111823206184754,0.300959185009363,0.343,0.283,1,"MBD5","mature","identity+migrating",0.06,NA,NA,NA,NA
0.111938587977233,0.585687370500083,0.121,0.081,1,"MAPKBP1","mature","identity+migrating",0.04,NA,NA,NA,NA
0.112160105993994,0.309868803574791,0.323,0.257,1,"CUL4B","mature","identity+migrating",0.066,NA,NA,NA,NA
0.112198602657045,0.499926843339656,0.232,0.179,1,"CDC23","mature","identity+migrating",0.053,NA,NA,NA,NA
0.112219565774552,0.329354353253887,0.101,0.063,1,"ZBED8","mature","identity+migrating",0.038,NA,NA,NA,NA
0.112776977041301,0.634656059686448,0.131,0.092,1,"OTUD1","mature","identity+migrating",0.039,NA,NA,NA,NA
0.112850133064844,0.493692508080481,0.172,0.124,1,"DIAPH1","mature","identity+migrating",0.048,NA,NA,NA,NA
0.113494674515311,0.406399351885587,0.157,0.111,1,"ZNF672","mature","identity+migrating",0.046,NA,NA,NA,NA
0.113777749867914,1.01854838348557,0.106,0.072,1,"C4orf33","mature","identity+migrating",0.034,NA,NA,NA,NA
0.113796135669658,0.4326899552318,0.202,0.15,1,"GRIP1","mature","identity+migrating",0.052,NA,NA,NA,NA
0.113997230997403,0.413250555353763,0.303,0.248,1,"UFL1","mature","identity+migrating",0.055,NA,NA,NA,NA
0.114095900926565,0.253114737172648,0.525,0.46,1,"NKAIN1","mature","identity+migrating",0.065,NA,NA,NA,NA
0.114135141024287,0.411618365885942,0.126,0.085,1,"CCDC122","mature","identity+migrating",0.041,NA,NA,NA,NA
0.114200201274644,0.26807672714255,0.48,0.407,1,"FSD1","mature","identity+migrating",0.073,NA,NA,NA,NA
0.114263341956077,0.465044281478482,0.232,0.179,1,"PIK3CA","mature","identity+migrating",0.053,NA,NA,NA,NA
0.114541698982344,0.379213159940207,0.146,0.102,1,"RHBDD3","mature","identity+migrating",0.044,NA,NA,NA,NA
0.114567667928365,0.308035545057705,0.434,0.366,1,"SCP2","mature","identity+migrating",0.068,NA,NA,NA,NA
0.114751882531354,0.493977809295867,0.136,0.094,1,"AC005332.4","mature","identity+migrating",0.042,NA,NA,NA,NA
0.114807723519116,0.315520328787762,0.227,0.17,1,"ZMPSTE24","mature","identity+migrating",0.057,NA,NA,NA,NA
0.115260698521424,0.467137791919573,0.187,0.137,1,"ADPGK","mature","identity+migrating",0.05,NA,NA,NA,NA
0.115307913503656,0.271692299142281,0.399,0.338,1,"SMIM8","mature","identity+migrating",0.061,NA,NA,NA,NA
0.115986359727246,0.261760104757341,0.409,0.344,1,"DCXR","mature","identity+migrating",0.065,NA,NA,NA,NA
0.116299352166198,0.398534519507761,0.136,0.094,1,"ZNF805","mature","identity+migrating",0.042,NA,NA,NA,NA
0.116672981975726,0.276171994538179,0.263,0.205,1,"AC060780.1","mature","identity+migrating",0.058,NA,NA,NA,NA
0.116745587065736,0.454690556937258,0.242,0.187,1,"HERPUD2","mature","identity+migrating",0.055,NA,NA,NA,NA
0.11694482569425,0.339711548823909,0.343,0.277,1,"SAR1B","mature","identity+migrating",0.066,NA,NA,NA,NA
0.117411659728233,0.370349264373879,0.343,0.275,1,"DDX27","mature","identity+migrating",0.068,NA,NA,NA,NA
0.117441557038583,0.296030756611025,0.283,0.229,1,"KIAA1324L","mature","identity+migrating",0.054,NA,NA,NA,NA
0.117534170491922,0.275856091596457,0.419,0.357,1,"WDR47","mature","identity+migrating",0.062,NA,NA,NA,NA
0.118140538728089,0.278738820069552,0.111,0.072,1,"CCDC142","mature","identity+migrating",0.039,NA,NA,NA,NA
0.119285312163297,0.392807372591132,0.187,0.137,1,"CYSTM1","mature","identity+migrating",0.05,NA,NA,NA,NA
0.119357937738454,0.404479761931613,0.152,0.107,1,"CASC10","mature","identity+migrating",0.045,NA,NA,NA,NA
0.119431468046832,0.41581205914464,0.273,0.209,1,"TMEM259","mature","identity+migrating",0.064,NA,NA,NA,NA
0.119497150591602,0.559053529855384,0.136,0.096,1,"ALG3","mature","identity+migrating",0.04,NA,NA,NA,NA
0.120092588090056,0.314716192072748,0.116,0.076,1,"ANKRD28","mature","identity+migrating",0.04,NA,NA,NA,NA
0.120351507390091,0.341100888012411,0.111,0.072,1,"ZNF808","mature","identity+migrating",0.039,NA,NA,NA,NA
0.120449572670314,0.333958622233575,0.247,0.192,1,"OSGEP","mature","identity+migrating",0.055,NA,NA,NA,NA
0.121005827837025,0.295452406683439,0.303,0.242,1,"DNTTIP1","mature","identity+migrating",0.061,NA,NA,NA,NA
0.121171082064699,0.516298266985842,0.187,0.142,1,"ATG4B","mature","identity+migrating",0.045,NA,NA,NA,NA
0.121300755455579,0.264541068320273,0.515,0.447,1,"RAD23A","mature","identity+migrating",0.068,NA,NA,NA,NA
0.122057525541197,0.25490863406604,0.535,0.492,1,"RDH11","mature","identity+migrating",0.043,NA,NA,NA,NA
0.122067842752947,0.251352597790008,0.379,0.309,1,"JAK1","mature","identity+migrating",0.07,NA,NA,NA,NA
0.122151162471955,0.311746578101481,0.263,0.205,1,"MAD2L1BP","mature","identity+migrating",0.058,NA,NA,NA,NA
0.122192432420247,0.492544052659881,0.141,0.098,1,"ZNF398","mature","identity+migrating",0.043,NA,NA,NA,NA
0.12238709039203,0.270431910579373,0.288,0.227,1,"NAP1L2","mature","identity+migrating",0.061,NA,NA,NA,NA
0.122680224969222,0.322340114093281,0.364,0.303,1,"MAPKAPK5-AS1","mature","identity+migrating",0.061,NA,NA,NA,NA
0.122847677494313,0.445954158023514,0.157,0.113,1,"CTDSPL","mature","identity+migrating",0.044,NA,NA,NA,NA
0.122968997977353,0.356851349894214,0.283,0.227,1,"COMMD8","mature","identity+migrating",0.056,NA,NA,NA,NA
0.12303952353363,0.336012082758318,0.247,0.187,1,"WRNIP1","mature","identity+migrating",0.06,NA,NA,NA,NA
0.123099585447896,0.446984850887267,0.101,0.065,1,"ETS2","mature","identity+migrating",0.036,NA,NA,NA,NA
0.123413077705502,0.328570745380482,0.258,0.205,1,"GOT1","mature","identity+migrating",0.053,NA,NA,NA,NA
0.123554663471975,0.524249412683037,0.106,0.07,1,"GAREM2","mature","identity+migrating",0.036,NA,NA,NA,NA
0.124207810667152,0.567608552972854,0.126,0.087,1,"ZNF785","mature","identity+migrating",0.039,NA,NA,NA,NA
0.124324289646856,0.522581000165075,0.172,0.129,1,"BUD13","mature","identity+migrating",0.043,NA,NA,NA,NA
0.12441635129725,0.360922885112251,0.202,0.153,1,"DDX56","mature","identity+migrating",0.049,NA,NA,NA,NA
0.124419560937663,0.540061568515841,0.126,0.087,1,"MTUS2","mature","identity+migrating",0.039,NA,NA,NA,NA
0.124502106792198,0.43658305012039,0.343,0.294,1,"ANKRD36C","mature","identity+migrating",0.049,NA,NA,NA,NA
0.12456808269999,0.325678520435185,0.359,0.298,1,"SGIP1","mature","identity+migrating",0.061,NA,NA,NA,NA
0.124765978983149,0.384592345764021,0.101,0.065,1,"MTX3","mature","identity+migrating",0.036,NA,NA,NA,NA
0.125332806729679,0.268695526798998,0.258,0.198,1,"PPP1R8","mature","identity+migrating",0.06,NA,NA,NA,NA
0.126871316339551,0.547213628415909,0.116,0.078,1,"CABLES2","mature","identity+migrating",0.038,NA,NA,NA,NA
0.127070825450936,0.419754652737625,0.207,0.157,1,"RPP25L","mature","identity+migrating",0.05,NA,NA,NA,NA
0.127215767883432,0.382316046407327,0.258,0.205,1,"RNASEH1","mature","identity+migrating",0.053,NA,NA,NA,NA
0.127220447946457,0.313923705831896,0.318,0.261,1,"RNF34","mature","identity+migrating",0.057,NA,NA,NA,NA
0.128062830935073,0.803882523346321,0.126,0.087,1,"RMC1","mature","identity+migrating",0.039,NA,NA,NA,NA
0.128345749110033,0.308715117496146,0.111,0.072,1,"ARL17B","mature","identity+migrating",0.039,NA,NA,NA,NA
0.128604307440257,0.326218740293424,0.106,0.07,1,"GJD2","mature","identity+migrating",0.036,NA,NA,NA,NA
0.128759194416103,0.321386017056461,0.152,0.107,1,"PKD1","mature","identity+migrating",0.045,NA,NA,NA,NA
0.129562278620298,0.347779291663987,0.182,0.133,1,"MEIS1","mature","identity+migrating",0.049,NA,NA,NA,NA
0.12966126539078,0.260070100291425,0.409,0.344,1,"CDC42BPA","mature","identity+migrating",0.065,NA,NA,NA,NA
0.129681209722509,0.482904804733138,0.106,0.07,1,"TTN-AS1","mature","identity+migrating",0.036,NA,NA,NA,NA
0.129722971645262,0.33565887607368,0.212,0.155,1,"ADGRL2","mature","identity+migrating",0.057,NA,NA,NA,NA
0.129774947847774,0.391162803482713,0.157,0.113,1,"KDM1B","mature","identity+migrating",0.044,NA,NA,NA,NA
0.130015089949888,0.416492414748793,0.318,0.266,1,"FMNL2","mature","identity+migrating",0.052,NA,NA,NA,NA
0.130038832866142,0.271292359731645,0.48,0.418,1,"TRIP11","mature","identity+migrating",0.062,NA,NA,NA,NA
0.130260219971592,0.359404716206153,0.202,0.153,1,"PSME1","mature","identity+migrating",0.049,NA,NA,NA,NA
0.13026552738254,0.286627473855376,0.389,0.322,1,"P4HTM","mature","identity+migrating",0.067,NA,NA,NA,NA
0.13039061177266,0.380360056117147,0.182,0.133,1,"MADD","mature","identity+migrating",0.049,NA,NA,NA,NA
0.130772727071694,0.434751179456416,0.167,0.122,1,"MED22","mature","identity+migrating",0.045,NA,NA,NA,NA
0.130868692505293,0.553178271028002,0.167,0.122,1,"TRMT10B","mature","identity+migrating",0.045,NA,NA,NA,NA
0.130889612447633,0.34512061220577,0.162,0.118,1,"SRPRB","mature","identity+migrating",0.044,NA,NA,NA,NA
0.131198380143669,0.267466108267249,0.237,0.183,1,"NUBP1","mature","identity+migrating",0.054,NA,NA,NA,NA
0.131506387514425,0.440674710078114,0.212,0.161,1,"HEXIM2","mature","identity+migrating",0.051,NA,NA,NA,NA
0.131968070607326,0.308851927677062,0.288,0.229,1,"RPUSD3","mature","identity+migrating",0.059,NA,NA,NA,NA
0.132109343720569,0.290278832277904,0.394,0.338,1,"ZNF37A","mature","identity+migrating",0.056,NA,NA,NA,NA
0.132155087663969,0.627743199325046,0.152,0.111,1,"MMP17","mature","identity+migrating",0.041,NA,NA,NA,NA
0.132451652904112,0.535331021331145,0.146,0.105,1,"IL6ST","mature","identity+migrating",0.041,NA,NA,NA,NA
0.132613161217675,0.322152725063863,0.157,0.111,1,"TOM1L2","mature","identity+migrating",0.046,NA,NA,NA,NA
0.13364288746872,0.282376988033854,0.333,0.279,1,"ANKS1A","mature","identity+migrating",0.054,NA,NA,NA,NA
0.133967452572433,0.31061495170871,0.439,0.388,1,"VPS25","mature","identity+migrating",0.051,NA,NA,NA,NA
0.134003343165365,0.273874648153352,0.177,0.131,1,"AVEN","mature","identity+migrating",0.046,NA,NA,NA,NA
0.134210112975709,0.652015370350558,0.192,0.15,1,"DDX20","mature","identity+migrating",0.042,NA,NA,NA,NA
0.134342632488574,0.377228407279346,0.237,0.183,1,"CSTF2T","mature","identity+migrating",0.054,NA,NA,NA,NA
0.134481990260739,0.299913641357059,0.197,0.148,1,"DHX32","mature","identity+migrating",0.049,NA,NA,NA,NA
0.134523007722848,0.290860534944544,0.298,0.24,1,"SHARPIN","mature","identity+migrating",0.058,NA,NA,NA,NA
0.134693792605873,0.434334770084181,0.126,0.087,1,"DOLPP1","mature","identity+migrating",0.039,NA,NA,NA,NA
0.134830975435366,0.316036807386763,0.247,0.19,1,"PCNX2","mature","identity+migrating",0.057,NA,NA,NA,NA
0.135044295370976,0.257726473600129,0.52,0.44,1,"NPTN","mature","identity+migrating",0.08,NA,NA,NA,NA
0.135926495370588,0.3187910454895,0.232,0.181,1,"TMEM101","mature","identity+migrating",0.051,NA,NA,NA,NA
0.136096155465998,0.268492119656401,0.232,0.181,1,"ARID3B","mature","identity+migrating",0.051,NA,NA,NA,NA
0.136443550747816,0.434678067936409,0.141,0.102,1,"TLN1","mature","identity+migrating",0.039,NA,NA,NA,NA
0.136750483817868,0.322473894230085,0.258,0.2,1,"ANKRD50","mature","identity+migrating",0.058,NA,NA,NA,NA
0.136753428399385,0.398235523325379,0.217,0.166,1,"SMYD2","mature","identity+migrating",0.051,NA,NA,NA,NA
0.136790712131933,0.303245468733733,0.111,0.074,1,"TSEN2","mature","identity+migrating",0.037,NA,NA,NA,NA
0.136849070888121,0.477048583188287,0.116,0.081,1,"AEN","mature","identity+migrating",0.035,NA,NA,NA,NA
0.136915279674716,0.350393589035663,0.106,0.07,1,"MTA3","mature","identity+migrating",0.036,NA,NA,NA,NA
0.137037767932265,0.324438781764013,0.232,0.183,1,"DEDD","mature","identity+migrating",0.049,NA,NA,NA,NA
0.137130361305132,0.923341037109155,0.101,0.07,1,"SLC16A7","mature","identity+migrating",0.031,NA,NA,NA,NA
0.137132224632888,0.290461445628839,0.343,0.288,1,"EPS15","mature","identity+migrating",0.055,NA,NA,NA,NA
0.137222778337,0.467328910895794,0.227,0.176,1,"CAB39L","mature","identity+migrating",0.051,NA,NA,NA,NA
0.137299896936579,0.30990233049613,0.323,0.268,1,"RB1","mature","identity+migrating",0.055,NA,NA,NA,NA
0.137535064641948,0.313792456209301,0.348,0.294,1,"CDK17","mature","identity+migrating",0.054,NA,NA,NA,NA
0.13758082445986,0.273761786129663,0.263,0.209,1,"TBC1D15","mature","identity+migrating",0.054,NA,NA,NA,NA
0.137599492408625,0.264409560650589,0.404,0.336,1,"FAM222B","mature","identity+migrating",0.068,NA,NA,NA,NA
0.137609759189484,0.273450676039656,0.303,0.244,1,"GSE1","mature","identity+migrating",0.059,NA,NA,NA,NA
0.137787687388602,0.259272448227046,0.384,0.32,1,"PPFIA1","mature","identity+migrating",0.064,NA,NA,NA,NA
0.138539383521563,0.681015743419749,0.131,0.094,1,"C12orf29","mature","identity+migrating",0.037,NA,NA,NA,NA
0.139213397159716,0.627336995787555,0.131,0.094,1,"PYGO2","mature","identity+migrating",0.037,NA,NA,NA,NA
0.139384753944973,0.459160479734655,0.212,0.163,1,"ZNF670","mature","identity+migrating",0.049,NA,NA,NA,NA
0.139628551175973,0.405456416068676,0.192,0.146,1,"SAYSD1","mature","identity+migrating",0.046,NA,NA,NA,NA
0.140259713012628,0.303611582858442,0.359,0.303,1,"MRPL19","mature","identity+migrating",0.056,NA,NA,NA,NA
0.140337015860364,0.310950837544358,0.167,0.122,1,"PHC3","mature","identity+migrating",0.045,NA,NA,NA,NA
0.140810403718055,0.254467419330557,0.192,0.142,1,"MARF1","mature","identity+migrating",0.05,NA,NA,NA,NA
0.141148616374837,0.448459721845727,0.157,0.113,1,"BMPR1A","mature","identity+migrating",0.044,NA,NA,NA,NA
0.141212608114284,0.632578615443899,0.146,0.107,1,"HKR1","mature","identity+migrating",0.039,NA,NA,NA,NA
0.141338612629043,0.376152702680772,0.227,0.179,1,"GZF1","mature","identity+migrating",0.048,NA,NA,NA,NA
0.1414265323747,0.26669539147263,0.232,0.176,1,"TLDC1","mature","identity+migrating",0.056,NA,NA,NA,NA
0.141506514281287,0.350482481390517,0.283,0.233,1,"UBE2Z","mature","identity+migrating",0.05,NA,NA,NA,NA
0.141991497415116,0.359895589426042,0.146,0.105,1,"CDK9","mature","identity+migrating",0.041,NA,NA,NA,NA
0.142010242823374,0.319834495306385,0.217,0.168,1,"GOLGA1","mature","identity+migrating",0.049,NA,NA,NA,NA
0.142308140671992,0.313166969031774,0.232,0.176,1,"ATG14","mature","identity+migrating",0.056,NA,NA,NA,NA
0.14235133023763,0.300829687644778,0.217,0.17,1,"MBTD1","mature","identity+migrating",0.047,NA,NA,NA,NA
0.14250990347897,0.361690956276655,0.106,0.07,1,"ZNF282","mature","identity+migrating",0.036,NA,NA,NA,NA
0.142551278499409,0.383706508445689,0.131,0.092,1,"CEMIP2","mature","identity+migrating",0.039,NA,NA,NA,NA
0.14258297787102,0.311579913154443,0.333,0.272,1,"FGD4","mature","identity+migrating",0.061,NA,NA,NA,NA
0.143310617166132,0.66638868092508,0.131,0.094,1,"FGFR1OP","mature","identity+migrating",0.037,NA,NA,NA,NA
0.143368995069718,0.474271797673358,0.217,0.168,1,"INPP4A","mature","identity+migrating",0.049,NA,NA,NA,NA
0.143643080741687,0.599098044040664,0.157,0.115,1,"ZNF641","mature","identity+migrating",0.042,NA,NA,NA,NA
0.143685039813981,0.284439713882113,0.288,0.233,1,"KIAA1211","mature","identity+migrating",0.055,NA,NA,NA,NA
0.145815427990928,0.647215797795638,0.106,0.072,1,"TYW1","mature","identity+migrating",0.034,NA,NA,NA,NA
0.146044537758798,0.433542827133695,0.131,0.092,1,"USP19","mature","identity+migrating",0.039,NA,NA,NA,NA
0.146490959880561,0.35041855441502,0.111,0.076,1,"AC099522.2","mature","identity+migrating",0.035,NA,NA,NA,NA
0.146972627511454,0.289887218937333,0.167,0.12,1,"ZCCHC9","mature","identity+migrating",0.047,NA,NA,NA,NA
0.147262940889871,0.298792916293401,0.409,0.359,1,"NCOA4","mature","identity+migrating",0.05,NA,NA,NA,NA
0.147513269970181,0.755473770869422,0.131,0.096,1,"BCKDK","mature","identity+migrating",0.035,NA,NA,NA,NA
0.147709755408567,0.340511684344873,0.298,0.246,1,"CNP","mature","identity+migrating",0.052,NA,NA,NA,NA
0.147770794084253,0.520437966504259,0.111,0.076,1,"THOP1","mature","identity+migrating",0.035,NA,NA,NA,NA
0.148002381500934,0.30518583518121,0.571,0.536,1,"NKTR","mature","identity+migrating",0.0349999999999999,NA,NA,NA,NA
0.148185493615834,0.381544474254165,0.263,0.209,1,"ACD","mature","identity+migrating",0.054,NA,NA,NA,NA
0.148795743064921,0.66635432746796,0.121,0.085,1,"UBXN11","mature","identity+migrating",0.036,NA,NA,NA,NA
0.148905080151762,0.257968826635174,0.379,0.314,1,"ZNF260","mature","identity+migrating",0.065,NA,NA,NA,NA
0.148954269200221,0.265862543842656,0.424,0.368,1,"C6orf48","mature","identity+migrating",0.056,NA,NA,NA,NA
0.149777773250988,0.322279334938432,0.399,0.349,1,"EXOC7","mature","identity+migrating",0.05,NA,NA,NA,NA
0.149981825601987,0.309897488234465,0.227,0.176,1,"MKKS","mature","identity+migrating",0.051,NA,NA,NA,NA
0.150095777100983,0.26639355398051,0.253,0.196,1,"HBP1","mature","identity+migrating",0.057,NA,NA,NA,NA
0.150131187905381,0.365162193989928,0.101,0.068,1,"CEP76","mature","identity+migrating",0.033,NA,NA,NA,NA
0.150427734438079,0.3231712959696,0.136,0.096,1,"PML","mature","identity+migrating",0.04,NA,NA,NA,NA
0.150493249542619,0.297614817142215,0.207,0.159,1,"TRMT1L","mature","identity+migrating",0.048,NA,NA,NA,NA
0.150573198536427,0.538424576273918,0.167,0.124,1,"MPDZ","mature","identity+migrating",0.043,NA,NA,NA,NA
0.151195807687574,0.299220912946927,0.126,0.087,1,"PRMT9","mature","identity+migrating",0.039,NA,NA,NA,NA
0.151255351446649,0.279886956424525,0.571,0.508,1,"RBM26","mature","identity+migrating",0.063,NA,NA,NA,NA
0.151551950076063,0.292968895187938,0.192,0.144,1,"MICAL3","mature","identity+migrating",0.048,NA,NA,NA,NA
0.151636256384067,0.271028747360303,0.247,0.196,1,"RPP38","mature","identity+migrating",0.051,NA,NA,NA,NA
0.151661577483389,0.507977404561853,0.111,0.076,1,"SSFA2","mature","identity+migrating",0.035,NA,NA,NA,NA
0.15166478678,0.409321541069406,0.288,0.235,1,"GART","mature","identity+migrating",0.053,NA,NA,NA,NA
0.151666674856646,0.28679643215411,0.444,0.392,1,"IDH3B","mature","identity+migrating",0.052,NA,NA,NA,NA
0.151851019856063,0.385922193334632,0.242,0.194,1,"EXOSC7","mature","identity+migrating",0.048,NA,NA,NA,NA
0.152290304523673,0.423889361724737,0.202,0.157,1,"CHMP2B","mature","identity+migrating",0.045,NA,NA,NA,NA
0.152608328669912,0.506708032953779,0.101,0.068,1,"RYR3","mature","identity+migrating",0.033,NA,NA,NA,NA
0.152673443760545,0.277115756276437,0.242,0.19,1,"INO80E","mature","identity+migrating",0.052,NA,NA,NA,NA
0.152729834712383,0.281040983456254,0.187,0.139,1,"TMEM99","mature","identity+migrating",0.048,NA,NA,NA,NA
0.152831702458333,0.303044584939012,0.313,0.255,1,"NUPL2","mature","identity+migrating",0.058,NA,NA,NA,NA
0.153024171988221,0.446232590327894,0.101,0.068,1,"PHLPP2","mature","identity+migrating",0.033,NA,NA,NA,NA
0.15303700431841,0.374997984368038,0.258,0.205,1,"ATG10","mature","identity+migrating",0.053,NA,NA,NA,NA
0.153142858525479,0.295076735282051,0.283,0.227,1,"TMEM263","mature","identity+migrating",0.056,NA,NA,NA,NA
0.153236078081231,0.374429301837706,0.49,0.427,1,"ME2","mature","identity+migrating",0.063,NA,NA,NA,NA
0.15324264865178,0.347308589118388,0.187,0.139,1,"DNAJC30","mature","identity+migrating",0.048,NA,NA,NA,NA
0.153471746367946,0.370454573575048,0.389,0.333,1,"RBM41","mature","identity+migrating",0.056,NA,NA,NA,NA
0.153531353991583,0.26891801513655,0.222,0.176,1,"RRP8","mature","identity+migrating",0.046,NA,NA,NA,NA
0.153768315620232,0.371255060883072,0.111,0.076,1,"USPL1","mature","identity+migrating",0.035,NA,NA,NA,NA
0.155108050877126,0.498801022606284,0.162,0.12,1,"PAWR","mature","identity+migrating",0.042,NA,NA,NA,NA
0.155440292274663,0.302181491703201,0.273,0.218,1,"C20orf194","mature","identity+migrating",0.055,NA,NA,NA,NA
0.155700093295362,0.298900128302975,0.242,0.19,1,"RNF113A","mature","identity+migrating",0.052,NA,NA,NA,NA
0.155717419532788,0.267700956536688,0.328,0.264,1,"NAMPT","mature","identity+migrating",0.064,NA,NA,NA,NA
0.155722323953975,0.434586120909696,0.182,0.142,1,"APBB3","mature","identity+migrating",0.04,NA,NA,NA,NA
0.155738901877017,0.653127208615564,0.157,0.118,1,"EEFSEC","mature","identity+migrating",0.039,NA,NA,NA,NA
0.156201796945275,0.696140141948093,0.136,0.1,1,"SORBS1","mature","identity+migrating",0.036,NA,NA,NA,NA
0.15656186699186,0.439172258801503,0.217,0.17,1,"DLG1","mature","identity+migrating",0.047,NA,NA,NA,NA
0.156632979908777,0.497286668970668,0.212,0.17,1,"HEXA","mature","identity+migrating",0.042,NA,NA,NA,NA
0.156835610210448,0.316361344999874,0.111,0.076,1,"IGHMBP2","mature","identity+migrating",0.035,NA,NA,NA,NA
0.157641064512967,0.633340513244597,0.182,0.144,1,"RPS6KA3","mature","identity+migrating",0.038,NA,NA,NA,NA
0.157741095052777,0.30026389988906,0.237,0.185,1,"PLCL2","mature","identity+migrating",0.052,NA,NA,NA,NA
0.157840547121599,0.408834395776813,0.308,0.261,1,"DNAL4","mature","identity+migrating",0.047,NA,NA,NA,NA
0.15785655841206,0.382090583085371,0.141,0.1,1,"USF1","mature","identity+migrating",0.041,NA,NA,NA,NA
0.158878169607148,0.328125198945003,0.227,0.174,1,"MARS","mature","identity+migrating",0.053,NA,NA,NA,NA
0.159053573617744,0.347836993275841,0.242,0.19,1,"TAF3","mature","identity+migrating",0.052,NA,NA,NA,NA
0.159361057050762,0.356362509642732,0.141,0.102,1,"LRFN3","mature","identity+migrating",0.039,NA,NA,NA,NA
0.159602353695692,0.438032896245567,0.136,0.098,1,"SYNGR3","mature","identity+migrating",0.038,NA,NA,NA,NA
0.159635611961722,0.438784613828729,0.207,0.161,1,"ZNF74","mature","identity+migrating",0.046,NA,NA,NA,NA
0.159806212874661,0.256605404300893,0.253,0.196,1,"GPR137","mature","identity+migrating",0.057,NA,NA,NA,NA
0.160378164307311,0.268577478339916,0.197,0.15,1,"PPP1R12B","mature","identity+migrating",0.047,NA,NA,NA,NA
0.160405401177082,0.303213464715714,0.116,0.078,1,"METTL4","mature","identity+migrating",0.038,NA,NA,NA,NA
0.160484577598366,0.356700354346435,0.288,0.231,1,"SEC23A","mature","identity+migrating",0.057,NA,NA,NA,NA
0.160736095846633,0.346262235180653,0.217,0.166,1,"ZC3H7B","mature","identity+migrating",0.051,NA,NA,NA,NA
0.161198745052487,0.426935533112415,0.126,0.089,1,"WDR59","mature","identity+migrating",0.037,NA,NA,NA,NA
0.161818036743808,0.30936492864223,0.106,0.072,1,"POLR1C","mature","identity+migrating",0.034,NA,NA,NA,NA
0.161897977294286,0.495503743823644,0.222,0.176,1,"RAB1B","mature","identity+migrating",0.046,NA,NA,NA,NA
0.162242282621029,0.711424209049413,0.101,0.07,1,"TSPOAP1-AS1","mature","identity+migrating",0.031,NA,NA,NA,NA
0.16248251918546,0.420755576658849,0.177,0.135,1,"TMEM120A","mature","identity+migrating",0.042,NA,NA,NA,NA
0.163013755434448,0.447126899427545,0.141,0.105,1,"MED12","mature","identity+migrating",0.036,NA,NA,NA,NA
0.163160195573758,0.319559531041046,0.177,0.133,1,"NIFK-AS1","mature","identity+migrating",0.044,NA,NA,NA,NA
0.164270507646714,0.346672353747441,0.343,0.294,1,"PANK2","mature","identity+migrating",0.049,NA,NA,NA,NA
0.164553475170511,0.363270317904206,0.197,0.15,1,"AL451085.2","mature","identity+migrating",0.047,NA,NA,NA,NA
0.164554830518868,0.626048258067119,0.101,0.07,1,"CLN8","mature","identity+migrating",0.031,NA,NA,NA,NA
0.164939383366035,0.381690539803848,0.136,0.098,1,"MSRB1","mature","identity+migrating",0.038,NA,NA,NA,NA
0.165047907345662,0.385305324176761,0.323,0.275,1,"SLC25A24","mature","identity+migrating",0.048,NA,NA,NA,NA
0.165393094831468,0.347803746610376,0.146,0.107,1,"GTF2E1","mature","identity+migrating",0.039,NA,NA,NA,NA
0.165705879926641,0.335483987992399,0.141,0.105,1,"CCNA1","mature","identity+migrating",0.036,NA,NA,NA,NA
0.1657501543899,0.280997366551021,0.465,0.412,1,"COIL","mature","identity+migrating",0.053,NA,NA,NA,NA
0.166159008177546,0.623638867376721,0.101,0.07,1,"TIMM8A","mature","identity+migrating",0.031,NA,NA,NA,NA
0.166163664930028,0.267286674013972,0.212,0.166,1,"MAP3K11","mature","identity+migrating",0.046,NA,NA,NA,NA
0.166382448594934,0.327564840683689,0.167,0.124,1,"ARL6","mature","identity+migrating",0.043,NA,NA,NA,NA
0.167243978351283,0.315594886871752,0.106,0.072,1,"PTPN18","mature","identity+migrating",0.034,NA,NA,NA,NA
0.167833834989498,0.278223967977084,0.247,0.196,1,"SDHAF2","mature","identity+migrating",0.051,NA,NA,NA,NA
0.1680114885245,0.331367035851649,0.182,0.133,1,"ZNF222","mature","identity+migrating",0.049,NA,NA,NA,NA
0.168574589428174,0.325901260084461,0.111,0.076,1,"TNKS1BP1","mature","identity+migrating",0.035,NA,NA,NA,NA
0.168731120191185,0.381928009157125,0.177,0.133,1,"BAHCC1","mature","identity+migrating",0.044,NA,NA,NA,NA
0.168871897189077,0.48162074019982,0.217,0.174,1,"MRPS12","mature","identity+migrating",0.043,NA,NA,NA,NA
0.169551287205037,0.592078140827245,0.101,0.07,1,"AFMID","mature","identity+migrating",0.031,NA,NA,NA,NA
0.169628904317118,0.260920131988345,0.278,0.227,1,"CWC22","mature","identity+migrating",0.051,NA,NA,NA,NA
0.169813793653809,0.442946167577382,0.172,0.129,1,"ADO","mature","identity+migrating",0.043,NA,NA,NA,NA
0.169919681967781,0.563274853649488,0.167,0.129,1,"KIF13A","mature","identity+migrating",0.038,NA,NA,NA,NA
0.169920789994748,0.485692131286747,0.126,0.092,1,"ZSCAN29","mature","identity+migrating",0.034,NA,NA,NA,NA
0.169948115717184,0.286643637789776,0.399,0.34,1,"FXYD7","mature","identity+migrating",0.059,NA,NA,NA,NA
0.170552420178309,0.696989711759319,0.162,0.126,1,"KDM4A","mature","identity+migrating",0.036,NA,NA,NA,NA
0.170644375120137,0.348693716701959,0.126,0.089,1,"CASP6","mature","identity+migrating",0.037,NA,NA,NA,NA
0.17070666783296,0.252909901954631,0.242,0.194,1,"TNPO2","mature","identity+migrating",0.048,NA,NA,NA,NA
0.171510505923171,0.39500593076249,0.146,0.105,1,"CLCN4","mature","identity+migrating",0.041,NA,NA,NA,NA
0.17170030204677,0.265284606035167,0.253,0.205,1,"SS18L1","mature","identity+migrating",0.048,NA,NA,NA,NA
0.171732785631386,0.695380533180983,0.116,0.083,1,"LDAH","mature","identity+migrating",0.033,NA,NA,NA,NA
0.172442980568415,0.290804814555855,0.439,0.375,1,"CEBPZ","mature","identity+migrating",0.064,NA,NA,NA,NA
0.17245159366875,0.333552260315931,0.116,0.081,1,"HIBADH","mature","identity+migrating",0.035,NA,NA,NA,NA
0.172599660147564,0.619674061980906,0.247,0.205,1,"CALB1","mature","identity+migrating",0.042,NA,NA,NA,NA
0.172959861791514,0.282878226529459,0.303,0.251,1,"SOD2","mature","identity+migrating",0.052,NA,NA,NA,NA
0.173032922223057,0.298467688302048,0.172,0.131,1,"ZNF519","mature","identity+migrating",0.041,NA,NA,NA,NA
0.174964739858681,0.508648807597496,0.101,0.07,1,"BICRAL","mature","identity+migrating",0.031,NA,NA,NA,NA
0.175024991732391,0.358015804837179,0.237,0.192,1,"DTWD1","mature","identity+migrating",0.045,NA,NA,NA,NA
0.175056932577039,0.335029309936775,0.167,0.126,1,"TCHP","mature","identity+migrating",0.041,NA,NA,NA,NA
0.175083878871332,0.667343330913376,0.106,0.074,1,"ZBTB24","mature","identity+migrating",0.032,NA,NA,NA,NA
0.175165168578738,0.488173821813841,0.157,0.118,1,"GEMIN5","mature","identity+migrating",0.039,NA,NA,NA,NA
0.175667942564703,0.265880181329037,0.359,0.305,1,"UBXN6","mature","identity+migrating",0.054,NA,NA,NA,NA
0.175771170993786,0.349056762440243,0.293,0.251,1,"ZNF248","mature","identity+migrating",0.042,NA,NA,NA,NA
0.175983518342988,0.324943611443681,0.283,0.233,1,"DCP2","mature","identity+migrating",0.05,NA,NA,NA,NA
0.17609736083985,0.283047065746656,0.146,0.107,1,"RFX2","mature","identity+migrating",0.039,NA,NA,NA,NA
0.176248262146763,0.335089604247924,0.268,0.22,1,"GLS","mature","identity+migrating",0.048,NA,NA,NA,NA
0.176426475835813,0.289358138406714,0.328,0.277,1,"TMEM98","mature","identity+migrating",0.051,NA,NA,NA,NA
0.176766560826377,0.276093315872373,0.505,0.46,1,"COPRS","mature","identity+migrating",0.045,NA,NA,NA,NA
0.176823733492727,0.325794632237814,0.227,0.181,1,"NUP214","mature","identity+migrating",0.046,NA,NA,NA,NA
0.177002306585052,0.312598611320592,0.177,0.133,1,"VCPKMT","mature","identity+migrating",0.044,NA,NA,NA,NA
0.177101658672947,0.312831338946749,0.222,0.174,1,"EIF2B5","mature","identity+migrating",0.048,NA,NA,NA,NA
0.177172819562518,0.261729840044832,0.263,0.209,1,"NUCB1","mature","identity+migrating",0.054,NA,NA,NA,NA
0.177962552395108,0.258935171778234,0.343,0.281,1,"BCL10","mature","identity+migrating",0.062,NA,NA,NA,NA
0.178363085938141,0.387923232460846,0.192,0.148,1,"C17orf100","mature","identity+migrating",0.044,NA,NA,NA,NA
0.178992762555669,0.38874378492655,0.253,0.205,1,"PUM3","mature","identity+migrating",0.048,NA,NA,NA,NA
0.179137682911662,0.329435271089059,0.197,0.15,1,"MRPS17","mature","identity+migrating",0.047,NA,NA,NA,NA
0.179661668482781,0.296081777069273,0.126,0.089,1,"TRABD","mature","identity+migrating",0.037,NA,NA,NA,NA
0.180156602808264,0.317765234287658,0.354,0.294,1,"BAZ2A","mature","identity+migrating",0.06,NA,NA,NA,NA
0.18081779168486,0.341889741457845,0.101,0.07,1,"PHF13","mature","identity+migrating",0.031,NA,NA,NA,NA
0.180971605513661,0.724019333109347,0.111,0.081,1,"C16orf58","mature","identity+migrating",0.03,NA,NA,NA,NA
0.181217079090123,0.336401073068027,0.146,0.109,1,"TRMT10A","mature","identity+migrating",0.037,NA,NA,NA,NA
0.181994856988342,0.434314583696425,0.146,0.109,1,"NUMB","mature","identity+migrating",0.037,NA,NA,NA,NA
0.182663402657347,0.453398188361286,0.121,0.087,1,"FAM206A","mature","identity+migrating",0.034,NA,NA,NA,NA
0.183196324344457,0.26965996303106,0.359,0.305,1,"DLG3","mature","identity+migrating",0.054,NA,NA,NA,NA
0.183881981827709,0.252888199270223,0.177,0.133,1,"TUBGCP5","mature","identity+migrating",0.044,NA,NA,NA,NA
0.184096978779549,0.515265469752389,0.121,0.087,1,"ZNF853","mature","identity+migrating",0.034,NA,NA,NA,NA
0.18458600220871,0.319360302204144,0.152,0.113,1,"LPP","mature","identity+migrating",0.039,NA,NA,NA,NA
0.184956697090595,0.587963739339529,0.157,0.12,1,"PMS2","mature","identity+migrating",0.037,NA,NA,NA,NA
0.185667846424408,0.255509377239385,0.424,0.375,1,"MLLT1","mature","identity+migrating",0.049,NA,NA,NA,NA
0.18697759306357,0.454026193916056,0.126,0.092,1,"WDR92","mature","identity+migrating",0.034,NA,NA,NA,NA
0.187761538778486,0.482368150542777,0.172,0.133,1,"RRP1","mature","identity+migrating",0.039,NA,NA,NA,NA
0.187872749684944,0.333290038859172,0.283,0.235,1,"ZNF793-AS1","mature","identity+migrating",0.048,NA,NA,NA,NA
0.187879712792615,0.255661870184062,0.369,0.307,1,"MRPS9","mature","identity+migrating",0.062,NA,NA,NA,NA
0.188900018230179,0.45549620795786,0.101,0.07,1,"RTKN","mature","identity+migrating",0.031,NA,NA,NA,NA
0.189040379848894,0.257442002242005,0.53,0.468,1,"MRAS","mature","identity+migrating",0.062,NA,NA,NA,NA
0.189281643795772,0.364345676292367,0.222,0.176,1,"C9orf85","mature","identity+migrating",0.046,NA,NA,NA,NA
0.189366837177595,0.300661841032681,0.268,0.218,1,"MGRN1","mature","identity+migrating",0.05,NA,NA,NA,NA
0.189856584405832,0.343689640343139,0.146,0.107,1,"PAXBP1-AS1","mature","identity+migrating",0.039,NA,NA,NA,NA
0.190131495042201,0.280666834128193,0.126,0.092,1,"TBK1","mature","identity+migrating",0.034,NA,NA,NA,NA
0.190471489550274,0.343374563812853,0.333,0.275,1,"KARS","mature","identity+migrating",0.058,NA,NA,NA,NA
0.190895822114885,0.400409450623001,0.116,0.083,1,"TBC1D25","mature","identity+migrating",0.033,NA,NA,NA,NA
0.190909062143502,0.276981724025392,0.141,0.105,1,"YOD1","mature","identity+migrating",0.036,NA,NA,NA,NA
0.192218279506502,0.338786014205988,0.111,0.078,1,"MPP6","mature","identity+migrating",0.033,NA,NA,NA,NA
0.19229281602797,0.682188116715003,0.101,0.072,1,"TMEM8A","mature","identity+migrating",0.029,NA,NA,NA,NA
0.19382653572172,0.338950930975705,0.308,0.255,1,"U2AF2","mature","identity+migrating",0.053,NA,NA,NA,NA
0.193958198487689,0.291932473554666,0.162,0.122,1,"STK32C","mature","identity+migrating",0.04,NA,NA,NA,NA
0.194434242037953,0.315976830186504,0.101,0.07,1,"ZBTB45","mature","identity+migrating",0.031,NA,NA,NA,NA
0.194788682056075,0.252864832054076,0.126,0.092,1,"SPRY2","mature","identity+migrating",0.034,NA,NA,NA,NA
0.195000512253168,0.314435665622566,0.222,0.174,1,"PRRC1","mature","identity+migrating",0.048,NA,NA,NA,NA
0.196344755843529,0.379698374320704,0.157,0.118,1,"AC124312.1","mature","identity+migrating",0.039,NA,NA,NA,NA
0.196595943569522,0.593179503346857,0.131,0.098,1,"ITFG2","mature","identity+migrating",0.033,NA,NA,NA,NA
0.198272537830636,0.456571557538352,0.162,0.126,1,"ZBED3","mature","identity+migrating",0.036,NA,NA,NA,NA
0.198643705757358,0.443436825997609,0.182,0.142,1,"OTULIN","mature","identity+migrating",0.04,NA,NA,NA,NA
0.199959464178797,0.280362577061214,0.136,0.1,1,"ORAOV1","mature","identity+migrating",0.036,NA,NA,NA,NA
0.200400766397415,0.582334834685645,0.111,0.081,1,"AL031963.3","mature","identity+migrating",0.03,NA,NA,NA,NA
0.200421324114927,0.370805828136229,0.141,0.107,1,"SRD5A3","mature","identity+migrating",0.034,NA,NA,NA,NA
0.200663416890468,0.380878328192948,0.141,0.105,1,"OTX2","mature","identity+migrating",0.036,NA,NA,NA,NA
0.201673765070708,0.641295375718863,0.111,0.081,1,"AGAP2","mature","identity+migrating",0.03,NA,NA,NA,NA
0.203548710076953,0.266602904285587,0.495,0.447,1,"SNAPC3","mature","identity+migrating",0.048,NA,NA,NA,NA
0.203747366757895,0.332131805391569,0.389,0.346,1,"SEPHS2","mature","identity+migrating",0.043,NA,NA,NA,NA
0.204217100431887,0.324110698019423,0.237,0.196,1,"PLEKHM2","mature","identity+migrating",0.041,NA,NA,NA,NA
0.204818071705855,0.372245307238758,0.157,0.12,1,"C21orf2","mature","identity+migrating",0.037,NA,NA,NA,NA
0.204891529337575,0.537750939284853,0.162,0.129,1,"GALT","mature","identity+migrating",0.033,NA,NA,NA,NA
0.205676843320758,0.365221732633208,0.131,0.098,1,"LYAR","mature","identity+migrating",0.033,NA,NA,NA,NA
0.205723160578801,0.388455581850208,0.136,0.102,1,"ZNF286A","mature","identity+migrating",0.034,NA,NA,NA,NA
0.205732059446006,0.528266049864518,0.106,0.076,1,"TAMM41","mature","identity+migrating",0.03,NA,NA,NA,NA
0.205941848097448,0.393107360735543,0.167,0.129,1,"PPP1R3F","mature","identity+migrating",0.038,NA,NA,NA,NA
0.2062460188803,0.303687415363488,0.258,0.209,1,"EML1","mature","identity+migrating",0.049,NA,NA,NA,NA
0.206294737059389,0.3223119807828,0.232,0.185,1,"FAM76A","mature","identity+migrating",0.047,NA,NA,NA,NA
0.206397902576704,0.287953677661467,0.242,0.196,1,"HDAC3","mature","identity+migrating",0.046,NA,NA,NA,NA
0.206408384233848,0.293361356530382,0.369,0.32,1,"EXOG","mature","identity+migrating",0.049,NA,NA,NA,NA
0.206874625067047,0.32965302840973,0.192,0.153,1,"TDRD3","mature","identity+migrating",0.039,NA,NA,NA,NA
0.206978058774273,0.288093652716574,0.141,0.105,1,"SFT2D2","mature","identity+migrating",0.036,NA,NA,NA,NA
0.207010193533075,0.415925773455124,0.157,0.12,1,"CITED4","mature","identity+migrating",0.037,NA,NA,NA,NA
0.207441603222324,0.529771724585367,0.162,0.126,1,"FUCA1","mature","identity+migrating",0.036,NA,NA,NA,NA
0.207576726269555,0.463498192590191,0.162,0.126,1,"LPCAT4","mature","identity+migrating",0.036,NA,NA,NA,NA
0.2078010697509,0.574988168603936,0.111,0.081,1,"COG8","mature","identity+migrating",0.03,NA,NA,NA,NA
0.20797690127224,0.296225850463701,0.253,0.207,1,"GLCCI1","mature","identity+migrating",0.046,NA,NA,NA,NA
0.208397405418637,0.342559858487525,0.283,0.24,1,"CSE1L","mature","identity+migrating",0.043,NA,NA,NA,NA
0.208421349324897,0.454177249552815,0.146,0.111,1,"RAB11FIP3","mature","identity+migrating",0.035,NA,NA,NA,NA
0.208465976837302,0.392408343872647,0.288,0.242,1,"ADAM17","mature","identity+migrating",0.046,NA,NA,NA,NA
0.208972003620299,0.501295911236421,0.101,0.072,1,"ZNF154","mature","identity+migrating",0.029,NA,NA,NA,NA
0.209917153917015,0.485175388276332,0.172,0.135,1,"HCCS","mature","identity+migrating",0.037,NA,NA,NA,NA
0.210420985290247,0.422332118769151,0.111,0.081,1,"DOCK3","mature","identity+migrating",0.03,NA,NA,NA,NA
0.21048769133631,0.297274585418845,0.197,0.153,1,"FRS2","mature","identity+migrating",0.044,NA,NA,NA,NA
0.21138879247611,0.303681565473132,0.237,0.196,1,"EPB41L4A","mature","identity+migrating",0.041,NA,NA,NA,NA
0.211510907278508,0.401022468268442,0.177,0.137,1,"XPO6","mature","identity+migrating",0.04,NA,NA,NA,NA
0.211917610641464,0.299743651816384,0.359,0.314,1,"RHOQ","mature","identity+migrating",0.045,NA,NA,NA,NA
0.212167144887426,0.283994708091672,0.389,0.338,1,"CHGA","mature","identity+migrating",0.051,NA,NA,NA,NA
0.212399742514802,0.36679317418644,0.343,0.298,1,"DARS","mature","identity+migrating",0.045,NA,NA,NA,NA
0.21277813683358,0.35652808682419,0.232,0.187,1,"FAHD2A","mature","identity+migrating",0.045,NA,NA,NA,NA
0.213400500005609,0.270263999476909,0.131,0.096,1,"SOCS5","mature","identity+migrating",0.035,NA,NA,NA,NA
0.215732349099059,0.581441464150608,0.111,0.081,1,"ZSCAN12","mature","identity+migrating",0.03,NA,NA,NA,NA
0.215875905940607,0.496139390500784,0.126,0.094,1,"AC106707.1","mature","identity+migrating",0.032,NA,NA,NA,NA
0.217389529659904,0.464763316068046,0.157,0.122,1,"DRG2","mature","identity+migrating",0.035,NA,NA,NA,NA
0.21867292529882,0.286190190121474,0.288,0.24,1,"PBX2","mature","identity+migrating",0.048,NA,NA,NA,NA
0.218774096436983,0.35287225198242,0.167,0.131,1,"NOC4L","mature","identity+migrating",0.036,NA,NA,NA,NA
0.218855168282195,0.250277590870754,0.242,0.198,1,"MIIP","mature","identity+migrating",0.044,NA,NA,NA,NA
0.219513479246715,0.325341934910127,0.141,0.107,1,"VLDLR","mature","identity+migrating",0.034,NA,NA,NA,NA
0.221107946040017,0.272777195935399,0.298,0.251,1,"NUDT4","mature","identity+migrating",0.047,NA,NA,NA,NA
0.221388473533372,0.390126936311738,0.116,0.085,1,"SNHG10","mature","identity+migrating",0.031,NA,NA,NA,NA
0.221564537783216,0.398060230771403,0.192,0.157,1,"BTBD2","mature","identity+migrating",0.035,NA,NA,NA,NA
0.221866353877395,0.290354384099081,0.333,0.285,1,"CD276","mature","identity+migrating",0.048,NA,NA,NA,NA
0.222184975090715,0.409810368429633,0.187,0.153,1,"ELAC1","mature","identity+migrating",0.034,NA,NA,NA,NA
0.222743554750911,0.325461917606985,0.202,0.163,1,"PXYLP1","mature","identity+migrating",0.039,NA,NA,NA,NA
0.222793062415766,0.254999904493558,0.273,0.227,1,"FAM214A","mature","identity+migrating",0.046,NA,NA,NA,NA
0.222985671804817,0.410768843161871,0.207,0.168,1,"PTPN5","mature","identity+migrating",0.039,NA,NA,NA,NA
0.223051536870318,0.285824155673335,0.101,0.072,1,"PAXIP1","mature","identity+migrating",0.029,NA,NA,NA,NA
0.223402475184564,0.282588454994129,0.258,0.211,1,"CLPX","mature","identity+migrating",0.047,NA,NA,NA,NA
0.223670241461444,0.312528160307962,0.106,0.076,1,"ZNF584","mature","identity+migrating",0.03,NA,NA,NA,NA
0.223986979342348,0.354076115881943,0.273,0.229,1,"ELP5","mature","identity+migrating",0.044,NA,NA,NA,NA
0.224437336391119,0.408179818554723,0.136,0.102,1,"PRKD3","mature","identity+migrating",0.034,NA,NA,NA,NA
0.225405979644044,0.539965831688221,0.126,0.096,1,"HSPA12A","mature","identity+migrating",0.03,NA,NA,NA,NA
0.225409949381216,0.35249632260588,0.222,0.183,1,"GPN1","mature","identity+migrating",0.039,NA,NA,NA,NA
0.225583659023036,0.356731268392439,0.101,0.072,1,"HARS2","mature","identity+migrating",0.029,NA,NA,NA,NA
0.225969376518941,0.269389132499899,0.258,0.203,1,"GPC1","mature","identity+migrating",0.055,NA,NA,NA,NA
0.226343026139746,0.483619578109971,0.172,0.137,1,"AEBP2","mature","identity+migrating",0.035,NA,NA,NA,NA
0.227396976978404,0.325059346394973,0.303,0.259,1,"DCAF13","mature","identity+migrating",0.044,NA,NA,NA,NA
0.227770329505975,0.441731849214587,0.101,0.072,1,"DNAJC28","mature","identity+migrating",0.029,NA,NA,NA,NA
0.227958232130424,0.319238897280107,0.187,0.146,1,"C6orf47","mature","identity+migrating",0.041,NA,NA,NA,NA
0.228512884225398,0.279642755668035,0.273,0.222,1,"ACTR8","mature","identity+migrating",0.051,NA,NA,NA,NA
0.228540864297075,0.402802566026442,0.157,0.12,1,"AHCY","mature","identity+migrating",0.037,NA,NA,NA,NA
0.228832912000249,0.34668501812741,0.227,0.183,1,"HERC4","mature","identity+migrating",0.044,NA,NA,NA,NA
0.229091271147231,0.349506439357098,0.177,0.139,1,"BRPF3","mature","identity+migrating",0.038,NA,NA,NA,NA
0.22926817606723,0.40034320590989,0.187,0.148,1,"AL035071.1","mature","identity+migrating",0.039,NA,NA,NA,NA
0.231258019391574,0.447747815021087,0.126,0.096,1,"NXPE3","mature","identity+migrating",0.03,NA,NA,NA,NA
0.233648611309001,0.292329031566051,0.404,0.362,1,"MFSD10","mature","identity+migrating",0.042,NA,NA,NA,NA
0.234063464757384,0.320899560059525,0.217,0.176,1,"EXOSC9","mature","identity+migrating",0.041,NA,NA,NA,NA
0.234281652260751,0.310315129931391,0.227,0.185,1,"CHMP1A","mature","identity+migrating",0.042,NA,NA,NA,NA
0.235246863290277,0.354175332606783,0.187,0.146,1,"ZNF213-AS1","mature","identity+migrating",0.041,NA,NA,NA,NA
0.235948602624466,0.352577873016406,0.152,0.118,1,"PELI2","mature","identity+migrating",0.034,NA,NA,NA,NA
0.236803953002179,0.313826255142226,0.141,0.109,1,"GALC","mature","identity+migrating",0.032,NA,NA,NA,NA
0.23687735080997,0.359148229200765,0.313,0.268,1,"AP3M1","mature","identity+migrating",0.045,NA,NA,NA,NA
0.237581653541396,0.358468649000548,0.313,0.275,1,"AFG3L2","mature","identity+migrating",0.038,NA,NA,NA,NA
0.238069100795503,0.424081402637129,0.106,0.076,1,"BRPF1","mature","identity+migrating",0.03,NA,NA,NA,NA
0.239556735466385,0.272051973072946,0.141,0.107,1,"PDE12","mature","identity+migrating",0.034,NA,NA,NA,NA
0.241587972540146,0.404780673794035,0.126,0.096,1,"PCCB","mature","identity+migrating",0.03,NA,NA,NA,NA
0.242450800748023,0.32399343920476,0.232,0.19,1,"HGS","mature","identity+migrating",0.042,NA,NA,NA,NA
0.243519308600033,0.408159638087241,0.167,0.131,1,"ZNF26","mature","identity+migrating",0.036,NA,NA,NA,NA
0.243811707384123,0.340403053067952,0.212,0.176,1,"ARMC9","mature","identity+migrating",0.036,NA,NA,NA,NA
0.244014665921666,0.387125251007085,0.197,0.161,1,"ISOC1","mature","identity+migrating",0.036,NA,NA,NA,NA
0.244117252902689,0.534409862736922,0.167,0.131,1,"DEDD2","mature","identity+migrating",0.036,NA,NA,NA,NA
0.245240752377501,0.402368526402269,0.157,0.124,1,"PSMC3IP","mature","identity+migrating",0.033,NA,NA,NA,NA
0.245523471612517,0.345665498725631,0.217,0.179,1,"NME5","mature","identity+migrating",0.038,NA,NA,NA,NA
0.245917930898007,0.411062610713052,0.162,0.129,1,"HADH","mature","identity+migrating",0.033,NA,NA,NA,NA
0.246069975065443,0.420003475358404,0.232,0.19,1,"IARS","mature","identity+migrating",0.042,NA,NA,NA,NA
0.246256009278357,0.267095260237981,0.227,0.187,1,"PAF1","mature","identity+migrating",0.04,NA,NA,NA,NA
0.24677761795406,0.400914848084726,0.157,0.122,1,"MBD6","mature","identity+migrating",0.035,NA,NA,NA,NA
0.247160055472406,0.63199291099043,0.126,0.098,1,"RABL2A","mature","identity+migrating",0.028,NA,NA,NA,NA
0.248747453651299,0.307920748455101,0.273,0.227,1,"ERICH1","mature","identity+migrating",0.046,NA,NA,NA,NA
0.249100484376375,0.451611255301302,0.207,0.172,1,"SRD5A1","mature","identity+migrating",0.035,NA,NA,NA,NA
0.250295633528774,0.414658694427652,0.136,0.105,1,"GALNS","mature","identity+migrating",0.031,NA,NA,NA,NA
0.251084215294592,0.406300243220103,0.121,0.092,1,"ELP1","mature","identity+migrating",0.029,NA,NA,NA,NA
0.251222841783263,0.291118199896411,0.258,0.216,1,"OSTM1","mature","identity+migrating",0.042,NA,NA,NA,NA
0.251661550219487,0.271369933219592,0.283,0.242,1,"ZFPL1","mature","identity+migrating",0.041,NA,NA,NA,NA
0.252578195531079,0.604477740623809,0.101,0.074,1,"SZT2","mature","identity+migrating",0.027,NA,NA,NA,NA
0.253286039741717,0.335759163433514,0.318,0.283,1,"KPNA5","mature","identity+migrating",0.035,NA,NA,NA,NA
0.253319979607404,0.339103247486567,0.152,0.118,1,"BMT2","mature","identity+migrating",0.034,NA,NA,NA,NA
0.253479592411907,0.296385185348351,0.192,0.155,1,"DHRS7B","mature","identity+migrating",0.037,NA,NA,NA,NA
0.253616591877344,0.406453068640996,0.177,0.144,1,"EIF2B3","mature","identity+migrating",0.033,NA,NA,NA,NA
0.253659992344313,0.387890325332344,0.202,0.166,1,"TBC1D12","mature","identity+migrating",0.036,NA,NA,NA,NA
0.253801082550064,0.330124344559442,0.197,0.161,1,"VPS26C","mature","identity+migrating",0.036,NA,NA,NA,NA
0.254059559260624,0.267589772314277,0.54,0.488,1,"TMED10","mature","identity+migrating",0.052,NA,NA,NA,NA
0.254841757072721,0.272635634312602,0.333,0.288,1,"INO80D","mature","identity+migrating",0.045,NA,NA,NA,NA
0.255299481285248,0.313333181831815,0.111,0.083,1,"EPHB6","mature","identity+migrating",0.028,NA,NA,NA,NA
0.255767784668865,0.311877333883793,0.162,0.129,1,"E2F4","mature","identity+migrating",0.033,NA,NA,NA,NA
0.256531157818869,0.298856772776048,0.131,0.1,1,"TTI2","mature","identity+migrating",0.031,NA,NA,NA,NA
0.257237240678181,0.270712107537894,0.207,0.168,1,"SEC23B","mature","identity+migrating",0.039,NA,NA,NA,NA
0.257365038803954,0.379658671444709,0.111,0.083,1,"DOLK","mature","identity+migrating",0.028,NA,NA,NA,NA
0.258124911827742,0.388327766430232,0.141,0.111,1,"ZKSCAN8","mature","identity+migrating",0.03,NA,NA,NA,NA
0.259142972719972,0.254356225838857,0.273,0.231,1,"MRPL48","mature","identity+migrating",0.042,NA,NA,NA,NA
0.259989706826676,0.274861912505714,0.253,0.211,1,"C1orf174","mature","identity+migrating",0.042,NA,NA,NA,NA
0.260031389821624,0.264334726610086,0.187,0.146,1,"ZNF160","mature","identity+migrating",0.041,NA,NA,NA,NA
0.260302949641305,0.303262552077378,0.49,0.449,1,"ANKRD17","mature","identity+migrating",0.041,NA,NA,NA,NA
0.260731000217261,0.294087949989496,0.369,0.331,1,"BFAR","mature","identity+migrating",0.038,NA,NA,NA,NA
0.26077818098822,0.373559416066506,0.242,0.203,1,"ANKRD13A","mature","identity+migrating",0.039,NA,NA,NA,NA
0.262057458196801,0.292654773840896,0.116,0.087,1,"ENKUR","mature","identity+migrating",0.029,NA,NA,NA,NA
0.263205638156068,0.400884317922616,0.293,0.251,1,"TMEM242","mature","identity+migrating",0.042,NA,NA,NA,NA
0.263687776181924,0.517848637100546,0.157,0.124,1,"RASA4","mature","identity+migrating",0.033,NA,NA,NA,NA
0.263999903788631,0.280376181296093,0.146,0.113,1,"TCF7","mature","identity+migrating",0.033,NA,NA,NA,NA
0.265881548685619,0.256644896567808,0.131,0.098,1,"SLC12A6","mature","identity+migrating",0.033,NA,NA,NA,NA
0.266630644038611,0.36178361716227,0.202,0.17,1,"DENND2A","mature","identity+migrating",0.032,NA,NA,NA,NA
0.26806012479952,0.333337743246604,0.111,0.083,1,"GSTZ1","mature","identity+migrating",0.028,NA,NA,NA,NA
0.268461149162621,0.253727977741292,0.162,0.129,1,"DROSHA","mature","identity+migrating",0.033,NA,NA,NA,NA
0.270509852832233,0.369407397688242,0.141,0.111,1,"FUT9","mature","identity+migrating",0.03,NA,NA,NA,NA
0.270900779372356,0.518014269044457,0.222,0.185,1,"SMYD3","mature","identity+migrating",0.037,NA,NA,NA,NA
0.271255086231825,0.350245003868822,0.111,0.085,1,"GABRA3","mature","identity+migrating",0.026,NA,NA,NA,NA
0.271460319847934,0.281073679547335,0.167,0.135,1,"ATP13A3","mature","identity+migrating",0.032,NA,NA,NA,NA
0.271609258493497,0.442233044369123,0.182,0.146,1,"ZNF624","mature","identity+migrating",0.036,NA,NA,NA,NA
0.272259175031775,0.342042139376814,0.167,0.135,1,"ARFRP1","mature","identity+migrating",0.032,NA,NA,NA,NA
0.273142135689148,0.277435988503244,0.172,0.137,1,"XPO7","mature","identity+migrating",0.035,NA,NA,NA,NA
0.273230189158992,0.403108772830493,0.197,0.163,1,"KDM7A","mature","identity+migrating",0.034,NA,NA,NA,NA
0.273587475157717,0.415996452755829,0.111,0.085,1,"RAB40C","mature","identity+migrating",0.026,NA,NA,NA,NA
0.274192851315561,0.26120289554107,0.258,0.216,1,"SMG1","mature","identity+migrating",0.042,NA,NA,NA,NA
0.274494528048466,0.455750482741674,0.212,0.176,1,"RANBP3","mature","identity+migrating",0.036,NA,NA,NA,NA
0.275338768311945,0.362078855272652,0.116,0.087,1,"SENP8","mature","identity+migrating",0.029,NA,NA,NA,NA
0.276010649828458,0.363177179130577,0.121,0.092,1,"DUS4L","mature","identity+migrating",0.029,NA,NA,NA,NA
0.276965906701588,0.280738514349733,0.136,0.105,1,"CXorf56","mature","identity+migrating",0.031,NA,NA,NA,NA
0.277111698033823,0.361234792674768,0.111,0.085,1,"ABHD6","mature","identity+migrating",0.026,NA,NA,NA,NA
0.277577787926913,0.262332118447668,0.429,0.379,1,"NCOA1","mature","identity+migrating",0.05,NA,NA,NA,NA
0.278591473331543,0.327513682812234,0.162,0.129,1,"MACROD2","mature","identity+migrating",0.033,NA,NA,NA,NA
0.279814399271982,0.407697553260527,0.121,0.094,1,"LIPE-AS1","mature","identity+migrating",0.027,NA,NA,NA,NA
0.280764360379244,0.301120642503786,0.121,0.094,1,"GTF2H2C","mature","identity+migrating",0.027,NA,NA,NA,NA
0.282569673722845,0.269507769058944,0.328,0.281,1,"SLC25A14","mature","identity+migrating",0.047,NA,NA,NA,NA
0.286135921328612,0.413481422405292,0.157,0.124,1,"PTPN9","mature","identity+migrating",0.033,NA,NA,NA,NA
0.288742411935173,0.320340753341195,0.167,0.133,1,"UCK1","mature","identity+migrating",0.034,NA,NA,NA,NA
0.28921907710202,0.411283440734087,0.167,0.137,1,"MKRN3","mature","identity+migrating",0.03,NA,NA,NA,NA
0.289223651611902,0.428866859467015,0.227,0.194,1,"HADHB","mature","identity+migrating",0.033,NA,NA,NA,NA
0.289995204993936,0.326683641064205,0.121,0.094,1,"GPAM","mature","identity+migrating",0.027,NA,NA,NA,NA
0.290186268564639,0.298211406812503,0.222,0.185,1,"ZNF134","mature","identity+migrating",0.037,NA,NA,NA,NA
0.290485514013248,0.399030977272836,0.207,0.176,1,"MSH3","mature","identity+migrating",0.031,NA,NA,NA,NA
0.290680391825639,0.28662446561072,0.308,0.275,1,"OXSR1","mature","identity+migrating",0.033,NA,NA,NA,NA
0.292171299282605,0.32023214580004,0.237,0.207,1,"IBTK","mature","identity+migrating",0.03,NA,NA,NA,NA
0.29285274195251,0.388620241166939,0.106,0.081,1,"KBTBD3","mature","identity+migrating",0.025,NA,NA,NA,NA
0.29297700998416,0.321397346563324,0.182,0.144,1,"UBR1","mature","identity+migrating",0.038,NA,NA,NA,NA
0.294194628605994,0.253927082380417,0.283,0.233,1,"TMEM131","mature","identity+migrating",0.05,NA,NA,NA,NA
0.295585199611121,0.57324771326557,0.101,0.076,1,"AC100810.1","mature","identity+migrating",0.025,NA,NA,NA,NA
0.29682506081404,0.379955836262101,0.288,0.255,1,"AMN1","mature","identity+migrating",0.033,NA,NA,NA,NA
0.297649893964838,0.305713997664328,0.338,0.294,1,"NUDT16L1","mature","identity+migrating",0.044,NA,NA,NA,NA
0.297873823276244,0.352816895004496,0.126,0.098,1,"ZNF594","mature","identity+migrating",0.028,NA,NA,NA,NA
0.298211862454858,0.292104592832925,0.187,0.153,1,"KLC4","mature","identity+migrating",0.034,NA,NA,NA,NA
0.298885184824436,0.29371968057209,0.227,0.194,1,"ZNF649","mature","identity+migrating",0.033,NA,NA,NA,NA
0.29940934681178,0.715843997463518,0.197,0.168,1,"FAM162A","mature","identity+migrating",0.029,NA,NA,NA,NA
0.299477760817077,0.407670678531816,0.101,0.076,1,"RUBCN","mature","identity+migrating",0.025,NA,NA,NA,NA
0.299692787834165,0.253673854968107,0.227,0.192,1,"MAGOHB","mature","identity+migrating",0.035,NA,NA,NA,NA
0.300340590930101,0.31193275814425,0.414,0.373,1,"SH3BGRL","mature","identity+migrating",0.041,NA,NA,NA,NA
0.301218715725969,0.376960628311858,0.101,0.076,1,"SLC35F3","mature","identity+migrating",0.025,NA,NA,NA,NA
0.3019547232686,0.266264290604368,0.303,0.266,1,"THAP11","mature","identity+migrating",0.037,NA,NA,NA,NA
0.302790422613924,0.327983167872362,0.116,0.089,1,"SNHG12","mature","identity+migrating",0.027,NA,NA,NA,NA
0.302859506309639,0.283527527679006,0.268,0.227,1,"NUTM2A-AS1","mature","identity+migrating",0.041,NA,NA,NA,NA
0.303722842361808,0.368126175598909,0.237,0.207,1,"CYB5A","mature","identity+migrating",0.03,NA,NA,NA,NA
0.304233841304711,0.484679449848379,0.126,0.1,1,"PIKFYVE","mature","identity+migrating",0.026,NA,NA,NA,NA
0.305248228608306,0.513389628662443,0.116,0.089,1,"NALCN","mature","identity+migrating",0.027,NA,NA,NA,NA
0.306209163742461,0.390022526262928,0.106,0.081,1,"USP32","mature","identity+migrating",0.025,NA,NA,NA,NA
0.30649649891138,0.29630390309434,0.126,0.098,1,"DBF4","mature","identity+migrating",0.028,NA,NA,NA,NA
0.307280482961759,0.552169059407528,0.152,0.124,1,"HIF1AN","mature","identity+migrating",0.028,NA,NA,NA,NA
0.307999329146445,0.404816312136913,0.237,0.205,1,"INO80","mature","identity+migrating",0.032,NA,NA,NA,NA
0.309608703021606,0.314988440151042,0.374,0.331,1,"SLC35E3","mature","identity+migrating",0.043,NA,NA,NA,NA
0.309843491634345,0.325112985992666,0.197,0.163,1,"ZSCAN2","mature","identity+migrating",0.034,NA,NA,NA,NA
0.309875744496345,0.304546788398154,0.121,0.094,1,"ALDH18A1","mature","identity+migrating",0.027,NA,NA,NA,NA
0.311494306928649,0.275703538578369,0.111,0.085,1,"UBIAD1","mature","identity+migrating",0.026,NA,NA,NA,NA
0.312947098717349,0.351422782270187,0.242,0.209,1,"TRPC4AP","mature","identity+migrating",0.033,NA,NA,NA,NA
0.313446367172199,0.482307948941797,0.152,0.124,1,"LINC00645","mature","identity+migrating",0.028,NA,NA,NA,NA
0.314388900883489,0.285297961175014,0.227,0.194,1,"SLC25A46","mature","identity+migrating",0.033,NA,NA,NA,NA
0.314486994003279,0.353180929723239,0.197,0.166,1,"C1GALT1","mature","identity+migrating",0.031,NA,NA,NA,NA
0.316311214768931,0.357677099596864,0.136,0.109,1,"ZNF436-AS1","mature","identity+migrating",0.027,NA,NA,NA,NA
0.317312769825082,0.274775140529096,0.106,0.081,1,"KIFC2","mature","identity+migrating",0.025,NA,NA,NA,NA
0.317487184720907,0.278479279796369,0.111,0.085,1,"ZBTB18","mature","identity+migrating",0.026,NA,NA,NA,NA
0.317890225435112,0.490562474717008,0.136,0.111,1,"CYB5R1","mature","identity+migrating",0.025,NA,NA,NA,NA
0.318584881658181,0.372452171236015,0.152,0.124,1,"PNO1","mature","identity+migrating",0.028,NA,NA,NA,NA
0.318910652809553,0.634472169121806,0.131,0.107,1,"LIG1","mature","identity+migrating",0.024,NA,NA,NA,NA
0.320353547705435,0.415067387305686,0.126,0.1,1,"ENTPD6","mature","identity+migrating",0.026,NA,NA,NA,NA
0.321322306562845,0.324456696153382,0.141,0.113,1,"AP3S2","mature","identity+migrating",0.028,NA,NA,NA,NA
0.321731076463993,0.490442818156727,0.106,0.083,1,"MTF1","mature","identity+migrating",0.023,NA,NA,NA,NA
0.322906701635792,0.286973179569573,0.283,0.242,1,"CTIF","mature","identity+migrating",0.041,NA,NA,NA,NA
0.323056193127661,0.536339092299025,0.106,0.083,1,"RNASEH2B","mature","identity+migrating",0.023,NA,NA,NA,NA
0.324465034737573,0.33234156200348,0.187,0.157,1,"HMGCLL1","mature","identity+migrating",0.03,NA,NA,NA,NA
0.324596664521522,0.376483023074414,0.121,0.096,1,"TAF5L","mature","identity+migrating",0.025,NA,NA,NA,NA
0.325367993982294,0.327868770586038,0.111,0.087,1,"MRPS28","mature","identity+migrating",0.024,NA,NA,NA,NA
0.325391082042894,0.442539848238609,0.131,0.105,1,"ZNF432","mature","identity+migrating",0.026,NA,NA,NA,NA
0.326067267531784,0.263870541260314,0.217,0.183,1,"ARMT1","mature","identity+migrating",0.034,NA,NA,NA,NA
0.326156025988225,0.339647879796376,0.141,0.113,1,"IER5","mature","identity+migrating",0.028,NA,NA,NA,NA
0.327096003887059,0.267662860510592,0.273,0.235,1,"ZNF75A","mature","identity+migrating",0.038,NA,NA,NA,NA
0.327746568097046,0.278511688147094,0.152,0.122,1,"ZNF529","mature","identity+migrating",0.03,NA,NA,NA,NA
0.327892983715654,0.412086147257513,0.217,0.185,1,"SYS1","mature","identity+migrating",0.032,NA,NA,NA,NA
0.329616077896926,0.48219120836424,0.121,0.096,1,"ZNF300","mature","identity+migrating",0.025,NA,NA,NA,NA
0.329753319942778,0.48241011777688,0.136,0.113,1,"TMEM254","mature","identity+migrating",0.023,NA,NA,NA,NA
0.329931274096459,0.468160950864448,0.116,0.094,1,"PRR13","mature","identity+migrating",0.022,NA,NA,NA,NA
0.333691483984176,0.348818613711053,0.111,0.087,1,"KIAA0753","mature","identity+migrating",0.024,NA,NA,NA,NA
0.333893350124367,0.586210660582134,0.131,0.109,1,"NARFL","mature","identity+migrating",0.022,NA,NA,NA,NA
0.334638383247661,0.537717355065237,0.141,0.115,1,"KIF22","mature","identity+migrating",0.026,NA,NA,NA,NA
0.335492310053645,0.293874393968023,0.303,0.264,1,"ATF6B","mature","identity+migrating",0.039,NA,NA,NA,NA
0.335834183704356,0.251454569686885,0.182,0.15,1,"COMMD10","mature","identity+migrating",0.032,NA,NA,NA,NA
0.335954118019577,0.295814615038383,0.172,0.144,1,"ERCC3","mature","identity+migrating",0.028,NA,NA,NA,NA
0.337278780485111,0.373750351116184,0.152,0.122,1,"MAML1","mature","identity+migrating",0.03,NA,NA,NA,NA
0.338974373275035,0.560942374708646,0.126,0.102,1,"CPT2","mature","identity+migrating",0.024,NA,NA,NA,NA
0.339087585738292,0.253843741091546,0.202,0.172,1,"FAM189B","mature","identity+migrating",0.03,NA,NA,NA,NA
0.339175458100873,0.327536427755141,0.197,0.166,1,"REPS1","mature","identity+migrating",0.031,NA,NA,NA,NA
0.3403588258847,0.352708498507776,0.111,0.087,1,"TSPOAP1","mature","identity+migrating",0.024,NA,NA,NA,NA
0.34056616390532,0.331140174838135,0.141,0.115,1,"DVL2","mature","identity+migrating",0.026,NA,NA,NA,NA
0.344550095756602,0.368867647850686,0.141,0.113,1,"RASSF1","mature","identity+migrating",0.028,NA,NA,NA,NA
0.347201030151994,0.384296010380641,0.146,0.12,1,"ZNF786","mature","identity+migrating",0.026,NA,NA,NA,NA
0.351662800074095,0.396904775187314,0.212,0.183,1,"THAP1","mature","identity+migrating",0.029,NA,NA,NA,NA
0.352000048115996,0.350676110597995,0.212,0.183,1,"HAUS3","mature","identity+migrating",0.029,NA,NA,NA,NA
0.355752298133244,0.357837095623798,0.187,0.155,1,"NRSN2","mature","identity+migrating",0.032,NA,NA,NA,NA
0.356788492543464,0.260608351744748,0.146,0.12,1,"TMEM74","mature","identity+migrating",0.026,NA,NA,NA,NA
0.35957340188571,0.298093796645042,0.187,0.157,1,"SNHG9","mature","identity+migrating",0.03,NA,NA,NA,NA
0.359985376462704,0.276175435043668,0.202,0.17,1,"KCTD3","mature","identity+migrating",0.032,NA,NA,NA,NA
0.360192378040097,0.602952463169863,0.116,0.094,1,"ZNF568","mature","identity+migrating",0.022,NA,NA,NA,NA
0.36453662253619,0.283902213934204,0.197,0.166,1,"MLH1","mature","identity+migrating",0.031,NA,NA,NA,NA
0.366137476049455,0.280546394986902,0.187,0.157,1,"TMEM248","mature","identity+migrating",0.03,NA,NA,NA,NA
0.368637075093081,0.325344407739195,0.177,0.148,1,"MDP1","mature","identity+migrating",0.029,NA,NA,NA,NA
0.368774402286435,0.352597345878274,0.106,0.083,1,"AC004982.2","mature","identity+migrating",0.023,NA,NA,NA,NA
0.369836652485477,0.283813160733224,0.101,0.078,1,"SLC20A2","mature","identity+migrating",0.023,NA,NA,NA,NA
0.370858979140014,0.381968277690298,0.111,0.089,1,"ZBTB40","mature","identity+migrating",0.022,NA,NA,NA,NA
0.371141398116196,0.284553054168627,0.182,0.157,1,"PRKAA1","mature","identity+migrating",0.025,NA,NA,NA,NA
0.371306883727089,0.259407081005764,0.237,0.205,1,"S100PBP","mature","identity+migrating",0.032,NA,NA,NA,NA
0.37213687299985,0.278914126289669,0.369,0.331,1,"DNAJC9","mature","identity+migrating",0.038,NA,NA,NA,NA
0.372217768953955,0.515772271856938,0.101,0.081,1,"DNAJC25","mature","identity+migrating",0.02,NA,NA,NA,NA
0.374799795822038,0.475548419261728,0.116,0.094,1,"ABCB8","mature","identity+migrating",0.022,NA,NA,NA,NA
0.375065430765154,0.286144217099817,0.167,0.137,1,"UBAP1","mature","identity+migrating",0.03,NA,NA,NA,NA
0.375922602415376,0.250905621475926,0.348,0.314,1,"ESCO1","mature","identity+migrating",0.034,NA,NA,NA,NA
0.376313292462682,0.297525524325058,0.359,0.327,1,"EEA1","mature","identity+migrating",0.032,NA,NA,NA,NA
0.377691696136246,0.276989306104404,0.152,0.124,1,"DCAF6","mature","identity+migrating",0.028,NA,NA,NA,NA
0.382631415150845,0.359000187942248,0.101,0.081,1,"ZNF777","mature","identity+migrating",0.02,NA,NA,NA,NA
0.383897077321692,0.275697427527508,0.182,0.157,1,"ITCH","mature","identity+migrating",0.025,NA,NA,NA,NA
0.384266507497137,0.271490708868439,0.121,0.098,1,"LZTS2","mature","identity+migrating",0.023,NA,NA,NA,NA
0.384919076609071,0.546111700884166,0.141,0.12,1,"SETDB2","mature","identity+migrating",0.021,NA,NA,NA,NA
0.386268921045905,0.268355611477155,0.278,0.244,1,"MAP3K2","mature","identity+migrating",0.034,NA,NA,NA,NA
0.38872973051834,0.29835638299733,0.177,0.15,1,"FOXRED1","mature","identity+migrating",0.027,NA,NA,NA,NA
0.389252941239131,0.280144808737631,0.253,0.227,1,"KIAA0355","mature","identity+migrating",0.026,NA,NA,NA,NA
0.390497411784803,0.328342473413119,0.126,0.102,1,"AP006621.3","mature","identity+migrating",0.024,NA,NA,NA,NA
0.391498304366104,0.303110752849394,0.263,0.229,1,"DYNC1I1","mature","identity+migrating",0.034,NA,NA,NA,NA
0.391841578290948,0.350574675969518,0.111,0.089,1,"GRWD1","mature","identity+migrating",0.022,NA,NA,NA,NA
0.392952562833595,0.307146942208659,0.288,0.259,1,"INTS11","mature","identity+migrating",0.029,NA,NA,NA,NA
0.395824027819886,0.279566582062119,0.288,0.259,1,"TBCE","mature","identity+migrating",0.029,NA,NA,NA,NA
0.39596072028338,0.376858968485929,0.162,0.137,1,"MAVS","mature","identity+migrating",0.025,NA,NA,NA,NA
0.396152580455545,0.319837907477763,0.247,0.218,1,"AC007388.1","mature","identity+migrating",0.029,NA,NA,NA,NA
0.397977097100494,0.526738549135048,0.101,0.083,1,"CU638689.4","mature","identity+migrating",0.018,NA,NA,NA,NA
0.404308370834022,0.469940488568943,0.182,0.157,1,"ZADH2","mature","identity+migrating",0.025,NA,NA,NA,NA
0.404613970882962,0.308742290590132,0.222,0.198,1,"PSME3","mature","identity+migrating",0.024,NA,NA,NA,NA
0.406025720269434,0.375977962134679,0.126,0.105,1,"CHFR","mature","identity+migrating",0.021,NA,NA,NA,NA
0.409354424606637,0.273637859570539,0.379,0.353,1,"PINK1","mature","identity+migrating",0.026,NA,NA,NA,NA
0.409786940737075,0.331587392316587,0.106,0.085,1,"CENPS","mature","identity+migrating",0.021,NA,NA,NA,NA
0.409939726382013,0.278294844369476,0.172,0.146,1,"PPP1R16A","mature","identity+migrating",0.026,NA,NA,NA,NA
0.410098387257163,0.328219062303031,0.152,0.126,1,"TRMT5","mature","identity+migrating",0.026,NA,NA,NA,NA
0.41147420259216,0.374804286842805,0.212,0.19,1,"UBE2O","mature","identity+migrating",0.022,NA,NA,NA,NA
0.413117078269121,0.498217573895946,0.141,0.12,1,"COASY","mature","identity+migrating",0.021,NA,NA,NA,NA
0.421407739560939,0.267772673153025,0.212,0.185,1,"PPP5C","mature","identity+migrating",0.027,NA,NA,NA,NA
0.426676638703447,0.256765766329412,0.187,0.163,1,"SNX29","mature","identity+migrating",0.024,NA,NA,NA,NA
0.432014103907036,0.393346747836175,0.126,0.105,1,"TRMU","mature","identity+migrating",0.021,NA,NA,NA,NA
0.433007610890439,0.365909358514531,0.146,0.126,1,"VPS39","mature","identity+migrating",0.02,NA,NA,NA,NA
0.435130318521983,0.292298394029883,0.333,0.305,1,"CLPTM1L","mature","identity+migrating",0.028,NA,NA,NA,NA
0.441222807625665,0.276191112654149,0.111,0.092,1,"SPIRE2","mature","identity+migrating",0.019,NA,NA,NA,NA
0.442034154119887,0.330754310212886,0.192,0.168,1,"STK39","mature","identity+migrating",0.024,NA,NA,NA,NA
0.442075903134504,0.440639097678818,0.131,0.111,1,"ATF1","mature","identity+migrating",0.02,NA,NA,NA,NA
0.444832606996019,0.317239332744149,0.182,0.159,1,"GLMN","mature","identity+migrating",0.023,NA,NA,NA,NA
0.451620562209799,0.310363415040269,0.111,0.092,1,"AKT1S1","mature","identity+migrating",0.019,NA,NA,NA,NA
0.453058676172451,0.322965663805126,0.207,0.181,1,"SRP68","mature","identity+migrating",0.026,NA,NA,NA,NA
0.456243997490058,0.801189748036064,0.116,0.1,1,"CCDC171","mature","identity+migrating",0.016,NA,NA,NA,NA
0.459960446152292,0.270926896611966,0.303,0.283,1,"NFYC","mature","identity+migrating",0.02,NA,NA,NA,NA
0.461068297773006,0.299279999624245,0.172,0.148,1,"UMPS","mature","identity+migrating",0.024,NA,NA,NA,NA
0.461420368677124,0.3074406033645,0.263,0.237,1,"MBD2","mature","identity+migrating",0.026,NA,NA,NA,NA
0.462226375413777,0.253747062473462,0.409,0.379,1,"RUNDC3B","mature","identity+migrating",0.03,NA,NA,NA,NA
0.463210824717845,0.283336585741235,0.116,0.096,1,"CDH8","mature","identity+migrating",0.02,NA,NA,NA,NA
0.465278704601893,0.48681183544805,0.126,0.109,1,"EXOC3-AS1","mature","identity+migrating",0.017,NA,NA,NA,NA
0.466181595953288,0.479538236002023,0.106,0.087,1,"TTN","mature","identity+migrating",0.019,NA,NA,NA,NA
0.467860431357858,0.28193114525072,0.136,0.115,1,"ADIPOR2","mature","identity+migrating",0.021,NA,NA,NA,NA
0.467983649846505,0.392346163824408,0.116,0.098,1,"ST5","mature","identity+migrating",0.018,NA,NA,NA,NA
0.471375535581066,0.277679619806632,0.242,0.216,1,"VPS33A","mature","identity+migrating",0.026,NA,NA,NA,NA
0.472843896862258,0.466545832357415,0.162,0.139,1,"PITPNC1","mature","identity+migrating",0.023,NA,NA,NA,NA
0.4743988946053,0.318458928283885,0.126,0.107,1,"NCKAP5L","mature","identity+migrating",0.019,NA,NA,NA,NA
0.474955522399517,0.52719735634294,0.121,0.102,1,"ERCC2","mature","identity+migrating",0.019,NA,NA,NA,NA
0.477912612521231,0.336703610932465,0.116,0.098,1,"RNF123","mature","identity+migrating",0.018,NA,NA,NA,NA
0.47907594081131,0.302538656612501,0.121,0.102,1,"TACC1","mature","identity+migrating",0.019,NA,NA,NA,NA
0.479946643164721,0.338253638347236,0.152,0.131,1,"CSK","mature","identity+migrating",0.021,NA,NA,NA,NA
0.482349431041693,0.43256638689427,0.111,0.094,1,"WDR37","mature","identity+migrating",0.017,NA,NA,NA,NA
0.485114478087427,0.428175589958248,0.146,0.129,1,"CAMK2A","mature","identity+migrating",0.017,NA,NA,NA,NA
0.486431674587417,0.306775643694152,0.136,0.115,1,"ABHD17C","mature","identity+migrating",0.021,NA,NA,NA,NA
0.49057360609687,0.276494586158329,0.263,0.244,1,"FAM172A","mature","identity+migrating",0.019,NA,NA,NA,NA
0.496037451929831,0.274099561160142,0.182,0.159,1,"ZNF814","mature","identity+migrating",0.023,NA,NA,NA,NA
0.499197076011523,0.258753805562701,0.187,0.17,1,"NPC2","mature","identity+migrating",0.017,NA,NA,NA,NA
0.50058915178838,0.27560974450964,0.111,0.094,1,"SPATA17","mature","identity+migrating",0.017,NA,NA,NA,NA
0.50492998004383,0.293875424592959,0.116,0.1,1,"S100A13","mature","identity+migrating",0.016,NA,NA,NA,NA
0.512985490978249,0.33306374603103,0.152,0.133,1,"HSPA1B","mature","identity+migrating",0.019,NA,NA,NA,NA
0.51361721591713,0.288771096990461,0.167,0.15,1,"SLC35G2","mature","identity+migrating",0.017,NA,NA,NA,NA
0.518078583120235,0.317040902370783,0.172,0.15,1,"EIPR1","mature","identity+migrating",0.022,NA,NA,NA,NA
0.518083472025874,0.265547879638234,0.101,0.085,1,"NAB1","mature","identity+migrating",0.016,NA,NA,NA,NA
0.52374581818338,0.256872618301008,0.232,0.211,1,"AL049840.1","mature","identity+migrating",0.021,NA,NA,NA,NA
0.528966360541199,0.251106618562101,0.131,0.113,1,"COQ3","mature","identity+migrating",0.018,NA,NA,NA,NA
0.539630830372808,0.307243470675996,0.141,0.124,1,"AGBL5","mature","identity+migrating",0.017,NA,NA,NA,NA
0.540184434132419,0.544612950279543,0.106,0.094,1,"TYW3","mature","identity+migrating",0.012,NA,NA,NA,NA
0.544045276294715,0.265810504459186,0.111,0.096,1,"AMOTL1","mature","identity+migrating",0.015,NA,NA,NA,NA
0.554989509688781,0.331728477101733,0.101,0.087,1,"TMEM187","mature","identity+migrating",0.014,NA,NA,NA,NA
0.556314773189227,0.301023638690472,0.227,0.209,1,"MSANTD2","mature","identity+migrating",0.018,NA,NA,NA,NA
0.557342792490111,0.283159296112398,0.237,0.224,1,"DIP2C","mature","identity+migrating",0.013,NA,NA,NA,NA
0.569735329277059,0.279197717425693,0.167,0.153,1,"FAM8A1","mature","identity+migrating",0.014,NA,NA,NA,NA
0.575891354290818,0.345009288017517,0.162,0.148,1,"RPP14","mature","identity+migrating",0.014,NA,NA,NA,NA
0.576851435325036,0.286598592515659,0.152,0.137,1,"LINC00467","mature","identity+migrating",0.015,NA,NA,NA,NA
0.577114543114831,0.264481637797226,0.162,0.148,1,"TPP2","mature","identity+migrating",0.014,NA,NA,NA,NA
0.578620269218578,0.264404146567668,0.333,0.325,1,"ZNF518A","mature","identity+migrating",0.00800000000000001,NA,NA,NA,NA
0.588431823951427,0.327775488742629,0.152,0.139,1,"PGBD5","mature","identity+migrating",0.013,NA,NA,NA,NA
0.591353643721186,0.259914959828158,0.197,0.176,1,"ZDHHC18","mature","identity+migrating",0.021,NA,NA,NA,NA
0.592172906168727,0.260372702868052,0.192,0.176,1,"SPTLC2","mature","identity+migrating",0.016,NA,NA,NA,NA
0.594767427368568,0.320879122104703,0.141,0.126,1,"PLXNB1","mature","identity+migrating",0.015,NA,NA,NA,NA
0.605567433904826,0.396563443944467,0.167,0.153,1,"LPCAT1","mature","identity+migrating",0.014,NA,NA,NA,NA
0.607266284003826,0.342917998803502,0.141,0.126,1,"CACNB1","mature","identity+migrating",0.015,NA,NA,NA,NA
0.616161017281276,0.306179897193591,0.157,0.142,1,"ZFP69B","mature","identity+migrating",0.015,NA,NA,NA,NA
0.61917686711638,0.304370442095953,0.152,0.137,1,"PANX1","mature","identity+migrating",0.015,NA,NA,NA,NA
0.62572444305615,0.281714743479599,0.222,0.207,1,"WDFY3","mature","identity+migrating",0.015,NA,NA,NA,NA
0.630482962976948,0.340101334237042,0.157,0.146,1,"AADAT","mature","identity+migrating",0.011,NA,NA,NA,NA
0.633524491818575,0.307442067934234,0.136,0.124,1,"PLXNA2","mature","identity+migrating",0.012,NA,NA,NA,NA
0.637422541493339,0.26788196938911,0.116,0.105,1,"MAP3K1","mature","identity+migrating",0.011,NA,NA,NA,NA
0.646408116207391,0.303407072196102,0.146,0.135,1,"SSSCA1","mature","identity+migrating",0.011,NA,NA,NA,NA
0.648999040441396,0.25672196787762,0.136,0.124,1,"TRIM16","mature","identity+migrating",0.012,NA,NA,NA,NA
0.659150787244319,0.308947295624454,0.126,0.113,1,"DNAJC6","mature","identity+migrating",0.013,NA,NA,NA,NA
0.677565567010652,0.252017299477268,0.318,0.307,1,"LASP1","mature","identity+migrating",0.011,NA,NA,NA,NA
0.682564233938759,0.316159865990634,0.162,0.15,1,"ADCY6","mature","identity+migrating",0.012,NA,NA,NA,NA
0.696046170921495,0.28974626368427,0.167,0.159,1,"IVD","mature","identity+migrating",0.00800000000000001,NA,NA,NA,NA
0.697683779319684,0.338727933388574,0.131,0.124,1,"SLC41A2","mature","identity+migrating",0.00700000000000001,NA,NA,NA,NA
0.72774108757985,0.365693077465624,0.126,0.118,1,"DNPH1","mature","identity+migrating",0.00800000000000001,NA,NA,NA,NA
0.747754212746806,0.354024311491127,0.106,0.098,1,"FRS3","mature","identity+migrating",0.00799999999999999,NA,NA,NA,NA
0.772130239421773,0.383048721533901,0.106,0.1,1,"PIM1","mature","identity+migrating",0.00599999999999999,NA,NA,NA,NA
0.773690232082,0.484831233932625,0.121,0.113,1,"SLC41A3","mature","identity+migrating",0.00799999999999999,NA,NA,NA,NA
0.777851258929574,0.406531883030517,0.131,0.124,1,"DBR1","mature","identity+migrating",0.00700000000000001,NA,NA,NA,NA
0.783558140103961,0.359452397088602,0.293,0.285,1,"HDHD2","mature","identity+migrating",0.00800000000000001,NA,NA,NA,NA
0.825136078909492,0.325368020171152,0.121,0.115,1,"ZNF768","mature","identity+migrating",0.00599999999999999,NA,NA,NA,NA
0.826110897089177,0.295966253311274,0.131,0.129,1,"ANKRD6","mature","identity+migrating",0.002,NA,NA,NA,NA
0.859798059870143,0.310570622656347,0.157,0.155,1,"NINL","mature","identity+migrating",0.002,NA,NA,NA,NA
0.881546395789092,0.286490114713473,0.106,0.105,1,"AC007405.3","mature","identity+migrating",0.001,NA,NA,NA,NA
0.902370609729214,0.288757166546119,0.131,0.131,1,"AC093673.1","mature","identity+migrating",0,NA,NA,NA,NA
0.941224499954511,0.308674369352955,0.126,0.124,1,"GUCY1B1","mature","identity+migrating",0.002,NA,NA,NA,NA
0.972003572422244,0.304517535765245,0.121,0.122,1,"ZMAT1","mature","identity+migrating",-0.001,NA,NA,NA,NA
